code,description
A0021,Outside state ambulance serv
A0080,Noninterest escort in non er
A0090,Interest escort in non er
A0100,Nonemergency transport taxi
A0110,Nonemergency transport bus
A0120,Noner transport mini-bus
A0130,Noner transport wheelch van
A0140,Nonemergency transport air
A0160,Noner transport case worker
A0170,Transport parking fees/tolls
A0180,Noner transport lodgng recip
A0190,Noner transport meals recip
A0200,Noner transport lodgng escrt
A0210,Noner transport meals escort
A0225,Neonatal emergency transport
A0380,Basic life support mileage
A0382,Basic support routine suppls
A0384,Bls defibrillation supplies
A0390,Advanced life support mileag
A0392,Als defibrillation supplies
A0394,Als iv drug therapy supplies
A0396,Als esophageal intub suppls
A0398,Als routine disposble suppls
A0420,Ambulance waiting 1/2 hr
A0422,Ambulance 02 life sustaining
A0424,Extra ambulance attendant
A0425,Ground mileage
A0426,Als 1
A0427,Als1-emergency
A0428,Bls
A0429,Bls-emergency
A0430,Fixed wing air transport
A0431,Rotary wing air transport
A0432,Pi volunteer ambulance co
A0433,Als 2
A0434,Specialty care transport
A0435,Fixed wing air mileage
A0436,Rotary wing air mileage
A0888,Noncovered ambulance mileage
A0998,Ambulance response/treatment
A0999,Unlisted ambulance service
A2001,"Innovamatrix ac, per sq cm"
A2002,Mirragen adv wnd mat per sq
A2004,"Xcellistem, 1 mg"
A2005,"Microlyte matrix, per sq cm"
A2006,Novosorb synpath per sq cm
A2007,"Restrata, per sq cm"
A2008,"Theragenesis, per sq cm"
A2009,"Symphony, per sq cm"
A2010,"Apis, per square centimeter"
A2011,"Supra sdrm, per sq cm"
A2012,"Suprathel, per sq cm"
A2013,"Innovamatrix fs, per sq cm"
A2014,Omeza collag compl 100 mg
A2015,"Phoenix wnd mtrx, per sq cm"
A2016,"Permeaderm b, per sq cm"
A2017,"Permeaderm glove, each"
A2018,"Permeaderm c, per sq cm"
A2019,Kerecis marigen shld sq cm
A2020,Ac5 wound system
A2021,Neomatrix per sq cm
A2022,Innovabrn/innovamatx xl sqcm
A2023,"Innovamatrix pd, 1 mg"
A2024,Resolve or xenopatch sq cm
A2025,Miro3d per cubic cm
A2026,"Restrata minimatrix, 5 mg"
A2027,Matriderm per sq cm
A2028,Micromatrix flex per mg
A2029,Mirotract matrix sheet
A2030,"Miro3d fibers, per mg"
A2031,"Mirodry, per sq cm"
A2032,"Myriad matrix, per sq cm"
A2033,"Myriad morcells, 4 mg"
A2034,"Found drs solo, per sq cm"
A2035,Corpl p therac p allac p mg
A2036,Cohealyx col dml mx pr sq cm
A2037,"G4derm plus/suprello, pr ml"
A2038,"Marigen pacto, per sq cm"
A2039,"Innovamatrix fd, per sq cm"
A2040,Microlyte painguard pr sq cm
A2041,Foundation drs+ duo pr sq cm
A2042,"Foundation drs+ solo, sq cm"
A2043,"Biobrane, per sq cm"
A2044,"Biobrane glove, each"
A2045,Novashield/novogen pr sq cm
A4100,"Non-sheet form skin substitute, fda cleared as a device, not otherwise specified (list in addition to primary procedure)"
A4206,1 cc sterile syringe&needle
A4207,2 cc sterile syringe&needle
A4208,3 cc sterile syringe&needle
A4209,5+ cc sterile syringe&needle
A4210,Nonneedle injection device
A4211,Supp for self-adm injections
A4212,Non coring needle or stylet
A4213,20+ cc syringe only
A4215,Sterile needle
A4216,"Sterile water/saline, 10 ml"
A4217,"Sterile water/saline, 500 ml"
A4218,Sterile saline or water
A4220,Infusion pump refill kit
A4221,Supp non-insulin inf cath/wk
A4222,Infusion supplies with pump
A4223,Infusion supplies w/o pump
A4224,Supply insulin inf cath/wk
A4225,Sup/ext insulin inf pump syr
A4226,Weekly supply maint cgs pump
A4230,Infus insulin pump non needl
A4231,Infusion insulin pump needle
A4232,Syringe w/needle insulin 3cc
A4233,Alkalin batt for glucose mon
A4234,J-cell batt for glucose mon
A4235,Lithium batt for glucose mon
A4236,Silvr oxide batt glucose mon
A4238,Adju cgm supply allowance
A4239,Non-adju cgm supply allow
A4244,Alcohol or peroxide per pint
A4245,Alcohol wipes per box
A4246,Betadine/phisohex solution
A4247,Betadine/iodine swabs/wipes
A4248,Chlorhexidine antisept
A4250,Urine reagent strips/tablets
A4252,Blood ketone test or strip
A4253,Blood glucose/reagent strips
A4255,Glucose monitor platforms
A4256,Calibrator solution/chips
A4257,Replace lensshield cartridge
A4258,Lancet device each
A4259,Lancets per box
A4261,Cervical cap contraceptive
A4262,Temporary tear duct plug
A4263,Permanent tear duct plug
A4264,Intratubal occlusion device
A4265,Paraffin
A4266,Diaphragm
A4267,Male condom
A4268,Female condom
A4269,Spermicide
A4270,Disposable endoscope sheath
A4271,Home lancing/test cartridges
A4280,Brst prsths adhsv attchmnt
A4281,Replacement breastpump tube
A4282,Replacement breastpump adpt
A4283,Replacement breastpump cap
A4284,Replcmnt breast pump shield
A4285,Replcmnt breast pump bottle
A4286,Replcmnt breastpump lok ring
A4287,Disp col sto bag breast milk
A4288,Replacement breastpump valve
A4290,Sacral nerve stim test lead
A4295,Straigh tip hydrophilic cath
A4296,Coude tip hydrophilic cath
A4297,Hydrophilic coat insert sup
A4300,Cath impl vasc access portal
A4301,Implantable access syst perc
A4305,Drug delivery system >=50 ml
A4306,Drug delivery system <=50 ml
A4310,Insert tray w/o bag/cath
A4311,Catheter w/o bag 2-way latex
A4312,Cath w/o bag 2-way silicone
A4313,Catheter w/bag 3-way
A4314,Cath w/drainage 2-way latex
A4315,Cath w/drainage 2-way silcne
A4316,Cath w/drainage 3-way
A4318,Fem urinary cup w/wo attch
A4320,Irrigation tray
A4321,Cath therapeutic irrig agent
A4322,Irrigation syringe
A4326,Male external catheter
A4327,Fem urinary collect dev cup
A4328,Fem urinary collect pouch
A4330,Stool collection pouch
A4331,Extension drainage tubing
A4332,Lube sterile packet
A4333,Urinary cath anchor device
A4334,Urinary cath leg strap
A4335,Incontinence supply; miscellaneous
A4336,Urethral insert
A4337,Incontinent rectal insert
A4338,Indwelling catheter latex
A4340,Indwelling catheter special
A4341,Iduc valve pat inst repl
A4342,Iduc valve sply repl
A4344,Cath indw foley 2 way silicn
A4346,Cath indw foley 3 way
A4349,Disposable male external cat
A4351,Straight tip urine catheter
A4352,Coude tip urinary catheter
A4353,Intermittent urinary cath
A4354,Cath insertion tray w/bag
A4355,Bladder irrigation tubing
A4356,Ext ureth clmp or compr dvc
A4357,Bedside drainage bag
A4358,Urinary leg or abdomen bag
A4360,Disposable ext urethral dev
A4361,Ostomy face plate
A4362,Solid skin barrier
A4363,"Ostomy clamp, replacement"
A4364,"Adhesive, liquid or equal"
A4366,Ostomy vent
A4367,Ostomy belt
A4368,Ostomy filter
A4369,Skin barrier liquid per oz
A4371,Skin barrier powder per oz
A4372,Skin barrier solid 4x4 equiv
A4373,Skin barrier with flange
A4375,Drainable plastic pch w fcpl
A4376,Drainable rubber pch w fcplt
A4377,Drainable plstic pch w/o fp
A4378,Drainable rubber pch w/o fp
A4379,Urinary plastic pouch w fcpl
A4380,Urinary rubber pouch w fcplt
A4381,Urinary plastic pouch w/o fp
A4382,Urinary hvy plstc pch w/o fp
A4383,Urinary rubber pouch w/o fp
A4384,Ostomy faceplt/silicone ring
A4385,Ost skn barrier sld ext wear
A4387,Ost clsd pouch w att st barr
A4388,Drainable pch w ex wear barr
A4389,Drainable pch w st wear barr
A4390,Drainable pch ex wear convex
A4391,Urinary pouch w ex wear barr
A4392,Urinary pouch w st wear barr
A4393,Urine pch w ex wear bar conv
A4394,Ostomy pouch liq deodorant
A4395,Ostomy pouch solid deodorant
A4396,Peristomal hernia supprt blt
A4397,Irrigation supply sleeve
A4398,Ostomy irrigation bag
A4399,Ostomy irrig cone/cath w brs
A4400,Ostomy irrigation set
A4402,Lubricant per ounce
A4404,Ostomy ring each
A4405,Nonpectin based ostomy paste
A4406,Pectin based ostomy paste
A4407,"Ext wear ost skn barr <=4sq"""
A4408,"Ext wear ost skn barr >4sq"""
A4409,Ost skn barr convex <=4 sq i
A4410,Ost skn barr extnd >4 sq
A4411,Ost skn barr extnd =4sq
A4412,Ost pouch drain high output
A4413,2 pc drainable ost pouch
A4414,Ost sknbar w/o conv<=4 sq in
A4415,Ost skn barr w/o conv >4 sqi
A4416,Ost pch clsd w barrier/filtr
A4417,Ost pch w bar/bltinconv/fltr
A4418,Ost pch clsd w/o bar w filtr
A4419,Ost pch for bar w flange/flt
A4420,Ost pch clsd for bar w lk fl
A4421,Ostomy supply; miscellaneous
A4422,Ost pouch absorbent material
A4423,Ost pch for bar w lk fl/fltr
A4424,Ost pch drain w bar & filter
A4425,Ost pch drain for barrier fl
A4426,Ost pch drain 2 piece system
A4427,Ost pch drain/barr lk flng/f
A4428,Urine ost pouch w faucet/tap
A4429,Urine ost pouch w bltinconv
A4430,Ost urine pch w b/bltin conv
A4431,Ost pch urine w barrier/tapv
A4432,Os pch urine w bar/fange/tap
A4433,Urine ost pch bar w lock fln
A4434,Ost pch urine w lock flng/ft
A4435,1pc ost pch drain hgh output
A4436,Irr supply sleev reus per mo
A4437,Irr supply sleev disp per mo
A4438,Adhesive clip ext ens contr
A4450,Non-waterproof tape
A4452,Waterproof tape
A4453,"Rec cath any transanal, each"
A4455,Adhesive remover per ounce
A4456,"Adhesive remover, wipes"
A4457,Enema tube any type repl
A4458,Reusable enema bag
A4459,"Transanal irrigation, manual"
A4461,Surgicl dress hold non-reuse
A4463,Surgical dress holder reuse
A4465,Non-elastic extremity binder
A4466,Elastic garment/covering
A4467,Belt strap sleev grmnt cover
A4468,Exsuff belt incl all sup acc
A4470,Gravlee jet washer
A4479,"Transanal irrigation, electr"
A4480,Vabra aspirator
A4481,Tracheostoma filter
A4483,Moisture exchanger
A4490,Above knee surgical stocking
A4495,Thigh length surg stocking
A4500,Below knee surgical stocking
A4510,Full length surg stocking
A4520,Incontinence garment anytype
A4540,Trans elec nerv periph nerv
A4541,Monthly supp use with e0733
A4542,Supp ext up limb tremor stim
A4543,Supply trans elec nerve stim
A4544,Electro nerve stimulator rls
A4545,Suppl accessor tibial stim
A4550,Surgical trays
A4553,"Nondisp underpads, all sizes"
A4554,Disposable underpads
A4555,Ca tx e-stim electr/transduc
A4556,"Electrodes, pair"
A4557,"Lead wires, pair"
A4558,Conductive gel or paste
A4559,Coupling gel or paste
A4560,Nmes disposable
A4561,Pessary reusable rub anytype
A4562,Pessary reusable nonrubber
A4563,Vag inser rectal control sys
A4564,"Pessary, disposable any type"
A4565,Slings
A4566,Should sling/vest/abrestrain
A4570,Splint
A4575,Hyperbaric o2 chamber disps
A4580,Cast supplies (plaster)
A4590,Special casting material
A4593,Neuromod sti sys adj rehab
A4594,Neuromod adj rehab mouthpie
A4595,Tens suppl 2 lead per month
A4596,Ces system monthly supp
A4600,"Sleeve, inter limb comp dev"
A4601,Lith ion non prosth recharge
A4602,Replace lithium battery 1.5v
A4604,Tubing with heating element
A4605,Trach suction cath close sys
A4606,Oxygen probe used w oximeter
A4608,Transtracheal oxygen cath
A4611,Heavy duty battery
A4612,Battery cables
A4613,Battery charger
A4614,Hand-held pefr meter
A4615,Cannula nasal
A4616,Tubing (oxygen) per foot
A4617,Mouth piece
A4618,Breathing circuits
A4619,Face tent
A4620,Variable concentration mask
A4623,Tracheostomy inner cannula
A4624,Tracheal suction tube
A4625,Trach care kit for new trach
A4626,Tracheostomy cleaning brush
A4627,Spacer bag/reservoir
A4628,Oropharyngeal suction cath
A4629,Tracheostomy care kit
A4630,Repl bat t.e.n.s. own by pt
A4633,Uvl replacement bulb
A4634,Replacement bulb th lightbox
A4635,Underarm crutch pad
A4636,Handgrip for cane etc
A4637,Repl tip cane/crutch/walker
A4638,Repl batt pulse gen sys
A4639,Infrared ht sys replcmnt pad
A4640,Alternating pressure pad
A4641,"Radiopharmaceutical, diagnostic, not otherwise classified"
A4642,In111 satumomab
A4648,Implantable tissue marker
A4649,Surgical supply; miscellaneous
A4650,Implant radiation dosimeter
A4651,Calibrated microcap tube
A4652,Microcapillary tube sealant
A4653,Pd catheter anchor belt
A4657,Syringe w/wo needle
A4660,Sphyg/bp app w cuff and stet
A4663,Dialysis blood pressure cuff
A4670,"Automatic bp monitor, dial"
A4671,Disposable cycler set
A4672,"Drainage ext line, dialysis"
A4673,Ext line w easy lock connect
A4674,"Chem/antisept solution, 8oz"
A4680,"Activated carbon filter, ea"
A4690,"Dialyzer, each"
A4706,Bicarbonate conc sol per gal
A4707,Bicarbonate conc pow per pac
A4708,Acetate conc sol per gallon
A4709,Acid conc sol per gallon
A4714,Treated water per gallon
A4719,"""y set"" tubing"
A4720,Dialysat sol fld vol > 249cc
A4721,Dialysat sol fld vol > 999cc
A4722,Dialys sol fld vol > 1999cc
A4723,Dialys sol fld vol > 2999cc
A4724,Dialys sol fld vol > 3999cc
A4725,Dialys sol fld vol > 4999cc
A4726,Dialys sol fld vol > 5999cc
A4728,"Dialysate solution, non-dex"
A4730,"Fistula cannulation set, ea"
A4736,"Topical anesthetic, per gram"
A4737,Inj anesthetic per 10 ml
A4740,Shunt accessory
A4750,Art or venous blood tubing
A4755,Comb art/venous blood tubing
A4760,"Dialysate sol test kit, each"
A4765,Dialysate conc pow per pack
A4766,Dialysate conc sol add 10 ml
A4770,Blood collection tube/vacuum
A4771,Serum clotting time tube
A4772,Blood glucose test strips
A4773,Occult blood test strips
A4774,Ammonia test strips
A4802,Protamine sulfate per 50 mg
A4860,Disposable catheter tips
A4870,Plumb/elec wk hm hemo equip
A4890,Repair/maint cont hemo equip
A4911,Drain bag/bottle
A4913,"Miscellaneous dialysis supplies, not otherwise specified"
A4918,Venous pressure clamp
A4927,Non-sterile gloves
A4928,Surgical mask
A4929,"Tourniquet for dialysis, ea"
A4930,"Sterile, gloves per pair"
A4931,Reusable oral thermometer
A4932,Reusable rectal thermometer
A5051,Pouch clsd w barr attached
A5052,Clsd ostomy pouch w/o barr
A5053,Clsd ostomy pouch faceplate
A5054,Clsd ostomy pouch w/flange
A5055,Stoma cap
A5056,1 pc ost pouch w filter
A5057,1 pc ost pou w built-in conv
A5061,Pouch drainable w barrier at
A5062,Drnble ostomy pouch w/o barr
A5063,Drain ostomy pouch w/flange
A5071,Urinary pouch w/barrier
A5072,Urinary pouch w/o barrier
A5073,Urinary pouch on barr w/flng
A5081,"Stoma plug or seal, any type"
A5082,Continent stoma catheter
A5083,Stoma absorptive cover
A5093,Ostomy accessory convex inse
A5102,Bedside drain btl w/wo tube
A5105,Urinary suspensory
A5112,Urinary leg bag
A5113,Latex leg strap
A5114,Foam/fabric leg strap
A5120,"Skin barrier, wipe or swab"
A5121,Solid skin barrier 6x6
A5122,Solid skin barrier 8x8
A5126,Disk/foam pad +or- adhesive
A5131,Appliance cleaner
A5200,Percutaneous catheter anchor
A5500,Diab shoe for density insert
A5501,Diabetic custom molded shoe
A5503,Diabetic shoe w/roller/rockr
A5504,Diabetic shoe with wedge
A5505,Diab shoe w/metatarsal bar
A5506,Diabetic shoe w/off set heel
A5507,"For diabetics only, not otherwise specified modification (including fitting) of off-the-shelf depth-inlay shoe or custom-molded shoe, per shoe"
A5508,Diabetic deluxe shoe
A5510,Compression form shoe insert
A5512,Multi den insert direct form
A5513,Multi den insert custom mold
A5514,Mult den insert dir carv/cam
A6000,Wound warming wound cover
A6010,Collagen based wound filler
A6011,Collagen gel/paste wound fil
A6021,Collagen dressing <=16 sq in
A6022,Collagen drsg>16<=48 sq in
A6023,Collagen dressing >48 sq in
A6024,Collagen dsg wound filler
A6025,"Silicone gel sheet, each"
A6154,Wound pouch each
A6196,Alginate dressing <=16 sq in
A6197,Alginate drsg >16 <=48 sq in
A6198,Alginate dressing > 48 sq in
A6199,Alginate drsg wound filler
A6203,Composite drsg <= 16 sq in
A6204,Composite drsg >16<=48 sq in
A6205,Composite drsg > 48 sq in
A6206,Contact layer <= 16 sq in
A6207,Contact layer >16<= 48 sq in
A6208,Contact layer > 48 sq in
A6209,Foam drsg <=16 sq in w/o bdr
A6210,Foam drg >16<=48 sq in w/o b
A6211,Foam drg > 48 sq in w/o brdr
A6212,Foam drg <=16 sq in w/border
A6213,Foam drg >16<=48 sq in w/bdr
A6214,Foam drg > 48 sq in w/border
A6215,Foam dressing wound filler
A6216,Non-sterile gauze<=16 sq in
A6217,Non-sterile gauze>16<=48 sq
A6218,Non-sterile gauze > 48 sq in
A6219,Gauze <= 16 sq in w/border
A6220,Gauze >16 <=48 sq in w/bordr
A6221,Gauze > 48 sq in w/border
A6222,Gauze <=16 in no w/sal w/o b
A6223,Gauze >16<=48 no w/sal w/o b
A6224,Gauze > 48 in no w/sal w/o b
A6228,Gauze <= 16 sq in water/sal
A6229,Gauze >16<=48 sq in watr/sal
A6230,Gauze > 48 sq in water/salne
A6231,Hydrogel dsg<=16 sq in
A6232,Hydrogel dsg>16<=48 sq in
A6233,Hydrogel dressing >48 sq in
A6234,Hydrocolld drg <=16 w/o bdr
A6235,Hydrocolld drg >16<=48 w/o b
A6236,Hydrocolld drg > 48 in w/o b
A6237,Hydrocolld drg <=16 in w/bdr
A6238,Hydrocolld drg >16<=48 w/bdr
A6239,Hydrocolld drg > 48 in w/bdr
A6240,Hydrocolld drg filler paste
A6241,Hydrocolloid drg filler dry
A6242,Hydrogel drg <=16 in w/o bdr
A6243,Hydrogel drg >16<=48 w/o bdr
A6244,Hydrogel drg >48 in w/o bdr
A6245,Hydrogel drg <= 16 in w/bdr
A6246,Hydrogel drg >16<=48 in w/b
A6247,Hydrogel drg > 48 sq in w/b
A6248,Hydrogel drsg gel filler
A6250,Skin seal protect moisturizr
A6251,Absorpt drg <=16 sq in w/o b
A6252,Absorpt drg >16 <=48 w/o bdr
A6253,Absorpt drg > 48 sq in w/o b
A6254,Absorpt drg <=16 sq in w/bdr
A6255,Absorpt drg >16<=48 in w/bdr
A6256,Absorpt drg > 48 sq in w/bdr
A6257,Transparent film <= 16 sq in
A6258,Transparent film >16<=48 in
A6259,Transparent film > 48 sq in
A6260,Wound cleanser any type/size
A6261,"Wound filler, gel/paste, per fluid ounce, not otherwise specified"
A6262,"Wound filler, dry form, per gram, not otherwise specified"
A6266,Impreg gauze no h20/sal/yard
A6402,Sterile gauze <= 16 sq in
A6403,Sterile gauze>16 <= 48 sq in
A6404,Sterile gauze > 48 sq in
A6407,"Packing strips, non-impreg"
A6410,Sterile eye pad
A6411,Non-sterile eye pad
A6412,Occlusive eye patch
A6413,"Adhesive bandage, first-aid"
A6441,"Pad band w>=3"" <5""/yd"
A6442,"Conform band n/s w<3""/yd"
A6443,"Conform band n/s w>=3""<5""/yd"
A6444,"Conform band n/s w>=5""/yd"
A6445,"Conform band s w <3""/yd"
A6446,"Conform band s w>=3"" <5""/yd"
A6447,"Conform band s w >=5""/yd"
A6448,"Lt compres band <3""/yd"
A6449,"Lt compres band >=3"" <5""/yd"
A6450,"Lt compres band >=5""/yd"
A6451,"Mod compres band w>=3""<5""/yd"
A6452,"High compres band w>=3""<5""yd"
A6453,"Self-adher band w <3""/yd"
A6454,"Self-adher band w>=3"" <5""/yd"
A6455,"Self-adher band >=5""/yd"
A6456,"Zinc paste band w >=3""<5""/yd"
A6457,Tubular dressing
A6460,Synthetic drsg <= 16 sq in
A6461,Synthetic drsg >16<=48 sq in
A6501,Compres burngarment bodysuit
A6502,Compres burngarment chinstrp
A6503,Compres burngarment facehood
A6504,Cmprsburngarment glove-wrist
A6505,Cmprsburngarment glove-elbow
A6506,Cmprsburngrmnt glove-axilla
A6507,Cmprs burngarment foot-knee
A6508,Cmprs burngarment foot-thigh
A6509,Compres burn garment jacket
A6510,Compres burn garment leotard
A6511,Compres burn garment panty
A6512,"Compression burn garment, not otherwise classified"
A6513,Compress burn mask face/neck
A6515,Grad com wrap w str fu le cu
A6516,Grad com wrap w strap foo cu
A6517,Grad com wrap w strap bn cus
A6518,Grad com wrap w strap arm cu
A6519,"Gradient compression garment, not otherwise specified, for nighttime use, each"
A6520,G com garmnt glove nghttime
A6521,G com garmnt glove nght cust
A6522,G com garment arm nighttime
A6523,G com garment arm nght custm
A6524,G com garmnt lwr leg/ft nght
A6525,G com garm lwrleg/ft ngt cus
A6526,G com garmt full leg/ft nght
A6527,G garmt full leg/ft nght cus
A6528,G com garment bra nighttime
A6529,G com garmt bra night custm
A6530,Compression stocking bk18-30
A6531,Compress stking bk30-40 surg
A6532,Compress stking bk40-50 surg
A6533,Gc stocking thighlngth 18-30
A6534,Gc stocking thighlngth 30-40
A6535,Gc stocking thighlngth 40+
A6536,Gc stocking full lngth 18-30
A6537,Gc stocking full lngth 30-40
A6538,Gc stocking full lngth 40+
A6539,Gc stocking waistlngth 18-30
A6540,Gc stocking waistlngth 30-40
A6541,Gc stocking waistlngth 40+
A6544,Gc stocking garter belt
A6545,Grad com non-elastic bk surg
A6548,Acces cust grad silic band
A6549,"Gradient compression garment, not otherwise specified"
A6550,Neg pres wound ther drsg set
A6552,Grad com stocking bk 30-40
A6553,G com stcking bk 30-40 custm
A6554,Grad com stocking bk 40+
A6555,G com stcking bk 40+ custm
A6556,G com stcking thgh18-30 cust
A6557,G com stcking thgh30-40 cust
A6558,G com stcking thgh 40+ cust
A6559,G stckng full/chap18-30 cust
A6560,G stckng full/chap30-40 cust
A6561,G stockng full/chap 40+ cust
A6562,G com stckng waist18-30 cust
A6563,G com stckng waist30-40 cust
A6564,G com stckng waist 40+ cust
A6565,Grad comp gauntlet custom
A6566,Grad com garment neck/head
A6567,G com garment neck/head cust
A6568,G com garment torso/shldr
A6569,G com garmnt torso/shdr cust
A6570,Grad com garment genital
A6571,G com garment genital custm
A6572,Grad com garment toe caps
A6573,Grad com garmnt toe cap cust
A6574,Custom gradient sleev/glov
A6575,Gradient comp sleev/glov
A6576,Custom grad com sleeve med
A6577,Custom grad cm sleeve heavy
A6578,Gradient comp sleeve
A6579,Custom grad com glove med
A6580,Custom grad com glove heavy
A6581,Gradient comp glove
A6582,Gradient comp gauntlet
A6583,Grad com wrap w straps bk
A6584,"Gradient compression wrap with adjustable straps, not otherwise specified"
A6585,Grad com wrap w straps ak
A6586,Grad com wrap w strap fu leg
A6587,Grad com wrap w straps foot
A6588,Grad com wrap w strap arm
A6589,Grad com wrap w straps bra
A6590,Urinary cath disp suc pump
A6591,Urinary cath suc pump
A6593,"Accessory for gradient compression garment or wrap with adjustable straps, not-otherwise specified"
A6594,G comp bandge liner lwr extr
A6595,G comp bandge liner upr extr
A6596,G comp bandge conform gauze
A6597,G comp bandage long stretch
A6598,G comp bandage med stretch
A6599,G comp bandage short stretch
A6600,G com bandge hgh dn foam sht
A6601,G com bandge hgh dn foam pad
A6602,G com bandge hgh dn foamroll
A6603,G com bandge low dn foamchnl
A6604,G com bandge low dn foam flt
A6605,G com bandage padded foam
A6606,G com bandage padded textile
A6607,G com bandage tub protct lyr
A6608,G com bandage tub protct pad
A6609,G compression bandaging
A6610,G com stcking bk 18-30 custm
A6611,Grad com wrap w strap ak cus
A7000,Disposable canister for pump
A7001,Nondisposable pump canister
A7002,Tubing used w suction pump
A7003,Nebulizer administration set
A7004,Disposable nebulizer sml vol
A7005,Nondisposable nebulizer set
A7006,Filtered nebulizer admin set
A7007,Lg vol nebulizer disposable
A7008,Disposable nebulizer prefill
A7009,Nebulizer reservoir bottle
A7010,Disposable corrugated tubing
A7011,Nondispos corrugated tubing
A7012,Nebulizer water collec devic
A7013,Disposable compressor filter
A7014,Compressor nondispos filter
A7015,Aerosol mask used w nebulize
A7016,Nebulizer dome & mouthpiece
A7017,Nebulizer not used w oxygen
A7018,Water distilled w/nebulizer
A7020,"Interface, cough stim device"
A7021,Suppl and access lung expan
A7023,Mech allergen parti barrier
A7025,Replace chest compress vest
A7026,Replace chst cmprss sys hose
A7027,Combination oral/nasal mask
A7028,Repl oral cushion combo mask
A7029,Repl nasal pillow comb mask
A7030,Cpap full face mask
A7031,Replacement facemask interfa
A7032,Replacement nasal cushion
A7033,Replacement nasal pillows
A7034,Nasal application device
A7035,Pos airway press headgear
A7036,Pos airway press chinstrap
A7037,Pos airway pressure tubing
A7038,Pos airway pressure filter
A7039,"Filter, non disposable w pap"
A7040,One way chest drain valve
A7041,Water seal drain container
A7042,Implanted pleural catheter
A7043,Vacuum drainagebottle/tubing
A7044,Pap oral interface
A7045,Repl exhalation port for pap
A7046,"Repl water chamber, pap dev"
A7047,Resp suction oral interface
A7048,Vacuum drain bottle/tube kit
A7049,Epap nasal valve
A7501,Tracheostoma valve w diaphra
A7502,Replacement diaphragm/fplate
A7503,Hmes filter holder or cap
A7504,Tracheostoma hmes filter
A7505,Hmes or trach valve housing
A7506,Hmes/trachvalve adhesivedisk
A7507,Integrated filter & holder
A7508,Housing & integrated adhesiv
A7509,Heat & moisture exchange sys
A7520,Trach/laryn tube non-cuffed
A7521,Trach/laryn tube cuffed
A7522,Trach/laryn tube stainless
A7523,Tracheostomy shower protect
A7524,Tracheostoma stent/stud/bttn
A7525,Tracheostomy mask
A7526,Tracheostomy tube collar
A7527,Trach/laryn tube plug/stop
A8000,Soft protect helmet prefab
A8001,Hard protect helmet prefab
A8002,Soft protect helmet custom
A8003,Hard protect helmet custom
A8004,"Repl soft interface, helmet"
A8005,Grip glove w microprocessor
A8006,Grip glove replacement only
A9150,Misc/exper non-prescript dru
A9152,"Single vitamin/mineral/trace element, oral, per dose, not otherwise specified"
A9153,"Multiple vitamins, with or without minerals and trace elements, oral, per dose, not otherwise specified"
A9154,"Artificial saliva, 1 ml"
A9155,Artificial saliva
A9156,Oral mucoadhesive per 1 ml
A9180,"Lice treatment, topical"
A9268,Programmer orally ingest cap
A9269,Programable ingest capsule
A9270,Non-covered item or service
A9272,"Disp wound suct, drsg/access"
A9273,Hot/cold botle/cap/col/wrap
A9274,Ext amb insulin delivery sys
A9275,Disp home glucose monitor
A9276,"Disposable sensor, cgm sys"
A9277,"External transmitter, cgm"
A9278,"External receiver, cgm sys"
A9279,"Monitoring feature/device, stand-alone or integrated, any type, includes all accessories, components and electronics, not otherwise classified"
A9280,"Alert or alarm device, not otherwise classified"
A9281,Reaching/grabbing device
A9282,Wig any type
A9283,Foot press off load supp dev
A9284,Non-electronic spirometer
A9285,Inversion eversion cor devic
A9286,"Any hygienic item, device"
A9291,Pres dig cog behav thera fda
A9292,Pres dig visual therapy fda
A9293,Fertility cycl tracking soft
A9294,Biofeed dig cog behav tx fda
A9300,Exercise equipment
A9500,Tc99m sestamibi
A9501,Technetium tc-99m teboroxime
A9502,Tc99m tetrofosmin
A9503,Tc99m medronate
A9504,Tc99m apcitide
A9505,Tl201 thallium
A9506,Tc-99m graphite crucible
A9507,In111 capromab
A9508,"I131 iodobenguate, dx"
A9509,Iodine i-123 sod iodide mil
A9510,Tc99m disofenin
A9512,Tc99m pertechnetate
A9513,Lutetium lu 177 dotatat ther
A9515,Choline c-11
A9516,Iodine i-123 sod iodide mic
A9517,"I131 iodide cap, rx"
A9520,Tc99 tilmanocept diag 0.5mci
A9521,Tc99m exametazime
A9524,"I131 serum albumin, dx"
A9526,Nitrogen n-13 ammonia
A9527,Iodine i-125 sodium iodide
A9528,"Iodine i-131 iodide cap, dx"
A9529,"I131 iodide sol, dx"
A9530,"I131 iodide sol, rx"
A9531,I131 max 100uci
A9532,"I125 serum albumin, dx"
A9536,Tc99m depreotide
A9537,Tc99m mebrofenin
A9538,Tc99m pyrophosphate
A9539,Tc99m pentetate
A9540,Tc99m maa
A9541,Tc99m sulfur colloid
A9542,"In111 ibritumomab, dx"
A9543,"Y90 ibritumomab, rx"
A9544,"I131 tositumomab, dx"
A9545,"I131 tositumomab, rx"
A9546,Co57/58
A9547,In111 oxyquinoline
A9548,In111 pentetate
A9550,Tc99m gluceptate
A9551,Tc99m succimer
A9552,F18 fdg
A9553,Cr51 chromate
A9554,"I125 iothalamate, dx"
A9555,Rb82 rubidium
A9556,Ga67 gallium
A9557,Tc99m bicisate
A9558,Xe133 xenon 10mci
A9559,Co57 cyano
A9560,Tc99m labeled rbc
A9561,Tc99m oxidronate
A9562,Tc99m mertiatide
A9563,P32 na phosphate
A9564,P32 chromic phosphate
A9566,Tc99m fanolesomab
A9567,Technetium tc-99m aerosol
A9568,Technetium tc99m arcitumomab
A9569,Technetium tc-99m auto wbc
A9570,Indium in-111 auto wbc
A9571,Indium in-111 auto platelet
A9572,Indium in-111 pentetreotide
A9573,"Inj, gadopiclenol, 1 ml"
A9574,"Inj. ferumoxytol, 1 mg"
A9575,Inj gadoterate meglumi 0.1ml
A9576,Inj prohance multipack
A9577,Inj multihance
A9578,Inj multihance multipack
A9579,"Injection, gadolinium-based magnetic resonance contrast agent, not otherwise specified (nos), per ml"
A9580,Sodium fluoride f-18
A9581,Gadoxetate disodium inj
A9582,Iodine i-123 iobenguane
A9583,Gadofosveset trisodium inj
A9584,Iodine i-123 ioflupane
A9585,Gadobutrol injection
A9586,Florbetapir f18
A9587,Gallium ga-68
A9588,Fluciclovine f-18
A9589,Insti hexaminolevulinate hcl
A9590,Iodine i-131 iobenguane 1mci
A9591,Fluoroestradiol f 18
A9592,Copper cu 64 dotatate diag
A9593,Gallium ga-68 psma-11 ucsf
A9594,"Gallium ga-68 psma-11, ucla"
A9595,"Piflu f-18, dia 1 millicurie"
A9596,Gallium illuccix 1 millicure
A9597,"Positron emission tomography radiopharmaceutical, diagnostic, for tumor identification, not otherwise classified"
A9598,"Positron emission tomography radiopharmaceutical, diagnostic, for non-tumor identification, not otherwise classified"
A9599,"Radiopharmaceutical, diagnostic, for beta-amyloid positron emission tomography (pet) imaging, per study dose, not otherwise specified"
A9600,Sr89 strontium
A9601,Flortaucipir inj 1 millicuri
A9602,Fluorodopa f-18 diag per mci
A9603,"Inj, pafolacianine, 0.1 mg"
A9604,Sm 153 lexidronam
A9606,Radium ra223 dichloride ther
A9607,Lutetium lu 177 vipivotide
A9608,Flotufolastat f18 diag 1 mci
A9609,"F18 fdg, 15 millicuries"
A9610,"Xe129 xenon, diagnostic"
A9611,"Flurpiridaz f18, diag, 1 mci"
A9612,"Inj, fluorescein, 1 mg"
A9615,"Inj, pegulicianine, 1 mg"
A9616,Gallium gozellix 1 millicuri
A9697,"Inj, magtrace per study dose"
A9698,"Non-radioactive contrast imaging material, not otherwise classified, per study"
A9699,"Radiopharmaceutical, therapeutic, not otherwise classified"
A9700,Echocardiography contrast
A9800,Gallium locametz 1 millicuri
A9900,"Miscellaneous dme supply, accessory, and/or service component of another hcpcs code"
A9901,Delivery/set up/dispensing
A9999,"Miscellaneous dme supply or accessory, not otherwise specified"
B4034,Enter feed supkit syr by day
B4035,Enteral feed supp pump per d
B4036,Enteral feed sup kit grav by
B4081,Enteral ng tubing w/ stylet
B4082,Enteral ng tubing w/o stylet
B4083,Enteral stomach tube levine
B4087,"Gastro/jejuno tube, std"
B4088,"Gastro/jejuno tube, low-pro"
B4100,Food thickener oral
B4102,Ef adult fluids and electro
B4103,Ef ped fluid and electrolyte
B4104,Additive for enteral formula
B4105,Enzyme cartridge enteral nut
B4148,Enteral feed elastomer daily
B4149,Ef blenderized foods
B4150,Ef complet w/intact nutrient
B4152,Ef calorie dense>/=1.5kcal
B4153,Ef hydrolyzed/amino acids
B4154,Ef spec metabolic noninherit
B4155,Ef incomplete/modular
B4157,Ef special metabolic inherit
B4158,Ef ped complete intact nut
B4159,Ef ped complete soy based
B4160,Ef ped caloric dense>/=0.7kc
B4161,Ef ped hydrolyzed/amino acid
B4162,Ef ped specmetabolic inherit
B4164,Parenteral 50% dextrose solu
B4168,Parenteral sol amino acid 3.
B4172,Parenteral sol amino acid 5.
B4176,Parenteral sol amino acid 7-
B4178,Parenteral sol amino acid >
B4180,Parenteral sol carb > 50%
B4185,"Parenteral nutrition solution, not otherwise specified, 10 grams lipids"
B4187,"Omegaven, 10 grams lipids"
B4189,Parenteral sol amino acid &
B4193,Parenteral sol 52-73 gm prot
B4197,Parenteral sol 74-100 gm pro
B4199,Parenteral sol > 100gm prote
B4216,Parenteral nutrition additiv
B4220,Parenteral supply kit premix
B4222,Parenteral supply kit homemi
B4224,Parenteral administration ki
B5000,Parenteral sol renal-amirosy
B5100,Parenteral solution hepatic
B5200,Parenteral sol hepatic fream
B9000,Enter infusion pump w/o alrm
B9002,Enter nutr inf pump any type
B9004,Parenteral infus pump portab
B9006,Parenteral infus pump statio
B9998,Noc for enteral supplies
B9999,Noc for parenteral supplies
C1052,"Hemostatic agent, gi, topic"
C1062,Intravertebral fx aug impl
C1300,Hyperbaric oxygen
C1600,"Cath, bladed, vasc prep"
C1601,"Endo, single, pulmonary"
C1602,Orth/matrx/bn fill drug-elut
C1603,"Ret dev, laser, ivc filter"
C1604,"Grft, trnsmurl/trnsvens byps"
C1605,"Pmkr, dual, leadless"
C1606,"Adapter, us to endoscope"
C1607,Neurostim integ rechg
C1608,"Prosthesis, dual mob cmc1"
C1609,Vert dev motion-preserv
C1713,"Anchor/screw bn/bn,tis/bn"
C1714,"Cath, trans atherectomy, dir"
C1715,Brachytherapy needle
C1716,"Brachytx, non-str, gold-198"
C1717,"Brachytx, non-str,hdr ir-192"
C1719,"Brachytx, ns, non-hdrir-192"
C1721,"Aicd, dual chamber"
C1722,"Aicd, single chamber"
C1724,"Cath, trans atherec,rotation"
C1725,"Cath, translumin non-laser"
C1726,"Cath, bal dil, non-vascular"
C1727,"Cath, bal tis dis, non-vas"
C1728,"Cath, brachytx seed adm"
C1729,"Cath, drainage"
C1730,"Cath, ep, 19 or few elect"
C1731,"Cath, ep, 20 or more elec"
C1732,"Cath, ep, diag/abl, 3d/vect"
C1733,"Cath, ep, othr than cool-tip"
C1734,"Orth/devic/drug bn/bn,tis/bn"
C1735,Cath renal denerv radiofreq
C1736,Cath renal denerv ultrasnd
C1737,Si&pelvis fusn&fixn dev
C1738,Power endo us-guid bx dev
C1739,Marker uniq detect w/prbe
C1740,"Lt vent pacing syst, sequen"
C1741,Anchor/screw bone absorb
C1742,"Pressure sens syst, cont im"
C1743,Scafld endovas resrb drg elu
C1747,"Endo, single, urinary tract"
C1748,"Endoscope, single, ugi"
C1749,"Endo, colon, retro imaging"
C1750,"Cath, hemodialysis,long-term"
C1751,"Cath, inf, per/cent/midline"
C1752,"Cath,hemodialysis,short-term"
C1753,"Cath, intravas ultrasound"
C1754,"Catheter, intradiscal"
C1755,"Catheter, intraspinal"
C1756,"Cath, pacing, transesoph"
C1757,"Cath, thrombectomy/embolect"
C1758,"Catheter, ureteral"
C1759,"Cath, intra echocardiography"
C1760,"Closure dev, vasc"
C1761,"Cath, trans intra litho/coro"
C1762,"Conn tiss, human(inc fascia)"
C1763,"Conn tiss, non-human"
C1764,"Event recorder, cardiac"
C1765,Adhesion barrier
C1766,"Intro/sheath,strble,non-peel"
C1767,"Generator, neuro non-recharg"
C1768,"Graft, vascular"
C1769,Guide wire
C1770,"Imaging coil, mr, insertable"
C1771,"Rep dev, urinary, w/sling"
C1772,"Infusion pump, programmable"
C1773,"Ret dev, insertable"
C1776,Joint device (implantable)
C1777,"Lead, aicd, endo single coil"
C1778,"Lead, neurostimulator"
C1779,"Lead, pmkr, transvenous vdd"
C1780,"Lens, intraocular (new tech)"
C1781,Mesh (implantable)
C1782,Morcellator
C1783,"Ocular imp, aqueous drain de"
C1784,"Ocular dev, intraop, det ret"
C1785,"Pmkr, dual, rate-resp"
C1786,"Pmkr, single, rate-resp"
C1787,"Patient progr, neurostim"
C1788,"Port, indwelling, imp"
C1789,"Prosthesis, breast, imp"
C1813,"Prosthesis, penile, inflatab"
C1814,"Retinal tamp, silicone oil"
C1815,"Pros, urinary sph, imp"
C1816,"Receiver/transmitter, neuro"
C1817,Septal defect imp sys
C1818,Integrated keratoprosthesis
C1819,Tissue localization-excision
C1820,Generator neuro rechg bat sy
C1821,Interspinous implant
C1822,"Gen, neuro, hf, rechg bat"
C1823,"Gen, neuro, trans sen/stim"
C1824,"Generator, ccm, implant"
C1825,"Gen, neuro, carot sinus baro"
C1826,"Gen, neuro, clo loop, rechg"
C1827,"Gen, neuro, imp led, ex cntr"
C1830,Power bone marrow bx needle
C1831,Personalized interbody cage
C1832,Auto cell process sys
C1833,Cardiac monitor sys
C1834,"Pressure sensor system, im"
C1839,Iris prosthesis
C1840,Telescopic intraocular lens
C1841,Retinal prosth int/ext comp
C1842,"Retinal prosth, add-on"
C1849,"Skin substitute, synthetic"
C1874,"Stent, coated/cov w/del sys"
C1875,"Stent, coated/cov w/o del sy"
C1876,"Stent, non-coa/non-cov w/del"
C1877,"Stent, non-coat/cov w/o del"
C1878,Matrl for vocal cord
C1880,Vena cava filter
C1881,Dialysis access system
C1882,"Aicd, other than sing/dual"
C1883,"Adapt/ext, pacing/neuro lead"
C1884,Embolization protect syst
C1885,"Cath, translumin angio laser"
C1886,"Catheter, ablation"
C1887,"Catheter, guiding"
C1888,Endovas non-cardiac abl cath
C1889,"Implantable/insertable device, not otherwise classified"
C1890,No device w/dev-intensive px
C1891,"Infusion pump,non-prog, perm"
C1892,"Intro/sheath,fixed,peel-away"
C1893,"Intro/sheath, fixed,non-peel"
C1894,"Intro/sheath, non-laser"
C1895,"Lead, aicd, endo dual coil"
C1896,"Lead, aicd, non sing/dual"
C1897,"Lead, neurostim test kit"
C1898,"Lead, pmkr, other than trans"
C1899,"Lead, pmkr/aicd combination"
C1900,"Lead, coronary venous"
C1982,"Cath, pressure,valve-occlu"
C2596,"Probe, robotic, water-jet"
C2613,Lung bx plug w/del sys
C2614,"Probe, perc lumb disc"
C2615,"Sealant, pulmonary, liquid"
C2616,"Brachytx, non-str,yttrium-90"
C2617,"Stent, non-cor, tem w/o del"
C2618,"Probe/needle, cryo"
C2619,"Pmkr, dual, non rate-resp"
C2620,"Pmkr, single, non rate-resp"
C2621,"Pmkr, other than sing/dual"
C2622,"Prosthesis, penile, non-inf"
C2623,"Cath, translumin, drug-coat"
C2624,Wireless pressure sensor
C2625,"Stent, non-cor, tem w/del sy"
C2626,"Infusion pump, non-prog,temp"
C2627,"Cath, suprapubic/cystoscopic"
C2628,"Catheter, occlusion"
C2629,"Intro/sheath, laser"
C2630,"Cath, ep, cool-tip"
C2631,"Rep dev, urinary, w/o sling"
C2634,"Brachytx, non-str, ha, i-125"
C2635,"Brachytx, non-str, ha, p-103"
C2636,"Brachy linear, non-str,p-103"
C2637,"Brachy,non-str,ytterbium-169"
C2638,"Brachytx, stranded, i-125"
C2639,"Brachytx, non-stranded,i-125"
C2640,"Brachytx, stranded, p-103"
C2641,"Brachytx, non-stranded,p-103"
C2642,"Brachytx, stranded, c-131"
C2643,"Brachytx, non-stranded,c-131"
C2644,Brachytx cesium-131 chloride
C2645,"Brachytx planar, p-103"
C2698,"Brachytherapy source, stranded, not otherwise specified, per source"
C2699,"Brachytherapy source, non-stranded, not otherwise specified, per source"
C5271,Low cost skin substitute app
C5272,Low cost skin substitute app
C5273,Low cost skin substitute app
C5274,Low cost skin substitute app
C5275,Low cost skin substitute app
C5276,Low cost skin substitute app
C5277,Low cost skin substitute app
C5278,Low cost skin substitute app
C7500,Deb bone 20 cm2 w/drug dev
C7501,Perc bx breast lesions stero
C7502,Perc bx breast lesions mr
C7503,Open exc cerv node(s) w/ id
C7504,Perq cvt&ls inj vert bodies
C7505,Perq ls&cvt inj vert bodies
C7506,Fusion of finger joints
C7507,Perq thor&lumb vert aug
C7508,Perq lumb&thor vert aug
C7509,Dx bronch w/ navigation
C7510,Bronch/lavag w/ navigation
C7511,Bronch/bpsy(s) w/ navigation
C7512,Bronch/bpsy(s) w/ ebus
C7513,Cath/angio dialcir w/aplasty
C7514,Cath/angio dial cir w/stents
C7515,Cath/angio dial cir w/embol
C7516,Cor angio w/ ivus or oct
C7517,Cor angio w/ilic/fem angio
C7518,Cor/gft angio w/ ivus or oct
C7519,Cor/gft angio w/ flow resrv
C7520,Cor/gft angio w/ilic/fem ang
C7521,R hrt angio w/ ivus or oct
C7522,R hrt angio w/flow resrv
C7523,L hrt angio w/ ivus or oct
C7524,L hrt angio w/flow resrv
C7525,L hrt gft ang w/ ivus or oct
C7526,L hrt gft ang w/flow resrv
C7527,R&l hrt angio w/ ivus or oct
C7528,R&l hrt angio w/flow resrv
C7529,R&l hrt gft ang w/flow resrv
C7530,Cath/aplasty dial cir w/stnt
C7531,Angio fem/pop w/ us
C7532,Angio w/ us non-coronary
C7533,Ptca w/ plcmt brachytx dev
C7534,Fem/pop revasc w/arthr & us
C7535,Fem/pop revasc w/stent & us
C7537,Insrt atril pm w/l vent lead
C7538,Insrt vent pm w/l vent lead
C7539,Insrt a & v pm w/l vent lead
C7540,Rmv&rplc pm dul w/l vnt lead
C7541,Ercp w/ pancreatoscopy
C7542,Ercp w/bx & pancreatoscopy
C7543,"Ercp w/otomy, pancreatoscopy"
C7544,Ercp rmv calc pancreatoscopy
C7545,Exch bil cath w/ rmv calculi
C7546,Rep nph/urt cath w/dil stric
C7547,Cnvrt neph cath w/ dil stric
C7548,Exch neph cath w/ dil stric
C7549,Chge urtr stent w/ dil stric
C7550,Cysto w/ bx(s) w/ blue light
C7551,Exc neuroma w/ implnt nv end
C7552,R hrt art/grft ang hrt flow
C7553,R&i hrt art/vent ang drg ad
C7554,Cystureth blu li cyst fl img
C7555,Rmvl thyrd w/autotran parath
C7556,Bronch lavage w/ebus
C7557,Cor angio/vent w/ffr
C7558,Cor angio/vent w/drug admin
C7560,Ercp remove forgn body&endo
C7562,R&l hrt angio w/ffr & 3d map
C7563,Trluml ballo angiop all art
C7564,Vein mech throm w/intrvas us
C7565,Rpr aa hrn < 3 rdc w/ rmvl
C7566,Fuse finger joints w/grafts
C7567,Bronch/needle bx(s) w/ nav
C7568,Cor angio w/flow resrv
C7569,Ptca w/ ivus or oct
C7570,Cor angio w/ffr & 3d map
C7571,Pcta w/ cor lithotrip
C7900,"Hopd mntl hlt, 15-29 min"
C7901,"Hopd mntl hlt, 30-60 min"
C7902,"Hopd mntl hlt, ea addl"
C7903,"Hopd mntl hlt, grp"
C8000,"Suprt dev, a-v fistula, imp"
C8001,3d anat seg imaging preop
C8002,"Prep skin cell susp, automtd"
C8003,Imp extar knee shck absrb
C8004,Sim ang w/prs cath rad emb
C8005,Pef bronch ablt 3d nav ebus
C8006,Inst pleu-perit shnt w pump
C8007,Opn mplnt hpgls ns ary ps gn
C8008,Rv/rpl hpgls ns inc cnt pg
C8009,Rmv hpgls ns ary and pg
C8010,Pc plm pm c ctd emb prtc
C8011,Opn mplnt hpgls ns ary rec
C8012,Rv/rpl hpgls ns ary rec
C8013,Rmv hpls ns ary rec
C8014,"Cysto, litho, w suct sheath"
C8900,"Mra w/cont, abd"
C8901,"Mra w/o cont, abd"
C8902,"Mra w/o fol w/cont, abd"
C8903,"Mri w/cont, breast,  uni"
C8904,"Mri w/o cont, breast, uni"
C8905,"Mri w/o fol w/cont, brst, un"
C8906,"Mri w/cont, breast,  bi"
C8907,"Mri w/o cont, breast, bi"
C8908,"Mri w/o fol w/cont, breast,"
C8909,"Mra w/cont, chest"
C8910,"Mra w/o cont, chest"
C8911,"Mra w/o fol w/cont, chest"
C8912,"Mra w/cont, lwr ext"
C8913,"Mra w/o cont, lwr ext"
C8914,"Mra w/o fol w/cont, lwr ext"
C8918,"Mra w/cont, pelvis"
C8919,"Mra w/o cont, pelvis"
C8920,"Mra w/o fol w/cont, pelvis"
C8921,"Tte w or w/o fol w/cont, com"
C8922,"Tte w or w/o fol w/cont, f/u"
C8923,"2d tte w or w/o fol w/con,co"
C8924,"2d tte w or w/o fol w/con,fu"
C8925,"2d tee w or w/o fol w/con,in"
C8926,"Tee w or w/o fol w/cont,cong"
C8927,"Tee w or w/o fol w/cont, mon"
C8928,"Tte w or w/o fol w/con,stres"
C8929,"Tte w or wo fol wcon,doppler"
C8930,"Tte w or w/o contr, cont ecg"
C8931,"Mra, w/dye, spinal canal"
C8932,"Mra, w/o dye, spinal canal"
C8933,"Mra, w/o&w/dye, spinal canal"
C8934,"Mra, w/dye, upper extremity"
C8935,"Mra, w/o dye, upper extr"
C8936,"Mra, w/o&w/dye, upper extr"
C8937,Cad breast mri
C8957,"Prolonged iv inf, req pump"
C9014,"Injection, cerliponase alfa"
C9015,"C-1 esterase, haegarda"
C9016,"Inj, triptorelin ext rel"
C9021,"Injection, obinutuzumab"
C9022,"Injection, elosulfase alfa"
C9023,Inj testosterone undecanoate
C9024,"Inj, daunorubicin-cytarabine"
C9025,"Injection, ramucirumab"
C9026,"Injection, vedolizumab"
C9027,"Injection, pembrolizumab"
C9028,Inj. inotuzumab ozogamicin
C9029,"Injection, guselkumab"
C9030,Inj copanlisib
C9031,"Lutetium lu 177 dotatate, tx"
C9032,Voretigene neparvovec-rzyl
C9033,"Inj, akynzeo"
C9034,"Injection, dexamethasone 9%"
C9035,"Injection, aristada initio"
C9036,"Injection, patisiran"
C9037,"Injection, risperidone"
C9038,Inj mogamulizumab-kpkc
C9039,"Injection, plazomicin"
C9040,"Injection, fremanezumab-vfrm"
C9041,"Inj, coagulation factor xa"
C9042,"Inj., belrapzo 1 mg"
C9043,"Injection, levoleucovorin"
C9044,"Injection, cemiplimab-rwlc"
C9045,Moxetumomab pasudotox-tdfk
C9046,Cocaine hcl nasal (goprelto)
C9047,"Injection, caplacizumab-yhdp"
C9048,Dexamethasone ophth insert
C9049,"Injection, tagraxofusp-erzs"
C9050,"Injection, emapalumab-lzsg"
C9051,"Injection, omadacycline"
C9052,"Injection, ravulizumab-cwv"
C9053,"Inj,  crizanlizumab-tmca"
C9054,"Injection, lefamulin"
C9055,"Inj, brexanolone"
C9056,"Injection, givosiran"
C9057,Inj cetirizine hydrochloride
C9058,"Injection,pegfilgrastim-bmez"
C9059,"Injection, meloxicam"
C9060,Fluoroestradiol f18
C9061,"Injection, teprotumumab-trbw"
C9062,Daratumumab hyaluronidase
C9063,"Injection, eptinezumab-jjmr"
C9064,Mitomycin pyelocalyceal inst
C9065,Romidepsin non-lyophilized
C9066,Sacituzumab govitecan-hziy
C9067,Gallium ga-68 dotatoc
C9068,"Copper cu-64, dotatate, dx"
C9069,Belantamab mafodontin-blmf
C9070,"Injection, tafasitamab-cxix"
C9071,"Injection, viltolarsen"
C9072,"Inj, imm glob asceniv"
C9073,Brexucabtagene autoleucel ca
C9074,"Injection, lumasiran"
C9075,"Injection, casimersen, 10 mg"
C9076,Lisocabtagene car pos t
C9077,Inj cabotegravir/rilpivirine
C9078,"Inj, trilaciclib, 1 mg"
C9079,"Inj, evinacumab-dgnb, 5 mg"
C9080,"Inj, melphalan flufen, 1 mg"
C9081,Idecabtagene car pos t
C9082,"Inj dostarlimab-gxly, 100 mg"
C9083,"Inj, amivantamab-vmjw, 10 mg"
C9084,"Loncastuximab-lpyl, 0.1 mg"
C9085,Inj avalglucosid alfa-ngpt
C9086,"Inj, anifrolumab-fnia"
C9087,Inj cyclophosphamd auromedic
C9088,"Instill, bupivac and meloxic"
C9089,"Bupivacaine implant, 1 mg"
C9090,"Plasminogen, human-tvmh 1 mg"
C9091,"Sirolimus, protein-bound,1mg"
C9092,"Inj., xipere, 1 mg"
C9093,"Inj., susvimo, 0.1 mg"
C9094,"Inj, sutimlimab-jome, 10 mg"
C9095,"Inj, tebentafusp-tebn, 1 mcg"
C9096,"Inj, releuko, 1 mcg"
C9097,"Inj, faricimab-svoa, 0.1 mg"
C9098,Ciltacabtagene car pos t
C9101,"Inj, oliceridine 0.1 mg"
C9113,"Inj pantoprazole sodium, via"
C9121,"Injection, argatroban"
C9122,Mometasone furoate (sinuva)
C9132,"Kcentra, per i.u."
C9133,Factor ix recombinant
C9134,Factor xiii a-subunit recomb
C9135,Factor ix (alprolix)
C9136,Factor viii (eloctate)
C9137,Adynovate factor viii recom
C9138,Nuwiq factor viii recomb
C9139,"Idelvion, 1 i.u."
C9140,Afstyla factor viii recomb
C9141,Factor viii pegylated-aucl
C9142,"Inj, alymsys, 10 mg"
C9143,Cocaine hcl nasal (numbrino)
C9144,"Inj, bupivacaine (posimir)"
C9145,"Inj, aponvie, 1 mg"
C9146,"Inj, elahere, 1 mg"
C9147,"Inj, tremelimumab-actl, 1 mg"
C9148,"Inj, teclistamab-cqyv, 0.5mg"
C9149,"Inj, teplizumab-mzwv, 5 mcg"
C9150,"Xe129 xenon, diagnostic"
C9151,"Inj, pegcetacoplan 1 mg"
C9152,"Inj, abilify asimtufii, 1 mg"
C9153,"Inj, amisulpride, 1 mg"
C9154,Inj buprenorph (brixadi) 1mg
C9155,"Inj epcoritamab-bysp,0.16 mg"
C9156,"Flotufolastat f18, dia 1 mci"
C9157,"Inj, tofersen, 1 mg"
C9158,"Inj, uzedy, 1 mg"
C9159,"Inj, balfaxar, per i.u"
C9160,Inj daxibotulinumtoxina-lanm
C9161,"Inj, aflibercept hd, 1 mg"
C9162,"Inj, avacincaptad peg 0.1 mg"
C9163,Inj talquetamab-tgvs 0.25 mg
C9164,"Cantharidin top, applicator"
C9165,"Inj, elranatamab-bcmm, 1 mg"
C9166,"Injection, secukinumab"
C9167,"Inj, adzynma, 10 iu"
C9168,"Injection, mirikizumab-mrkz"
C9169,"Inj, nogapendekin pmln 1 mcg"
C9170,"Inj, tarlatamab-dlle, 1 mg"
C9171,"Inj, pegulicianine, 1 mg"
C9172,"Inj, beqvez, per tx dose"
C9173,"Inj, nypozi, 1 mcg"
C9174,"Datopotamab deruxtecan, 1 mg"
C9175,"Inj, treosulfan, 50 mg"
C9176,Dom nonheu tc99m add-on/dose
C9248,"Inj, clevidipine butyrate"
C9250,Artiss fibrin sealant
C9254,"Injection, lacosamide"
C9257,Bevacizumab injection
C9275,Hexaminolevulinate hcl
C9285,"Patch, lidocaine/tetracaine"
C9290,"Inj, bupivacaine liposome"
C9293,"Injection, glucarpidase"
C9300,"Indigotindisulfonate, 1 mg"
C9301,Obecabtagene car pos t
C9302,"Inj zanidatamab, 2 mg"
C9303,"Inj zolbetuximab, 1 mg"
C9304,"Inj marstacimab, 0.5 mg"
C9305,"Inj, nipocalimab-aahu, 3 mg"
C9306,Telisotuzumab vedotin-tllv
C9307,Inj linvoseltamab-gcpt 1 mg
C9308,"Inj, carboplatin (avyxa)"
C9309,Inj onase abepar-brve treat
C9310,"Inj, leucovorin cal (avyxa)"
C9349,"Puraply, puraply antimic"
C9352,"Neuragen nerve guide, per cm"
C9353,"Neurawrap nerve protector,cm"
C9354,"Veritas collagen matrix, cm2"
C9355,"Neuromatrix nerve cuff, cm"
C9356,"Tenoglide tendon prot, cm2"
C9358,"Surgimend, fetal"
C9359,"Implnt,bon void filler-putty"
C9360,"Surgimend, neonatal"
C9361,Neuromend nerve wrap
C9362,"Implnt,bon void filler-strip"
C9363,Integra meshed bil wound mat
C9364,"Porcine implant, permacol"
C9399,Unclassified drugs or biologicals
C9407,"Iodine i-131 iobenguane, dx"
C9408,"Iodine i-131 iobenguane, tx"
C9441,"Inj, ferric carboxymaltose"
C9442,"Injection, belinostat"
C9443,"Injection, dalbavancin"
C9444,"Injection, oritavancin"
C9445,"C-1 esterase, ruconest"
C9446,"Inj, tedizolid phosphate"
C9447,"Inj, phenylephrine ketorolac"
C9448,Oral netupitant palonosetron
C9449,"Inj, blinatumomab"
C9450,Fluocinolone acetonide implt
C9451,"Injection, peramivir"
C9452,"Inj, ceftolozane/tazobactam"
C9453,"Injection, nivolumab"
C9454,"Inj, pasireotide long acting"
C9455,"Injection, siltuximab"
C9456,"Inj, isavuconazonium sulfate"
C9457,Lumason contrast agent
C9458,Florbetaben f18
C9459,Flutemetamol f18
C9460,"Injection, cangrelor"
C9461,"Choline c 11, diagnostic"
C9462,"Injection, delafloxacin"
C9463,"Injection, aprepitant"
C9464,"Injection, rolapitant"
C9465,"Injection, durolane"
C9466,"Injection, benralizumab"
C9467,Inj rituximab hyaluronidase
C9468,"Inj, factor ix, rebinyn"
C9469,Inj triamcinolone acetonide
C9470,Aripiprazole lauroxil im
C9471,"Hymovis, 1 mg"
C9472,Inj talimogene laherparepvec
C9473,"Injection, mepolizumab"
C9474,"Inj, irinotecan liposome"
C9475,"Injection, necitumumab"
C9476,"Injection, daratumumab"
C9477,"Injection, elotuzumab"
C9478,"Injection, sebelipase alfa"
C9479,"Instill, ciprofloxacin otic"
C9480,"Injection, trabectedin"
C9481,"Injection, reslizumab"
C9482,Sotalol hydrochloride iv
C9483,"Injection, atezolizumab"
C9484,"Injection, eteplirsen"
C9485,"Injection, olaratumab"
C9486,"Inj, granisetron ext"
C9487,"Ustekinumab iv inj, 1 mg"
C9488,Conivaptan hcl
C9489,"Injection, nusinersen"
C9490,"Injection, bezlotoxumab"
C9491,"Injection, avelumab"
C9492,"Injection, durvalumab"
C9493,"Injection, edaravone"
C9494,"Injection, ocrelizumab"
C9497,"Loxapine, inhalation powder"
C9507,Covid-19 convalescent plasma
C9600,Perc drug-el cor stent sing
C9601,Perc drug-el cor stent bran
C9602,Perc d-e cor stent ather s
C9603,Perc d-e cor stent ather br
C9604,Perc d-e cor revasc t cabg s
C9605,Perc d-e cor revasc t cabg b
C9606,Perc d-e cor revasc w ami s
C9607,Perc d-e cor revasc chro sin
C9608,Perc d-e cor revasc chro add
C9610,Cath coronary drug-delivery
C9724,Eps stomach plic
C9725,Place endorectal app
C9726,Rxt breast appl place/remov
C9727,Insert palate implants
C9728,"Place device/marker, non pro"
C9733,Non-ophthalmic fva
C9734,"U/s trtmt, not leiomyomata"
C9735,"Anoscopy, submucosal inj"
C9737,Lap esoph augmentation
C9738,Blue light cysto imag agent
C9739,Cystoscopy prostatic imp 1-3
C9740,Cysto impl 4 or more
C9741,Impl pressure sensor w/angio
C9742,Laryngoscopy with injection
C9743,Bulking/spacer material impl
C9744,Abd us w/contrast
C9745,Nasal endo eustachian tube
C9746,Trans imp balloon cont
C9747,"Ablation, hifu, prostate"
C9748,Prostatic rf water vapor tx
C9749,Repair nasal stenosis w/imp
C9750,Ins/rem-replace compl iims
C9751,"Microwave bronch, 3d, ebus"
C9752,Intraosseous des lumb/sacrum
C9753,Intraosseous destruct add'l
C9754,"Perc av fistula, direct"
C9755,Rf magnetic-guide av fistula
C9756,Fluorescence lymph map w/icg
C9757,Spine device implant surgery
C9758,Blind interatrial shunt ide
C9759,Transcath intraop microinf
C9760,Non-blind interatrial shunt
C9761,"Cysto, litho, vacuum kidney"
C9762,Cardiac mri seg dys strain
C9763,Cardiac mri seg dys stress
C9764,Revasc intravasc lithotripsy
C9765,Revasc intra lithotrip-stent
C9766,Revasc intra lithotrip-ather
C9767,Revasc lithotrip-stent-ather
C9768,Endo us-guide hep porto grad
C9769,Cysto w/temp pros implant
C9770,"Vitrec/mech pars, subret inj"
C9771,Nsl/sins cryo post nasal tis
C9772,Revasc lithotrip tibi/perone
C9773,Revasc lithotr-stent tib/per
C9774,Revasc lithotr-ather tib/per
C9775,Revasc lith-sten-ath tib/per
C9776,Fluo bile duct imaging w/icg
C9777,Esophag muc integ w/eso egd
C9778,"Colpopexy, min/inv, ex-perit"
C9779,Esd endoscopy or colonoscopy
C9780,Insert cv cath inf & sup app
C9781,Arthro/shoul surg; w/spacer
C9782,Blind myocar trpl bon marrow
C9783,Blind cor sinus reducer impl
C9784,Endo sleeve gastro w/tube
C9785,Endo outlet restrict w/tube
C9786,Echo cad for hf preserved ef
C9787,Gastric ep mapg simult pt sx
C9788,Uni breas optoacoustic imag
C9789,Instill pharm renal pelvis
C9790,Kidney histotripsy w/image
C9791,Mri hyperpolarized xenon129
C9792,Blind/nonblind trans atrial
C9793,Pre 3d mdl w/ccta and/or mri
C9794,Complex simulation w/pet-ct
C9795,Sbrt w/positron emission del
C9796,Rpr intst excl anrect fist
C9797,Vasc emb/occ w/prs cath
C9800,Dermal filler inj px/suppl
C9803,Hopd covid-19 spec collect
C9804,Pump elastomc non-opioid dev
C9806,Pump perist non-opioid dev
C9807,Nerve stim non-opioid dev
C9808,Cryo probe non-opioid dev
C9809,Cryo needle non-opioid dev
C9810,Cold therapy non-opioid dev
C9811,Elec amb pmp nonopioid dev
C9812,Echgnc nv ndls nonopioid dev
C9813,Prf infs cth nonopioid dev
C9814,Echognc cathr nonopioid dev
C9815,Peristlc pmp nonopioid dev
C9816,Pmp prs reusbl nonopioid dev
C9817,Crypnm cmprs nonopioid dev
C9818,"Suzetrigine, orl, 1mg"
C9898,Inpnt stay radiolabeled item
C9899,"Inpt implant pros dev,no cov"
C9901,Endo defect closure gi tract
E0100,Cane adjust/fixed with tip
E0105,Cane adjust/fixed quad/3 pro
E0110,Crutch forearm pair
E0111,Crutch forearm each
E0112,Crutch underarm pair wood
E0113,Crutch underarm each wood
E0114,Crutch underarm pair no wood
E0116,Crutch underarm each no wood
E0117,Underarm springassist crutch
E0118,Crutch substitute
E0130,Walker rigid adjust/fixed ht
E0135,Walker folding adjust/fixed
E0140,Walker w trunk support
E0141,Rigid wheeled walker adj/fix
E0143,Walker folding wheeled w/o s
E0144,Enclosed walker w rear seat
E0147,Walker variable wheel resist
E0148,Heavyduty walker no wheels
E0149,Heavy duty wheeled walker
E0150,Combo walker-transport chair
E0152,"Walker, battery power wheels"
E0153,Forearm crutch platform atta
E0154,Walker platform attachment
E0155,"Walker wheel attachment,pair"
E0156,Walker seat attachment
E0157,Walker crutch attachment
E0158,Walker leg extenders set of4
E0159,Brake for wheeled walker
E0160,Sitz type bath or equipment
E0161,Sitz bath/equipment w/faucet
E0162,Sitz bath chair
E0163,Commode chair with fixed arm
E0165,Commode chair with detacharm
E0167,Commode chair pail or pan
E0168,Heavyduty/wide commode chair
E0170,Commode chair electric
E0171,Commode chair non-electric
E0172,Seat lift mechanism toilet
E0175,Commode chair foot rest
E0181,Press pad alternating w/ pum
E0182,"Replace pump, alt press pad"
E0183,Press underlay alter w/pump
E0184,Dry pressure mattress
E0185,Gel pressure mattress pad
E0186,Air pressure mattress
E0187,Water pressure mattress
E0188,Synthetic sheepskin pad
E0189,Lambswool sheepskin pad
E0190,Positioning cushion
E0191,Protector heel or elbow
E0193,Powered air flotation bed
E0194,Air fluidized bed
E0196,Gel pressure mattress
E0197,Air pressure pad for mattres
E0198,Water pressure pad for mattr
E0199,Dry pressure pad for mattres
E0200,Heat lamp without stand
E0201,Penile contractur devic manu
E0202,Phototherapy light w/ photom
E0203,Therapeutic lightbox tabletp
E0205,Heat lamp with stand
E0210,Electric heat pad standard
E0215,Electric heat pad moist
E0217,Water circ heat pad w pump
E0218,Fluid circ cold pad w pump
E0221,Infrared heating pad system
E0225,Hydrocollator unit
E0231,Wound warming device
E0232,Warming card for nwt
E0235,Paraffin bath unit portable
E0236,Pump for water circulating p
E0239,Hydrocollator unit portable
E0240,Bath/shower chair
E0241,Bath tub wall rail
E0242,Bath tub rail floor
E0243,Toilet rail
E0244,Toilet seat raised
E0245,Tub stool or bench
E0246,Transfer tub rail attachment
E0247,Trans bench w/wo comm open
E0248,Hdtrans bench w/wo comm open
E0249,Pad water circulating heat u
E0250,Hosp bed fixed ht w/ mattres
E0251,Hosp bed fixd ht w/o mattres
E0255,Hospital bed var ht w/ mattr
E0256,Hospital bed var ht w/o matt
E0260,Hosp bed semi-electr w/ matt
E0261,Hosp bed semi-electr w/o mat
E0265,Hosp bed total electr w/ mat
E0266,Hosp bed total elec w/o matt
E0270,Hospital bed institutional t
E0271,Mattress innerspring
E0272,Mattress foam rubber
E0273,Bed board
E0274,Over-bed table
E0275,Bed pan standard
E0276,Bed pan fracture
E0277,Powered pres-redu air mattrs
E0280,Bed cradle
E0290,Hosp bed fx ht w/o rails w/m
E0291,Hosp bed fx ht w/o rail w/o
E0292,Hosp bed var ht no sr w/matt
E0293,Hosp bed var ht no sr no mat
E0294,Hosp bed semi-elect w/ mattr
E0295,Hosp bed semi-elect w/o matt
E0296,Hosp bed total elect w/ matt
E0297,Hosp bed total elect w/o mat
E0300,Enclosed ped crib hosp grade
E0301,"Hd hosp bed, 350-600 lbs"
E0302,Ex hd hosp bed > 600 lbs
E0303,Hosp bed hvy dty xtra wide
E0304,Hosp bed xtra hvy dty x wide
E0305,Rails bed side half length
E0310,Rails bed side full length
E0315,Bed accessory brd/tbl/supprt
E0316,Bed safety enclosure
E0325,Urinal male jug-type
E0326,Urinal female jug-type
E0328,"Ped hospital bed, manual"
E0329,Ped hospital bed semi/elect
E0350,Control unit bowel system
E0352,Disposable pack w/bowel syst
E0370,Air elevator for heel
E0371,Nonpower mattress overlay
E0372,Powered air mattress overlay
E0373,Nonpowered pressure mattress
E0424,Stationary compressed gas 02
E0425,Gas system stationary compre
E0430,Oxygen system gas portable
E0431,Portable gaseous 02
E0433,Portable liquid oxygen sys
E0434,Portable liquid 02
E0435,Oxygen system liquid portabl
E0439,Stationary liquid 02
E0440,Oxygen system liquid station
E0441,"Stationary o2 contents, gas"
E0442,"Stationary o2 contents, liq"
E0443,"Portable 02 contents, gas"
E0444,"Portable 02 contents, liquid"
E0445,Oximeter non-invasive
E0446,"Topical oxygen delivery system, not otherwise specified, includes all supplies and accessories"
E0447,"Port o2 cont, liq over 4 lpm"
E0450,Vol control vent invasiv int
E0455,Oxygen tent excl croup/ped t
E0457,Chest shell
E0459,Chest wrap
E0460,Neg press vent portabl/statn
E0461,Vol control vent noninv int
E0462,Rocking bed w/ or w/o side r
E0463,Press supp vent invasive int
E0464,Press supp vent noninv int
E0465,Home vent invasive interface
E0466,Home vent non-invasive inter
E0467,Home vent multi-function
E0468,Home vent dual fnct incl all
E0469,Lung expans high oscil neb
E0470,Rad w/o backup non-inv intfc
E0471,Rad w/backup non inv intrfc
E0472,Rad w backup invasive intrfc
E0480,Percussor elect/pneum home m
E0481,Intrpulmnry percuss vent sys
E0482,Cough stimulating device
E0483,Hi freq chest wall oscil sys
E0484,Non-elec oscillatory pep dvc
E0485,Oral device/appliance prefab
E0486,Oral device/appliance cusfab
E0487,Electronic spirometer
E0490,Control unit nm hw remote
E0491,Oral dv nm mouthpc hw remote
E0492,Control unit nm stim w phone
E0493,Oral dv/app neuromus mouthpi
E0500,Ippb all types
E0530,Electronic posa treatment
E0550,Humidif extens supple w ippb
E0555,Humidifier for use w/ regula
E0560,Humidifier supplemental w/ i
E0561,Humidifier nonheated w pap
E0562,Humidifier heated used w pap
E0565,Compressor air power source
E0570,Nebulizer with compression
E0572,Aerosol compressor adjust pr
E0574,Ultrasonic generator w svneb
E0575,Nebulizer ultrasonic
E0580,Nebulizer for use w/ regulat
E0585,Nebulizer w/ compressor & he
E0600,Suction pump portab hom modl
E0601,Cont airway pressure device
E0602,Manual breast pump
E0603,Electric breast pump
E0604,Hosp grade elec breast pump
E0605,Vaporizer room type
E0606,Drainage board postural
E0607,Blood glucose monitor home
E0610,Pacemaker monitr audible/vis
E0615,Pacemaker monitr digital/vis
E0616,Cardiac event recorder
E0617,Automatic ext defibrillator
E0618,Apnea monitor
E0619,Apnea monitor w recorder
E0620,Cap bld skin piercing laser
E0621,Patient lift sling or seat
E0625,"Patient lift, bathroom or toilet, not otherwise classified"
E0627,"Seat lift mech, electric any"
E0628,Seat lift for pt furn-electr
E0629,"Seat lift mech, non-electric"
E0630,Patient lift hydraulic
E0635,Patient lift electric
E0636,Pt support & positioning sys
E0637,Combination sit to stand sys
E0638,Standing frame sys
E0639,Moveable patient lift system
E0640,Fixed patient lift system
E0641,Multi-position stnd fram sys
E0642,Dynamic standing frame
E0650,Pneuma compresor non-segment
E0651,Pneum compressor segmental
E0652,Pneum compres w/cal pressure
E0655,Pneumatic appliance half arm
E0656,Segmental pneumatic trunk
E0657,Segmental pneumatic chest
E0658,Seg pneum comp 2 arm chest
E0659,Seg pneum comp head neck che
E0660,Pneumatic appliance full leg
E0665,Pneumatic appliance full arm
E0666,Pneumatic appliance half leg
E0667,Seg pneumatic appl full leg
E0668,Seg pneumatic appl full arm
E0669,Seg pneumatic appli half leg
E0670,Seg pneum int legs/trunk
E0671,Pressure pneum appl full leg
E0672,Pressure pneum appl full arm
E0673,Pressure pneum appl half leg
E0675,Pneumatic compression device
E0676,"Intermittent limb compression device (includes all accessories), not otherwise specified"
E0677,Non pneum seq comp trunk
E0678,Non pneum seq comp full leg
E0679,Non pneum seq comp half leg
E0680,Non pneum comp control cal
E0681,Non pneu comp control w/o ca
E0682,Non pneum compress full arm
E0683,Non pneu peristalic comp pmp
E0691,Uvl pnl 2 sq ft or less
E0692,Uvl sys panel 4 ft
E0693,Uvl sys panel 6 ft
E0694,Uvl md cabinet sys 6 ft
E0700,Safety equipment
E0705,Transfer device
E0710,Restraints any type
E0711,Ue enclosure restr rom
E0715,Intravag pelvic floor kegel
E0716,Supp and acces intravag pelv
E0720,Tens two lead
E0721,Trans elec stim auricular
E0730,Tens four lead
E0731,Conductive garment for tens/
E0732,Ces system
E0733,Trans elec nerv for trigemin
E0734,Ext up limb tremor stim wris
E0735,Non-invasive vagus nerv stim
E0736,Transcut tibial nerv stimula
E0737,Transcut tibial stim by app
E0738,Upper extremity rehab
E0739,Rehab sys active assist rt
E0740,Non-implant pelv flr e-stim
E0743,Ext low ext nerve stimu rls
E0744,Neuromuscular stim for scoli
E0745,Neuromuscular stim for shock
E0746,Electromyograph biofeedback
E0747,Elec osteogen stim not spine
E0748,Elec osteogen stim spinal
E0749,Elec osteogen stim implanted
E0755,Electronic salivary reflex s
E0760,Osteogen ultrasound stimltor
E0761,Nontherm electromgntc device
E0762,Trans elec jt stim dev sys
E0764,Functional neuromuscularstim
E0765,Nerve stimulator for tx n&v
E0766,Elec stim cancer treatment
E0767,Intrabuc am rf emf cancer tx
E0769,"Electrical stimulation or electromagnetic wound treatment device, not otherwise classified"
E0770,"Functional electrical stimulator, transcutaneous stimulation of nerve and/or muscle groups, any type, complete system, not otherwise specified"
E0776,Iv pole
E0779,Amb infusion pump mechanical
E0780,Mech amb infusion pump <8hrs
E0781,External ambulatory infus pu
E0782,Non-programble infusion pump
E0783,Programmable infusion pump
E0784,Ext amb infusn pump insulin
E0785,Replacement impl pump cathet
E0786,Implantable pump replacement
E0787,Cgs dose adj insulin inf pmp
E0791,Parenteral infusion pump sta
E0830,Ambulatory traction device
E0840,Tract frame attach headboard
E0849,Cervical pneum trac equip
E0850,Traction stand free standing
E0855,Cervical traction equipment
E0856,Cervic collar w air bladders
E0860,Tract equip cervical tract
E0870,Tract frame attach footboard
E0880,Trac stand free stand extrem
E0890,Traction frame attach pelvic
E0900,Trac stand free stand pelvic
E0910,Trapeze bar attached to bed
E0911,Hd trapeze bar attach to bed
E0912,Hd trapeze bar free standing
E0920,Fracture frame attached to b
E0930,Fracture frame free standing
E0935,Cont pas motion exercise dev
E0936,"Cpm device, other than knee"
E0940,Trapeze bar free standing
E0941,Gravity assisted traction de
E0942,Cervical head harness/halter
E0944,Pelvic belt/harness/boot
E0945,Belt/harness extremity
E0946,Fracture frame dual w cross
E0947,Fracture frame attachmnts pe
E0948,Fracture frame attachmnts ce
E0950,Tray
E0951,Loop heel
E0952,"Toe loop/holder, each"
E0953,W/c lateral thigh/knee sup
E0954,"Foot box, any type each foot"
E0955,Cushioned headrest
E0956,W/c lateral trunk/hip suppor
E0957,W/c medial thigh support
E0958,Whlchr att- conv 1 arm drive
E0959,Amputee adapter
E0960,W/c shoulder harness/straps
E0961,Wheelchair brake extension
E0966,Wheelchair head rest extensi
E0967,Man wc rim/projection rep ea
E0968,Wheelchair commode seat
E0969,Wheelchair narrowing device
E0970,Wheelchair no. 2 footplates
E0971,Wheelchair anti-tipping devi
E0973,W/ch access det adj armrest
E0974,W/ch access anti-rollback
E0978,"W/c acc,saf belt pelv strap"
E0980,Wheelchair safety vest
E0981,"Seat upholstery, replacement"
E0982,"Back upholstery, replacement"
E0983,Add pwr joystick
E0984,Add pwr tiller
E0985,W/c seat lift mechanism
E0986,Man w/c powr assist syst
E0988,Lever-activated wheel drive
E0990,Wheelchair elevating leg res
E0992,Wheelchair solid seat insert
E0994,Wheelchair arm rest
E0995,"Wc calf rest, pad replacemnt"
E1002,Pwr seat tilt
E1003,Pwr seat recline
E1004,Pwr seat recline mech
E1005,Pwr seat recline pwr
E1006,Pwr seat combo w/o shear
E1007,Pwr seat combo w/shear
E1008,Pwr seat combo pwr shear
E1009,Add mech leg elevation
E1010,Add pwr leg elevation
E1011,Ped wc modify width adjustm
E1012,Ctr mount pwr elev leg rest
E1014,Reclining back add ped w/c
E1015,Shock absorber for man w/c
E1016,Shock absorber for power w/c
E1017,Hd shck absrbr for hd man wc
E1018,Hd shck absrber for hd powwc
E1020,Residual limb support system
E1022,Wheelchr transport secur
E1023,Wheelchr transit securement
E1028,W/c manual swingaway
E1029,W/c vent tray fixed
E1030,W/c vent tray gimbaled
E1031,Rollabout chair with casters
E1032,Wheelchair joystick drive
E1033,Wheelchair hardware headrest
E1034,Wheelchair trunk hip support
E1035,Patient transfer system <300
E1036,Patient transfer system >300
E1037,"Transport chair, ped size"
E1038,Transport chair pt wt<=300lb
E1039,Transport chair pt wt >300lb
E1050,Whelchr fxd full length arms
E1060,Wheelchair detachable arms
E1070,Wheelchair detachable foot r
E1083,Hemi-wheelchair fixed arms
E1084,Hemi-wheelchair detachable a
E1085,Hemi-wheelchair fixed arms
E1086,Hemi-wheelchair detachable a
E1087,Wheelchair lightwt fixed arm
E1088,Wheelchair lightweight det a
E1089,Wheelchair lightwt fixed arm
E1090,Wheelchair lightweight det a
E1092,Wheelchair wide w/ leg rests
E1093,Wheelchair wide w/ foot rest
E1100,Whchr s-recl fxd arm leg res
E1110,Wheelchair semi-recl detach
E1130,Whlchr stand fxd arm ft rest
E1140,Wheelchair standard detach a
E1150,Wheelchair standard w/ leg r
E1160,Wheelchair fixed arms
E1161,Manual adult wc w tiltinspac
E1170,Whlchr ampu fxd arm leg rest
E1171,Wheelchair amputee w/o leg r
E1172,Wheelchair amputee detach ar
E1180,Wheelchair amputee w/ foot r
E1190,Wheelchair amputee w/ leg re
E1195,Wheelchair amputee heavy dut
E1200,Wheelchair amputee fixed arm
E1220,Whlchr special size/constrc
E1221,Wheelchair spec size w foot
E1222,Wheelchair spec size w/ leg
E1223,Wheelchair spec size w foot
E1224,Wheelchair spec size w/ leg
E1225,Manual semi-reclining back
E1226,Manual fully reclining back
E1227,Wheelchair spec sz spec ht a
E1228,Wheelchair spec sz spec ht b
E1229,"Wheelchair, pediatric size, not otherwise specified"
E1230,Power operated vehicle
E1231,Rigid ped w/c tilt-in-space
E1232,Folding ped wc tilt-in-space
E1233,Rig ped wc tltnspc w/o seat
E1234,Fld ped wc tltnspc w/o seat
E1235,Rigid ped wc adjustable
E1236,Folding ped wc adjustable
E1237,Rgd ped wc adjstabl w/o seat
E1238,Fld ped wc adjstabl w/o seat
E1239,"Power wheelchair, pediatric size, not otherwise specified"
E1240,Whchr litwt det arm leg rest
E1250,Wheelchair lightwt fixed arm
E1260,Wheelchair lightwt foot rest
E1270,Wheelchair lightweight leg r
E1280,Whchr h-duty det arm leg res
E1285,Wheelchair heavy duty fixed
E1290,Wheelchair hvy duty detach a
E1295,Wheelchair heavy duty fixed
E1296,Wheelchair special seat heig
E1297,Wheelchair special seat dept
E1298,Wheelchair spec seat depth/w
E1300,Whirlpool portable
E1301,Whirlpool tub walkin portabl
E1310,Whirlpool non-portable
E1352,O2 flow reg pos inspir press
E1353,Oxygen supplies regulator
E1354,"Wheeled cart, port cyl/conc"
E1355,Oxygen supplies stand/rack
E1356,"Batt pack/cart, port conc"
E1357,"Battery charger, port conc"
E1358,"Dc power adapter, port conc"
E1372,Oxy suppl heater for nebuliz
E1390,Oxygen concentrator
E1391,"Oxygen concentrator, dual"
E1392,Portable oxygen concentrator
E1399,"Durable medical equipment, miscellaneous"
E1405,O2/water vapor enrich w/heat
E1406,O2/water vapor enrich w/o he
E1500,Centrifuge
E1510,Kidney dialysate delivry sys
E1520,Heparin infusion pump
E1530,Replacement air bubble detec
E1540,Replacement pressure alarm
E1550,Bath conductivity meter
E1560,Replace blood leak detector
E1570,Adjustable chair for esrd pt
E1575,Transducer protect/fld bar
E1580,Unipuncture control system
E1590,Hemodialysis machine
E1592,Auto interm peritoneal dialy
E1594,Cycler dialysis machine
E1600,Deli/install chrg hemo equip
E1610,Reverse osmosis h2o puri sys
E1615,Deionizer h2o puri system
E1620,Replacement blood pump
E1625,Water softening system
E1629,Tablo for dialysis service
E1630,Reciprocating peritoneal dia
E1632,Wearable artificial kidney
E1634,Peritoneal dialysis clamp
E1635,Compact travel hemodialyzer
E1636,Sorbent cartridges per 10
E1637,"Hemostats for dialysis, each"
E1639,"Scale, each"
E1699,"Dialysis equipment, not otherwise specified"
E1700,Jaw motion rehab system
E1701,Repl cushions for jaw motion
E1702,Repl measr scales jaw motion
E1800,Adjust elbow ext & flex dev
E1801,Sps/pass elbow device
E1802,Adjst forearm pro/sup device
E1803,Adjust elbow extension dev
E1804,Adjust elbow flexion dev
E1805,Adjust wrist ext & flex dev
E1806,Sps wrist device
E1807,Adjust wrist extension dev
E1808,Adjust wrist flexion device
E1810,Adjust knee ext & flex dev
E1811,Sps/pass knee device
E1812,Knee ext/flex w act res ctrl
E1813,Adjust knee extension device
E1814,Adjust knee flexion device
E1815,Adjust ankle ext & flex dev
E1816,Sps/pass ankle device
E1818,Sps/pass forearm device
E1820,Soft interface material
E1821,Replacement interface spsd
E1822,Adjust ankle extension dev
E1823,Adjust ankle flexion device
E1825,Adjust finger ext & flex dev
E1826,Adjust finger extension dev
E1827,Adjust finger flexion device
E1828,Adjust toe extension device
E1829,Adjust toe flexion device
E1830,Adjust toe ext & flex device
E1831,Static str toe dev ext/flex
E1832,Sps finger device
E1840,Adj shoulder ext/flex device
E1841,Sps/pass shoulder device
E1902,Aac non-electronic board
E1905,Vr cbt therapy
E2000,Gastric suction pump hme mdl
E2001,Suct pum ext mgmt sys
E2100,Bld glucose monitor w voice
E2101,Bld glucose monitor w lance
E2102,Adju cgm receiver/monitor
E2103,Non-adju cgm receiver/mon
E2104,Glucose monitor w cartridge
E2120,Pulse gen sys tx endolymp fl
E2201,"Man w/ch acc seat w>=20""<24"""
E2202,Seat width 24-27 in
E2203,Frame depth less than 22 in
E2204,Frame depth 22 to 25 in
E2205,"Manual wc accessory, handrim"
E2206,Man wc whl lock comp repl ea
E2207,Crutch and cane holder
E2208,Cylinder tank carrier
E2209,Arm trough each
E2210,Wheelchair bearings
E2211,Pneumatic propulsion tire
E2212,Pneumatic prop tire tube
E2213,Pneumatic prop tire insert
E2214,Pneumatic caster tire each
E2215,Pneumatic caster tire tube
E2216,Foam filled propulsion tire
E2217,Foam filled caster tire each
E2218,Foam propulsion tire each
E2219,Foam caster tire any size ea
E2220,"Solid propuls tire, repl, ea"
E2221,"Solid caster tire repl, each"
E2222,"Solid caster integ whl, repl"
E2224,Propulsion whl excl tire rep
E2225,Caster wheel excludes tire
E2226,Caster fork replacement only
E2227,Gear reduction drive wheel
E2228,"Mwc acc, wheelchair brake"
E2230,Manual standing system
E2231,Solid seat support base
E2291,Planar back for ped size wc
E2292,Planar seat for ped size wc
E2293,Contour back for ped size wc
E2294,Contour seat for ped size wc
E2295,Ped dynamic seating frame
E2298,Pwr seat elev sys for crt
E2300,Pwr seat elevation sys
E2301,Pwr standing
E2310,Electro connect btw control
E2311,Electro connect btw 2 sys
E2312,Mini-prop remote joystick
E2313,"Pwc harness, expand control"
E2321,Hand interface joystick
E2322,Mult mech switches
E2323,Special joystick handle
E2324,Chin cup interface
E2325,Sip and puff interface
E2326,Breath tube kit
E2327,Head control interface mech
E2328,Head/extremity control inter
E2329,Head control nonproportional
E2330,Head control proximity switc
E2331,Attendant control
E2340,W/c wdth 20-23 in seat frame
E2341,W/c wdth 24-27 in seat frame
E2342,W/c dpth 20-21 in seat frame
E2343,W/c dpth 22-25 in seat frame
E2351,Electronic sgd interface
E2358,Gr 34 nonsealed leadacid
E2359,Gr34 sealed leadacid battery
E2360,22nf nonsealed leadacid
E2361,22nf sealed leadacid battery
E2362,Gr24 nonsealed leadacid
E2363,Gr24 sealed leadacid battery
E2364,U1nonsealed leadacid battery
E2365,U1 sealed leadacid battery
E2366,"Battery charger, single mode"
E2367,"Battery charger, dual mode"
E2368,Pwr wc drivewheel motor repl
E2369,Pwr wc drivewheel gear repl
E2370,Pwr wc dr wh motor/gear comb
E2371,Gr27 sealed leadacid battery
E2372,Gr27 non-sealed leadacid
E2373,Hand/chin ctrl spec joystick
E2374,Hand/chin ctrl std joystick
E2375,Non-expandable controller
E2376,"Expandable controller, repl"
E2377,"Expandable controller, initl"
E2378,Pw actuator replacement
E2381,Pneum drive wheel tire
E2382,"Tube, pneum wheel drive tire"
E2383,"Insert, pneum wheel drive"
E2384,Pneumatic caster tire
E2385,"Tube, pneumatic caster tire"
E2386,Foam filled drive wheel tire
E2387,Foam filled caster tire
E2388,Foam drive wheel tire
E2389,Foam caster tire
E2390,Solid drive wheel tire
E2391,Solid caster tire
E2392,"Solid caster tire, integrate"
E2394,Drive wheel excludes tire
E2395,Caster wheel excludes tire
E2396,Caster fork
E2397,"Pwc acc, lith-based battery"
E2398,Wc dynamic pos back hardware
E2402,Neg press wound therapy pump
E2500,Sgd digitized pre-rec <=8min
E2502,Sgd prerec msg >8min <=20min
E2504,Sgd prerec msg>20min <=40min
E2506,Sgd prerec msg > 40 min
E2508,Sgd spelling phys contact
E2510,Sgd w multi methods msg/accs
E2511,Sgd sftwre prgrm for pc/pda
E2512,"Sgd accessory, mounting sys"
E2513,"Sgd accessory, emg sensor"
E2599,"Accessory for speech generating device, not otherwise classified"
E2601,Gen w/c cushion wdth < 22 in
E2602,Gen w/c cushion wdth >=22 in
E2603,Skin protect wc cus wd <22in
E2604,Skin protect wc cus wd>=22in
E2605,Position wc cush wdth <22 in
E2606,Position wc cush wdth>=22 in
E2607,Skin pro/pos wc cus wd <22in
E2608,Skin pro/pos wc cus wd>=22in
E2609,Custom fabricate w/c cushion
E2610,Powered w/c cushion
E2611,Gen use back cush wdth <22in
E2612,Gen use back cush wdth>=22in
E2613,Position back cush wd <22in
E2614,Position back cush wd>=22in
E2615,Pos back post/lat wdth <22in
E2616,Pos back post/lat wdth>=22in
E2617,Custom fab w/c back cushion
E2619,Replace cover w/c seat cush
E2620,Wc planar back cush wd <22in
E2621,Wc planar back cush wd>=22in
E2622,Adj skin pro w/c cus wd<22in
E2623,Adj skin pro wc cus wd>=22in
E2624,Adj skin pro/pos cus<22in
E2625,Adj skin pro/pos wc cus>=22
E2626,Seo mobile arm sup att to wc
E2627,Arm supp att to wc rancho ty
E2628,Mobile arm supports reclinin
E2629,Friction dampening arm supp
E2630,Monosuspension arm/hand supp
E2631,Elevat proximal arm support
E2632,Offset/lat rocker arm w/ela
E2633,Mobile arm support supinator
E3000,Speech volume modulation sys
E3200,Gait mod systm rhym auditory
E8000,Posterior gait trainer
E8001,Upright gait trainer
E8002,Anterior gait trainer
G0008,Admin influenza virus vac
G0009,Admin pneumococcal vaccine
G0010,Admin hepatitis b vaccine
G0011,"Hiv prep counsel, md 15-30m"
G0012,Injection of hiv prep drug
G0013,"Hiv prep counsel, clin staff"
G0017,Crisis psychotherapy 60m
G0018,Crisis psychotherapy add 30m
G0019,Comm hlth intg svs sdoh 60mn
G0022,Comm hlth intg svs add 30 m
G0023,Pin service 60m per month
G0024,Pin srv add 30 min pr m
G0027,Semen analysis
G0028,Doc med rsn no scr tob
G0029,No tob scr/cess int
G0030,Pt scr tob & cess int
G0031,Pall serv during meas
G0032,2+ antipsy schiz
G0033,2+ benzo seiz
G0034,Pall serv during meas
G0035,Pt ed pos 23
G0036,Pt/ptn decln assess
G0037,Pt not able to participate
G0038,Clin pt no ref
G0039,"Pt no ref, rn spec"
G0040,Pt phys/occ therapy
G0041,Pt/ptn decln referral
G0042,Ref to therapy
G0043,Pt mech pros ht valv
G0044,Pt mitral stenosis
G0045,Mrs 90 days post stk
G0046,No mrs 90 days post stk
G0047,Ped blunt hd traum
G0048,Pall serv during meas
G0049,Main hemo in-cntr
G0050,Pt w/ lmted life expec
G0051,Pt hospice mnth
G0052,Pt peri dialysis dur mo
G0053,Adv rheum pt care mvp
G0054,Strk cr prev pos outcme mvp
G0055,Adv care heart dx mvp
G0056,Opt chronic dx mang mvp
G0057,Best pct pt safety em mvp
G0058,Imprv care le jnt repr mvp
G0059,Pt sfty pos exp w aneth mvp
G0060,Allergy/immunology ss
G0061,Anesthesiology ss
G0062,Audiology ss
G0063,Cardiology ss
G0064,Cert nurse midwife ss
G0065,Chiropractic ss
G0066,Clinical social work ss
G0067,Dentistry ss
G0068,Adm iv infusion drug in home
G0069,Adm sq infusion drug in home
G0070,Adm of chemo drug in home
G0071,Comm svcs by rhc/fqhc 5 min
G0076,Care manag h vst new pt 20 m
G0077,Care manag h vst new pt 30 m
G0078,Care manag h vst new pt 45 m
G0079,Care manag h vst new pt 60 m
G0080,Care manag h vst new pt 75 m
G0081,Care man h v ext pt 20 mi
G0082,Care man h v ext pt 30 m
G0083,Care man h v ext pt 45 m
G0084,Care man h v ext pt 60 m
G0085,Care man h v ext pt 75 m
G0086,Care man home care plan 30 m
G0087,Care man home care plan 60 m
G0088,Adm iv drug 1st home visit
G0089,Adm subq drug 1st home visit
G0090,Adm iv chemo 1st home visit
G0101,Ca screen;pelvic/breast exam
G0102,Prostate ca screening; dre
G0103,Psa screening
G0104,Ca screen;flexi sigmoidscope
G0105,Colorectal scrn; hi risk ind
G0106,Colon ca screen;barium enema
G0108,Diab manage trn  per indiv
G0109,Diab manage trn ind/group
G0117,Glaucoma scrn hgh risk direc
G0118,Glaucoma scrn hgh risk direc
G0120,Colon ca scrn; barium enema
G0121,Colon ca scrn not hi rsk ind
G0122,Colon ca scrn; barium enema
G0123,Screen cerv/vag thin layer
G0124,Screen c/v thin layer by md
G0127,Trim nail(s)
G0128,Corf skilled nursing service
G0129,Php/iop ot service
G0130,Single energy x-ray study
G0136,Adm of pa/n assess 5-15 m
G0137,"Inten outpt svs,min 9 pr 7 d"
G0138,Iv cipaglucosidase alfa-atga
G0140,Nav srv peer sup 60 min pr m
G0141,"Scr c/v cyto,autosys and md"
G0143,"Scr c/v cyto,thinlayer,rescr"
G0144,"Scr c/v cyto,thinlayer,rescr"
G0145,"Scr c/v cyto,thinlayer,rescr"
G0146,Nav srv peer sup add 30 pr m
G0147,"Scr c/v cyto, automated sys"
G0148,"Scr c/v cyto, autosys, rescr"
G0151,"Hhcp-serv of pt,ea 15 min"
G0152,"Hhcp-serv of ot,ea 15 min"
G0153,"Hhcp-svs of s/l path,ea 15mn"
G0154,"Hhcp-svs of rn,ea 15 min"
G0155,"Hhcp-svs of csw,ea 15 min"
G0156,"Hhcp-svs of aide,ea 15 min"
G0157,Hhc pt assistant ea 15
G0158,Hhc ot assistant ea 15
G0159,Hhc pt maint ea 15 min
G0160,Hhc occup therapy ea 15
G0161,Hhc slp ea 15 min
G0162,"Hhc rn e&m plan svs, 15 min"
G0163,Hhc lpn/rn obs/asses ea 15
G0164,Hhc lis nurse train ea 15
G0166,"Extrnl counterpulse, per tx"
G0168,Wound closure by adhesive
G0173,Linear acc stereo radsur com
G0175,"Opps service,sched team conf"
G0176,Opps/php/iop; activity thrpy
G0177,Opps/php/iop; train & educ
G0179,Md recertification hha pt
G0180,Md certification hha patient
G0181,Home health care supervision
G0182,Hospice care supervision
G0183,Software meas of cardiac vol
G0186,"Dstry eye lesn,fdr vssl tech"
G0202,Scr mammo bi incl cad
G0204,Dx mammo incl cad bi
G0206,Dx mammo incl cad uni
G0219,Pet img wholbod melano nonco
G0235,"Pet imaging, any site, not otherwise specified"
G0237,Therapeutic procd strg endur
G0238,"Oth resp proc, indiv"
G0239,"Oth resp proc, group"
G0245,Initial foot exam pt lops
G0246,Followup eval of foot pt lop
G0247,Routine footcare pt w lops
G0248,Demonstrate use home inr mon
G0249,Provide inr test mater/equip
G0250,Md inr test revie inter mgmt
G0251,Linear acc based stero radio
G0252,Pet imaging initial dx
G0255,Current percep threshold tst
G0257,Unsched dialysis esrd pt hos
G0259,Inject for sacroiliac joint
G0260,Inj for sacroiliac jt anesth
G0268,Removal of impacted wax md
G0269,Occlusive device in vein art
G0270,Mnt subs tx for change dx
G0271,Group mnt 2 or more 30 mins
G0276,Pild/placebo control clin tr
G0277,"Hbot, full body chamber, 30m"
G0278,"Iliac art angio,cardiac cath"
G0279,"Tomosynthesis, mammo"
G0281,Elec stim unattend for press
G0282,Elect stim wound care not pd
G0283,Elec stim other than wound
G0288,"Recon, cta for surg plan"
G0289,"Arthro, loose body + chondro"
G0293,"Non-cov surg proc,clin trial"
G0294,"Non-cov proc, clinical trial"
G0295,Electromagnetic therapy onc
G0296,Visit to determ ldct elig
G0297,Ldct for lung ca screen
G0299,Hhs/hospice of rn ea 15 min
G0300,Hhs/hospice of lpn ea 15 min
G0302,Pre-op service lvrs complete
G0303,Pre-op service lvrs 10-15dos
G0304,Pre-op service lvrs 1-9 dos
G0305,Post op service lvrs min 6
G0306,Cbc/diffwbc w/o platelet
G0307,Cbc without platelet
G0308,180 d implant glucose sensor
G0309,Rem/inser glu sensor dif sit
G0310,Immunize counsel 5-15 min
G0311,Immunize counsel 16-30 mins
G0312,Immunize couns < 21yr 5-15 m
G0313,Immunize couns < 21yr 6-30 m
G0314,Counsel immune <21 16-30 m
G0315,Counsel immune <21  5-15 m
G0316,Prolong inpt eval add15 m
G0317,Prolong nursin fac eval 15m
G0318,Prolong home eval add 15m
G0320,Two-way audio and video hhs
G0321,Audio-only hhs
G0322,Home h physio data collec tr
G0323,Care manage beh svs 20mins
G0327,Colon ca scrn;bld-bsd biomrk
G0328,Fecal blood scrn immunoassay
G0329,Electromagntic tx for ulcers
G0330,Facility svs dental rehab
G0333,Dispense fee initial 30 day
G0337,Hospice evaluation preelecti
G0339,"Robot lin-radsurg com, first"
G0340,Robt lin-radsurg fractx 2-5
G0341,Percutaneous islet celltrans
G0342,Laparoscopy islet cell trans
G0343,Laparotomy islet cell transp
G0364,Bone marrow aspirate &biopsy
G0365,Vessel mapping hemo access
G0372,Md service required for pmd
G0378,Hospital observation per hr
G0379,Direct refer hospital observ
G0380,Lev 1 hosp type b ed visit
G0381,Lev 2 hosp type b ed visit
G0382,Lev 3 hosp type b ed visit
G0383,Lev 4 hosp type b ed visit
G0384,Lev 5 hosp type b ed visit
G0389,Ultrasound exam aaa screen
G0390,Trauma respons w/hosp criti
G0396,Alcohol/subs interv 15-30mn
G0397,Alcohol/subs interv >30 min
G0398,Home sleep test/type 2 porta
G0399,Home sleep test/type 3 porta
G0400,Home sleep test/type 4 porta
G0402,Initial preventive exam
G0403,Ekg for initial prevent exam
G0404,Ekg tracing for initial prev
G0405,Ekg interpret & report preve
G0406,Inpt/tele follow up 15
G0407,Inpt/tele follow up 25
G0408,Inpt/tele follow up 35
G0409,Corf related serv 15 mins ea
G0410,Grp psych php/iop 45-50
G0411,Interactive grp psyc php/iop
G0412,Open tx iliac spine uni/bil
G0413,Pelvic ring fracture uni/bil
G0414,Pelvic ring fx treat int fix
G0415,Open tx post pelvic fxcture
G0416,"Prostate biopsy, any mthd"
G0417,Sat biopsy prostate 21-40
G0418,Sat biopsy prostate 41-60
G0419,Sat biopsy prostate: >60
G0420,Ed svc ckd ind per session
G0421,Ed svc ckd grp per session
G0422,Intens cardiac rehab w/exerc
G0423,Intens cardiac rehab no exer
G0424,Pulmonary rehab w exer
G0425,Inpt/ed teleconsult30
G0426,Inpt/ed teleconsult50
G0427,Inpt/ed teleconsult70
G0428,Collagen meniscus implant
G0429,Dermal filler injection(s)
G0431,Drug screen multiple class
G0432,Eia hiv-1/hiv-2 screen
G0433,Elisa hiv-1/hiv-2 screen
G0434,Drug screen multi drug class
G0435,Oral hiv-1/hiv-2 screen
G0436,Tobacco-use counsel 3-10 min
G0437,Tobacco-use counsel>10min
G0438,"Ppps, initial visit"
G0439,"Ppps, subseq visit"
G0442,Annual alcohol screen 15 min
G0443,Brief alcohol misuse counsel
G0444,Depression screen annual
G0445,High inten beh couns std 30m
G0446,Intens behave ther cardio dx
G0447,Behavior counsel obesity 15m
G0448,Place perm pacing cardiovert
G0451,Devlopment test interpt&rep
G0452,Molecular pathology interpr
G0453,Cont intraop neuro monitor
G0454,Md document visit by npp
G0455,Fecal microbiota prep instil
G0456,Neg pre wound <=50 sq cm
G0457,Neg pres wound >50 sq cm
G0458,Ldr prostate brachy comp rat
G0459,Telehealth inpt pharm mgmt
G0460,Autolog prp not diab ulcer
G0461,Immunohisto/cyto chem 1st st
G0462,Immunohisto/cyto chem add
G0463,Hospital outpt clinic visit
G0464,"Colorec ca scr, sto bas dna"
G0465,Autolog prp diab wound ulcer
G0466,Fqhc visit new patient
G0467,"Fqhc visit, estab pt"
G0468,"Fqhc visit, ippe or awv"
G0469,"Fqhc visit, mh new pt"
G0470,"Fqhc visit, mh estab pt"
G0471,Ven blood coll snf/hha
G0472,Hep c screen high risk/other
G0473,Group behave couns 2-10
G0475,Hiv combination assay
G0476,Hpv combo assay ca screen
G0477,Drug test presump optical
G0478,Drug test presump opt inst
G0479,Drug test presump not opt
G0480,Drug test def 1-7 classes
G0481,Drug test def 8-14 classes
G0482,Drug test def 15-21 classes
G0483,Drug test def 22+ classes
G0490,"Home visit rn, lpn by rhc/fq"
G0491,Dialysis acu kidney no esrd
G0492,Md/oth eval acut kid no esrd
G0493,Rn care ea 15 min hh/hospice
G0494,Lpn care ea 15min hh/hospice
G0495,Rn care train/edu in hh
G0496,Lpn care train/edu in hh
G0498,Chemo extend iv infus w/pump
G0499,Hepb screen high risk indiv
G0500,Mod sedat endo service >5yrs
G0501,Resource-inten svc during ov
G0502,"Init psych care manag, 70min"
G0503,"Subseq  psych care man,60mi"
G0504,Init/sub psych care add 30 m
G0505,Cog/func assessment  outpt
G0506,Comp asses care plan ccm svc
G0507,Care manage serv minimum 20
G0508,Crit care telehea consult 60
G0509,Crit care telehea consult 50
G0511,Ccm/bhi by rhc/fqhc 20min mo
G0512,Cocm by rhc/fqhc 60 min mo
G0513,"Prolong prev svcs, first 30m"
G0514,"Prolong prev svcs, addl 30m"
G0515,Cognitive skills development
G0516,"Insert drug del implant, >=4"
G0517,Remove drug implant
G0518,Remove w insert drug implant
G0519,New pt-cg dyad dem low cmplx
G0520,New pt-cg dyad dem mod cmplx
G0521,New pt-cg dyad dem hig cmplx
G0522,Mgt nw pt dementia low cmplx
G0523,Mgt nw pt dem mod-high cmplx
G0524,Est pt-cg dyad dem low cmplx
G0525,Est pt-cg dyad dem mod cmplx
G0526,Est pt-cg dyad dem hig cmplx
G0527,Mgt est pt dmentia low cmplx
G0528,Mgt est pt dem mod-hi cmplx
G0529,"In home respite care, 4 hr u"
G0530,"Adult daycare center, 8 hr u"
G0531,"Fclty-based respite, 24 hr u"
G0532,Take home supp nasal spray
G0533,Buprenorphone inj weekly
G0534,Coordinated care/or referral
G0535,Pt navigat svs direct/ref
G0536,Peer recover support svs
G0537,Risk ascvd tst once pr 12 mo
G0538,Ascvd rsk mng clin stf pr mo
G0539,Initial care training 30 m
G0540,Train for caregiver add 15
G0541,No pt prsnt train initial 30
G0542,No pt prsnt train add 15
G0543,Group train w/o patient
G0544,Post d/c phone follow up
G0545,Inherent visit to inpt
G0546,Phone/internet ehr assess
G0547,Phone/internet svs 11-20 m
G0548,Phone/inter svs 21-30 m
G0549,Phone/inter for treat>31m
G0550,Phone/inter for dx/treat >5m
G0551,Phn/intr svs fr dx treat 30m
G0552,Supply of digital device
G0553,Monthly tx for dmht 20mins
G0554,Add 20 m of monthly tx
G0555,Replacment pt electronic sys
G0556,Adv prim care mgmt lvl 1
G0557,Adv prim care mgmt lvl 2
G0558,Adv prim care mgmt lvl 3
G0559,Unrelat prac follow up visit
G0560,Safety plan interven
G0561,"Temp tube delivery, unil"
G0562,Complex simulation w/pet-ct
G0563,Sbrt w/positron emission del
G0564,365 d implant glucose sensor
G0565,Rem/ins glu snsr 365 dif sit
G0566,3d bn img algor drvd fr mri
G0567,Screening hep c detect
G0568,"Int psych care mng, 1 cal mo"
G0569,"Subs psych care mng, subs mo"
G0570,"Care manage serv, pr cal mo"
G0571,Intraop nerve cryoablation
G0574,Mgt new pt dem res care cmmi
G0575,Mgt est pt dem res care cmmi
G0577,"Vasc emb/occl organ, pgc"
G0659,Drug test def simple all cl
G0660,Team remote e/m new pt 10 mn
G0661,Team remote e/m new pt 20 mn
G0662,Team remote e/m new pt 30 mn
G0663,Team remote e/m new pt 45 mn
G0664,Team remote e/m new pt 60 mn
G0665,Team remote e/m est pt 10 mn
G0666,Team remote e/m est pt 15 mn
G0667,Team remote e/m est pt 25 mn
G0668,Team remote e/m est pt 40 mn
G0669,Eckm oap-initial period
G0670,Eckm oap-follow-on period(s)
G0671,Ckm oap-initial period
G0672,Ckm oap-follow-on period(s)
G0673,Msk oap-initial period
G0674,Bh oap-initial period
G0675,Bh oap-follow-on period(s)
G0676,"Std co-mgmt-eckm, ckm"
G0677,Std co-mgmt-msk
G0678,Std co-mgmt-bh
G0680,Cr art clc art vlv clc w rpt
G0681,App of non-sheet skin sub
G0682,App non-sheet skin sub add
G0683,App of non-sheet skin sub g
G0684,App non-sheet skin sb g addl
G0908,Hgb > 12 g/dl
G0909,Hbg not doc
G0910,Hgb <= 12 g/dl
G0913,Improve visual funct
G0914,Survey not complete
G0915,No improve visual funct
G0916,Satisfy with care
G0917,Care survey not complete
G0918,No satisfy with care
G0919,Flu immunize not avail
G0920,Type loc act doc
G0921,Doc pt reas no assess
G0922,Type loc act not doc
G1000,Cdsm applied pathways
G1001,Cdsm evicore
G1002,Cdsm medcurrent
G1003,Cdsm medicalis
G1004,Cdsm ndsc
G1005,Cdsm nia
G1006,Cdsm test approp
G1007,Cdsm aim
G1008,Cdsm cranberry pk
G1009,Cdsm sage health
G1010,Cdsm stanson
G1011,"Clinical decision support mechanism, qualified tool not otherwise specified, as defined by the medicare appropriate use criteria program"
G1012,Cdsm agilemd
G1013,Cdsm evidencecare
G1014,Cdsm inveniqa
G1015,Cdsm reliant
G1016,Cdsm speed of care
G1017,Cdsm healthhelp
G1018,Cdsm infinx
G1019,Cdsm logicnets
G1020,Cdsm curbside
G1021,Cdsm ehealthline
G1022,Cdsm intermountain
G1023,Cdsm persivia
G1024,Cdsm radrite
G1025,Pt mnth 1 mcp prov
G1026,Pt hemo > 3mo
G1027,Pt hemo < 3mo
G1028,Take home supply 8mg per 0.1
G2000,Blinded conv. tx mdd clin tr
G2001,Post d/c h vst new pt 20 m
G2002,Post-d/c h vst new pt 30 m
G2003,Post-d/c h vst new pt 45 m
G2004,Post-d/c h vst new pt 60 m
G2005,Post-d/c h vst new pt 75 m
G2006,Post-d/c h vst ext pt 20 m
G2007,Post-d/c h vst ext pt 30 m
G2008,Post-d/c h vst ext pt 45 m
G2009,Post-d/c h vst ext pt 60 m
G2010,Remot image submit by pt
G2011,Alcohol/sub misuse assess
G2012,Brief check in by md/qhp
G2013,Post-d/c h vst ext pt 75 m
G2014,Post-d/c care plan overs 30m
G2015,Post-d/c care plan overs 60m
G2020,Hi inten serv for sip model
G2021,Hea care pract tx in place
G2022,"Benef refuses service, mod"
G2023,Specimen collect covid-19
G2024,Spec coll snf/lab covid-19
G2025,Dis site tele svcs rhc/fqhc
G2058,Ccm add 20min
G2061,Qual nonmd est pt 5-10m
G2062,Qual nonmd est pt 11-20m
G2063,Qual nonmd est pt 21>min
G2064,Md mang high risk dx 30
G2065,Clin mang h risk dx 30
G2066,Inter devc remote 30d
G2067,Med assist tx meth wk
G2068,Med assist tx bupre oral
G2069,Med assist tx inject
G2070,Med assist tx implant
G2071,Med tx remove implant
G2072,Med tx insert/remove imp
G2073,Med tx naltrexone
G2074,Med assist tx no drug
G2075,"Medication assisted treatment, medication not otherwise specified; weekly bundle including dispensing and/or administration, substance use counseling, individual and group therapy, and toxicology testing, if performed (provision of the services by a medicare-enrolled opioid treatment program)"
G2076,Intake act w/med exam
G2077,Periodic assessment
G2078,Take-home meth
G2079,Take-hom buprenorphine
G2080,Add 30 mins counsel
G2081,Pt 66+ snp or ltc pos > 90d
G2082,Visit esketamine 56m or less
G2083,"Visit esketamine, > 56m"
G2086,Off base opioid tx 70min
G2087,"Off base opioid tx, 60 m"
G2088,"Off base opioid tx, add30"
G2089,A1c level 7 to 9%
G2090,Pt 66+ frailty and med dem
G2091,Pt 66+ frailty and adv ill
G2092,Ace arb arni
G2093,Med doc rsn no ace arn arni
G2094,Pt rsn no ace arn arni
G2095,Sys rsn no ace arn arni
G2096,No rsn ace arb arni
G2097,Dx uri 3d after other dx
G2098,Pt 66+ frailty and med dem
G2099,Pt 66+ frailty and adv ill
G2100,Pt 66+ frailty and med dem
G2101,Pt 66+ frailty and adv ill
G2102,Dil retinal eye exam
G2103,7 stereo photos interpret
G2104,Eye img valid w/7 stereo
G2105,Pt 66+ snp or ltc pos > 90d
G2106,Pt 66+ frailty and med dem
G2107,Pt 66+ frailty and adv ill
G2108,Pt 66+ snp or ltc pos > 90d
G2109,Pt 66+ frailty and med dem
G2110,Pt 66+ frailty and adv ill
G2112,Pred<=5 mg ra glu <6m
G2113,"Pred>5 mg >6m, no chg da"
G2114,Pt 66-80 frailty and med dem
G2115,Pt 66-80 frailty and med dem
G2116,Pt 66-80 frailty and adv ill
G2117,Pt 66-80 frailty and adv ill
G2118,Pt 81+ frailty
G2119,Calc vitd opt
G2120,No calc vitd opt
G2121,Psy dep anx ap and icd asse
G2122,Psy/dep/anx/apandicd noasse
G2123,Pt 66-80 frailty med dem
G2124,Pt 66-80 frailty adv ill
G2125,Pt 81+ frailty
G2126,Pt 66-80 frailty and adv ill
G2127,Pt 66-80 frailty and med dem
G2128,No aspirin med rsn
G2129,No bp outpt
G2130,Pt 66+ lt inst > 90
G2131,Pt 81+ frailty
G2132,Pt 66-80 frailty and med dem
G2133,Pt 66-80 frailty and adv ill
G2134,Pt 66+ frailty and med dem
G2135,Pt 66+ frailty and adv ill
G2136,Bk pain vas 6-20wk <= 3
G2137,Bk pain vas 6-20wk > 3
G2138,Bk pain vas 9-15mo <= 3
G2139,Bk pain vas 9-15mo > 3
G2140,Leg pain vas 6-20wk <= 3
G2141,Leg pain vas 6-20wk > 3
G2142,Fs odi 9-15mo postop<= 22
G2143,Fs odi 9-15mo > 22
G2144,Fs odi 6-20wk postop <= 22
G2145,Fsodi 6-20wk >22 or chg 30pt
G2146,Leg pain vas 9-15mo <= 3
G2147,Leg pain vas 9-15mo > 3
G2148,Mpm used
G2149,No mpm med rsn
G2150,No mpm
G2151,Dx degen neuro
G2152,Res change sc >=0
G2153,Hosp dur meas pd
G2154,Td 9 yrs start end meas
G2155,Hist contraindications
G2156,No prior td or hx contra
G2157,Pneum vacc 12 mo 60+
G2158,Pneum vacc adv rx
G2159,No pneum vacc 12 mo 60+
G2160,Herpzos 50+
G2161,Adv rx zos
G2162,No herpzos 50+
G2163,Infl vacc 07/01 to 06/30
G2164,Adv rx infl vacc
G2165,No infl vacc 07/01 to 06/30
G2166,No pt adm dx no neck fs prom
G2167,Res change sc < 0
G2168,Svs by pt in home health
G2169,Svs by ot in home health
G2170,Avf by tissue w thermal e
G2171,Avf use magnetic/art/ven
G2172,Tx for opioid use demo proj
G2173,Uri w comorb 12m oth dx
G2174,Uri new rx antibiotic 30d
G2175,Pt comorb dx 12m of epi
G2176,Outpt ed obs w inpt admit
G2177,Bronch w rx antibx 30d
G2178,Pt not elig low neuro ex
G2179,Med doc rsn no low ex
G2180,Inelig footwr eval
G2181,Bmi not doc medrsn ptref
G2182,Pt 1st biolog antirheum
G2183,Doc pt unable comm
G2184,No caregiver
G2185,Caregiver dem trained
G2186,Pt ref app rsrcs
G2187,Clin ind img hd trauma
G2188,Pt 50 yrs w/clin ind hd
G2189,Img hd abnml neuro exam
G2190,Ind img hd rad neck
G2191,Ind img hd pos hd ache
G2192,>55 yrs temp hd ache
G2193,<6yr new onset hd ache
G2194,New hdache ped pt dis
G2195,Occip hdache child
G2196,Screen unhlthy etoh use
G2197,Screen hlthy etoh use
G2198,Med rsn no unhlthy etoh
G2199,Not scrn etoh no rsn
G2200,Unhlthy etoh rcvd couns
G2201,Med rsn no brief couns
G2202,No rsn no brief couns
G2203,Med rsn no etoh couns
G2204,Pt 45-85 w/ scope
G2205,Preg drng adjv trtmt
G2206,Adjv trtmt chemo her2
G2207,Rsn no trtmt chem her2
G2208,No trtmt chemo and her2
G2209,Refused to participate
G2210,No neck fs prom no rsn
G2211,Complex e/m visit add on
G2212,Prolong outpt/office vis
G2213,Initiat med assist tx in er
G2214,Init/sub psych care m 1st 30
G2215,Home supply nasal naloxone
G2216,Home supply inject naloxon
G2250,"Remot img sub by pt, non e/m"
G2251,"Brief chkin, 5-10, non-e/m"
G2252,"Brief chkin by md/qhp, 11-20"
G3001,"Admin + supply, tositumomab"
G3002,Chronic pain mgmt 30 mins
G3003,Chronic pain mgmt addl 15m
G4000,Dermatology ss
G4001,Diagnostic rad ss
G4002,Ep cardio ss
G4003,Emergency med ss
G4004,Endocrinology ss
G4005,Family medicine ss
G4006,Gastroenterology ss
G4007,General surgery ss
G4008,Geriatrics ss
G4009,Hospitalists ss
G4010,Infectious disease ss
G4011,Internal medicine ss
G4012,Interventional rad ss
G4013,Mntal/behav/psych hlth ss
G4014,Nephrology ss
G4015,Neurology ss
G4016,Neurosurgical ss
G4017,Nutrition/dietician ss
G4018,Ob/gyn ss
G4019,Oncology/hema ss
G4020,Ophthalmology/optometry ss
G4021,Orthopedic surgery ss
G4022,Otolaryngology ss
G4023,Pathology ss
G4024,Pediatrics ss
G4025,Physical medicine ss
G4026,Phys/occ therapy ss
G4027,Plastic surgery ss
G4028,Podiatry ss
G4029,Preventive medicine ss
G4030,Pulmonology ss
G4031,Radiation oncology ss
G4032,Rheumatology ss
G4033,Skilled nursing facility ss
G4034,Speech language path ss
G4035,Thoracic surgery ss
G4036,Urgent care ss
G4037,Urology ss
G4038,Vascular surgery ss
G6001,Echo guidance radiotherapy
G6002,Stereoscopic x-ray guidance
G6003,Radiation treatment delivery
G6004,Radiation treatment delivery
G6005,Radiation treatment delivery
G6006,Radiation treatment delivery
G6007,Radiation treatment delivery
G6008,Radiation treatment delivery
G6009,Radiation treatment delivery
G6010,Radiation treatment delivery
G6011,Radiation treatment delivery
G6012,Radiation treatment delivery
G6013,Radiation treatment delivery
G6014,Radiation treatment delivery
G6015,Radiation tx delivery imrt
G6016,Delivery comp imrt
G6017,Intrafraction track motion
G6018,Ileoscopy w/stent
G6019,Colonoscopy lesion removal
G6020,Colonoscopy w/stent
G6021,"Unlisted procedure, intestine"
G6022,Sigmoidoscopy w/ablate tumr
G6023,Sigmoidoscopy w/stent
G6024,Lesion removal colonoscopy
G6025,Colonoscopy w/stent
G6027,Anoscopy hra w/spec collect
G6028,Anoscopy hra w/biopsy
G6030,Assay of amitriptyline
G6031,Assay of benzodiazepines
G6032,Assay of desipramine
G6034,Assay of doxepin
G6035,Assay of gold
G6036,Assay of imipramine
G6037,Assay of nortiptyline
G6038,Assay of salicylate
G6039,Assay of acetaminophen
G6040,Assay of ethanol
G6041,Assay of urine alkaloids
G6042,Assay of amphetamines
G6043,"Barbiturates, not elsewhere specified"
G6044,Assay of cocaine
G6045,Assay of dihydrocodeinone
G6046,Assay of dihydromorphinone
G6047,Assay of dihydrotestosterone
G6048,Assay of dimethadione
G6049,Asssay of epiandrosterone
G6050,Assay of ethchlorvynol
G6051,Assay of flurazepam
G6052,Assay of meprobamate
G6053,Assay of methadone
G6054,Assay of methsuximide
G6055,Assay of nicotine
G6056,Assay of opiates
G6057,Assay of phenothiazine
G6058,Drug confirmation
G8126,Pt treat w/antidepress12wks
G8127,Pt not treat w/antidepres12w
G8128,Pt inelig for antidepres med
G8395,Lvef>=40% doc normal or mild
G8396,Lvef not performed
G8397,Dil macula/fundus exam/w doc
G8398,Dil macular/fundus not perfo
G8399,Pt w/dxa results document
G8400,Pt w/dxa no results doc
G8401,Pt inelig osteo screen measu
G8404,Low extemity neur exam docum
G8405,Low extemity neur not perfor
G8406,Pt inelig lower extrem neuro
G8410,Eval on foot documented
G8415,Eval on foot not performed
G8416,Pt inelig footwear evaluatio
G8417,Calc bmi abv up param f/u
G8418,Calc bmi blw low param f/u
G8419,Calc bmi out nrm param nof/u
G8420,Calc bmi norm parameters
G8421,Bmi not calculated
G8422,Pt inelig bmi calculation
G8427,Docrev cur meds by elig clin
G8428,Cur meds not document
G8430,Doc med rsn no medrec
G8431,Pos clin depres scrn f/u doc
G8432,"Dep scr not doc, rng"
G8433,Scr for dep not cpt doc rsn
G8442,"Doc pain as nt perf, not elg"
G8450,Beta-bloc rx pt w/abn lvef
G8451,Pt w/abn lvef inelig b-bloc
G8452,Pt w/abn lvef b-bloc no rx
G8458,Pt inelig geno no antvir tx
G8460,Pt inelig rna no antvir tx
G8461,Pt rec antivir treat hep c
G8464,Pt inelig; lo to no dter rsk
G8465,High risk recurrence pro ca
G8473,Ace/arb thxpy rx'd
G8474,Ace/arb not rx'd; doc reas
G8475,Ace/arb thxpy not rx'd
G8476,Bp sys <140 and dias <90
G8477,Bp sys>=140 and/or dias >=90
G8478,Bp not performed/doc
G8482,Flu immunize order/admin
G8483,Flu imm no admin doc rea
G8484,Flu immunize no admin
G8485,"Report, diabetes measures"
G8486,"Report, prev care measures"
G8487,Report ckd measures
G8489,Cad measures grp
G8490,Ra measures grp
G8491,Hiv/aids measures grp
G8492,Periop care measures grp
G8493,Back pain measures grp
G8494,Dm meas qual act perform
G8495,Ckd meas qual act perform
G8496,Prev care mg qual act perfrm
G8497,Cabg meas qual act perform
G8498,Cad meas qual act perform
G8499,Ra meas qual act perform
G8500,Hiv meas qual act perform
G8501,Perio meas qual act perform
G8502,Back pain mg qual act perfrm
G8506,Pt rec ace/arb
G8509,Pos pain assess no f/u doc
G8510,"Scr dep neg, no plan reqd"
G8511,"Scr dep pos, no plan doc rng"
G8530,Auto av fistula recd
G8531,Pt inelig; auto av fistula
G8532,No auto av fistula; no reas
G8535,Eld maltreatment not doc
G8536,No doc elder mal scrn
G8539,Doc funct and care plan
G8540,Foa not doc as being perf
G8541,No doc cur funct assess
G8542,Doc funct no deficiencies
G8543,Cur funct asses; no care pln
G8544,Cabg measures grp
G8545,Hepc measures grp
G8547,Ivd measures grp
G8548,Hf measures grp
G8549,Hepc mg qual act perform
G8551,Hf mg qual act perform
G8552,Ivd mg qual act perform
G8559,Pt ref doc oto eval
G8560,Pt hx act drain prev 90 days
G8561,Pt inelig for ref oto eval
G8562,Pt no hx act drain 90 d
G8563,Pt no ref oto reas no spec
G8564,Pt ref oto eval
G8565,Ver doc hear loss
G8566,Pt inelig ref oto eval
G8567,Pt no doc hear loss
G8568,Pt no ref otolo no spec
G8569,Prol intubation req
G8570,No prol intub req
G8571,Ster wd ifx 30 d postop
G8572,No ster wd ifx
G8573,Stk cabg
G8574,No strk cabg
G8575,Postop ren fail
G8576,No postop ren fail
G8577,Reop req bld grft oth
G8578,No reop req bld grft oth
G8579,Antplt med disch
G8580,Antplt med contraind
G8581,No antplt med disch
G8582,Bblock disch
G8583,Bblock contraind
G8584,No bblock disch
G8585,Antilipid treat disch
G8586,Antlip disch contra
G8587,No antlipid treat disch
G8593,Lipid pn results
G8594,No lipid prof perf
G8595,Ldl < 100
G8597,Ldl >= 100
G8598,Asa/antiplat ther used
G8599,No asa/antiplat ther use rng
G8600,Tpa initi w/in 4.5 hr
G8601,No elig tpa init w/in 4.5 hr
G8602,No tpa init w/in 4.5 hr
G8627,Surg proc w/in 30 days
G8628,No surg proc w/in 30 days
G8629,Doc antibio order b/4 surg
G8630,Doc antibio given b/4 surg
G8631,Pt no elg 4 order antbi give
G8632,Doc no antibi order b/4 surg
G8633,Pharm ther osteo rx
G8634,Pt no elg phar ther osteo
G8635,No pharm ther osteo rx
G8645,Asthma measures grp
G8646,Asthma mg qual act perform
G8647,Rafscrs ki scor >= 0
G8648,Rafscrs ki scor < 0
G8649,Rafscrs ki no scor
G8650,Rafs crs ki no scor no rsn
G8651,Rafscrs hi scor >=0
G8652,Rafscrs hi scor < 0
G8653,Rafscrs hi no scor
G8654,Rafs crs hi no scor no surv
G8655,Rafscrs llfai scor >= 0
G8656,Rafscrs llfai scor < 0
G8657,Rafscrs llfai no scor
G8658,Rafscrs llfai no scor + surv
G8659,Rafscrs lbi scor >= 0
G8660,Rafscrs lbi scor < 0
G8661,Rafscrs lbi no scor
G8662,Rafs crs lbi no scor no surv
G8663,Rafscrs si scor >= 0
G8664,Rafscrs si scor < 0
G8665,Rafscrs si no scor
G8666,Rafs crs si no scor no surv
G8667,Rafscrs ewh scor >= 0
G8668,Rafscrs ewh scor < 0
G8669,Rafscrs
G8670,Rafs crs ewh no scor no surv
G8671,Rafscrs goi scor >= 0
G8672,Rafscrs goi scor < 0
G8673,Rafscrs goi no scor
G8674,"Rafscrs neck, no msr/no foto"
G8682,Lvg test perf
G8683,Pt not elig for lvf test
G8685,Lvf test not perf
G8694,Lvef <=40%
G8696,Antithromb thx presc
G8697,Antithromb no presc doc reas
G8698,Antithromb no presc no reas
G8699,Rehab ordered disch
G8700,Rehab not indicated disch
G8701,Rehab not ordered
G8702,Antiobiotics 4 hr prior surg
G8703,Antibiotics not prior surg
G8704,Ecg performed
G8705,Med reas no ecg
G8706,Pt reas no ecg
G8707,Ecg not performed
G8708,Antibiotic not pres
G8709,Uri ep compete diag
G8710,Pt pres antibiotic
G8711,Pres antibx on/within 3 day
G8712,Not pres antibiotic
G8713,Spkt/v great 1.2 kt/v
G8714,Hemodialysis 3 times week
G8717,Less 1.2 kt/v
G8718,Great 1.7 kt/v per week
G8720,Less 1.7 kt/v per week
G8721,"Pt, pn, hist grade doc"
G8722,"Med reas pt, pn, not doc"
G8723,Spec sit not prim tumor
G8724,"Pt, pn, hist grade not doc"
G8725,Lipid profile perf doc
G8726,Doc reas no lipid profile
G8728,Lipid profile not perf
G8730,Pain doc pos and plan
G8731,Pain neg no plan
G8732,No doc of pain
G8733,Doc pos elder mal scrn plan
G8734,Doc neg eld req
G8735,Eld mal scrn pos no plan
G8736,Ldl-c <100mg/dl
G8737,Ldl-c >=100mg/dl
G8738,Lvef < 40%
G8739,Lvef >= 40%
G8740,Lvef not perfrmd
G8749,No signs melanoma
G8751,Smkg status not assess
G8752,Sys bp less 140
G8753,Sys bp > or = 140
G8754,Dias bp less 90
G8755,Dias bp > or = 90
G8756,No bp measure doc
G8757,Copd mg qual act perform
G8758,Ibd mg qual act perform
G8759,Osa mg qual act perform
G8761,Dementia mg qual act perform
G8762,Pd mg qual act perform
G8763,Hyperten mg qual act perform
G8764,Car prev mg qual act perform
G8765,Cataract mg qual act perform
G8767,Lipid panel res doc rev
G8768,Doc med reas no lipid profle
G8769,Lipid profile not perform
G8770,Urine protein test doc rev
G8771,Doc dx ckd
G8772,Doc med reas no urine protn
G8773,No urine protein test
G8774,Serum creatinine doc rev
G8775,Doc med reas no serum crtn
G8776,No serum creatinine test
G8777,Diabetes screen
G8778,Doc med reas no diabete scrn
G8779,No diabetes screen
G8780,Counsel diet phys activity
G8781,Doc med reas no counsel diet
G8782,No counsel diet phys act
G8783,Bp scrn perf rec interval
G8784,Pt no elig for bp assess
G8785,Bp scrn no perf at interval
G8797,Specimen site not esophagus
G8798,Specimen site not prostate
G8806,Perf ultrsnd to lct preg doc
G8807,No ta tv ultrasnd
G8808,"Ultrasound not perf, rng"
G8809,Rh-immunoglobulin order
G8810,Doc reas no rh-immuno
G8811,No rh-immunoglobulin order
G8815,Doc reas no statin therapy
G8816,Statin med pres at disch
G8817,Doc reas no statin med disch
G8818,Pt disch to home by day#7
G8825,Pt not disch to home day#7
G8826,Pt disch home day #2 evar
G8833,Pt not disch home day#2 evar
G8834,Pt disch home day #2 cea
G8838,Not disch home by day #2
G8839,Sleep apnea assess
G8840,Doc reas no sleep apnea
G8841,No sleep apnea assess
G8842,Ahi rdi rei doc win 2mo
G8843,Doc reas no ahi rdi rei
G8844,No ahi rdi rei ini dx no rsn
G8845,Pos airway press prescribed
G8846,Mod or severe osa
G8848,Mild osa
G8849,Doc reas no pos air press
G8850,No pap prescribed
G8851,Adhere tx assess at lst ann
G8852,Pos air press prescribe
G8853,Pos air press not prescribe
G8854,Reas no adhere therapy
G8855,Ther not assessed annually
G8856,Ref for oto eval
G8857,No elig ref for oto eval
G8858,Not ref for oto eval
G8859,Corticosteroids 10mg 60 days
G8860,Corticosteroid 10 mg 60 days
G8861,Dxa ordered for osteo
G8862,No corticostrd 10mg 60 days
G8863,No assess bone loss
G8864,Pneumococcal vaccine admin
G8865,Doc med reas no pneumococcal
G8866,Doc pt reas no pneumococcal
G8867,No pneumococcal admin
G8868,1st course antitnf
G8869,Doc immune hep b antitnf
G8870,Hepb admin 1st antitnf
G8871,No 1st antitnf
G8872,Intraop image confirm excise
G8873,Specimen not intraop image
G8874,Tissue not image intraop
G8875,Breast cancer dx min invsive
G8876,Doc reas no min inv dx
G8877,No brst cncr dx min invasive
G8878,Sent lymph node biopsy
G8879,Node neg inv brst cncr
G8880,Sen lym p node biop not perf
G8881,Brst cncr stage > t1n0m0
G8882,No sent lymph node biopsy
G8883,"Rev, comm, track, doc biopsy"
G8884,Doc reas biopsy not review
G8885,"No rev, comm, track biopsy"
G8886,Bp under control
G8887,Doc med reas bp not control
G8888,Bp not under control
G8889,No doc bp
G8890,Ldl-c under control
G8891,Doc med reas no ldl-c contrl
G8892,Doc med reas no ldl-c test
G8893,Ldl-c not under control
G8894,Ldl-c not performed
G8895,Antrom prescribe
G8896,Doc med reas no antihtrom
G8897,Antithrom not prescribe
G8898,Copd measures group
G8899,Inflammatory bowel dis mg
G8900,Obstructive sleep apnea mg
G8902,Dementia measures group
G8903,Parkinson's disease mg
G8904,Hypertension mg
G8905,Cardiovascular prevention mg
G8906,Cataract measures group
G8907,Pt doc no events on discharg
G8908,Pt doc w burn prior to d/c
G8909,Pt doc no burn prior to d/c
G8910,Pt doc to have fall in asc
G8911,Pt doc no fall in asc
G8912,Pt doc with wrong event
G8913,Pt doc no wrong event
G8914,Pt trans to hosp post d/c
G8915,Pt not trans to hosp at d/c
G8916,Pt w iv ab given on time
G8917,Pt w iv ab not given on time
G8918,Pt w/o preop order iv ab pro
G8923,Lvef <= 40% or lvsd
G8924,Spir res doc fev1/fvc<70%
G8925,Spir fev1/fvc>=60% & no copd
G8926,Spiro no perf or doc
G8927,Adj chem pres ajcc iii
G8928,Adj chem not pres rsn spec
G8929,Adj cmo not pres rsn not gvn
G8930,Assess of dep @ initial eval
G8931,Asses of dep not documented
G8932,Suicd rsk assessed init eval
G8933,Suicide risk not assessed
G8934,Lvef <=40% or dep lv sys fcn
G8935,Rx ace or arb therapy
G8936,Pt not eligible ace/arb
G8937,No rx ace/arb therapy
G8938,Bmi doc onl fup nt doc
G8939,"Pain as doc positive, no f/u"
G8940,"Scr dep pos, no plan done"
G8941,Eld maltreatment doc as pos
G8942,Doc fcn/care plan w/30 days
G8943,Ldlc not pres w/i 12 mo prir
G8944,Ajcc mel cnr stg 0 - iic
G8946,Mibm but no dx of breast ca
G8947,1 or more neuropsych
G8948,No neuropsych symptoms
G8949,Doc pt reas on counsel diet
G8950,"Pre-htn or htn doc, f/u indc"
G8951,"Pre-htn/htn doc, no pt f/u"
G8952,"Pre-htn/htn, no f/u, not gvn"
G8953,Oncology mg qual act perform
G8955,Most recent assess vol mgmt
G8956,Pt rcv hedia outpt dyls fac
G8957,Pt no hedia in outpt fac
G8958,Assess vol mgmt not doc
G8959,Clin tx mdd comm to tx clin
G8960,Clin tx mdd not comm
G8961,Csit lowrisk surg pts preop
G8962,Csit on pt any reas 30 days
G8963,Csi per asx pt w/pci 2 yrs
G8964,Csi any other than pci 2 yr
G8965,Csit perf on low chd rsk
G8966,Csit perf sx or high chd rsk
G8967,Warf or other fda drug presc
G8968,Doc med not presb
G8969,Doc pt rsn no presc warf/fda
G8970,No rsk fac or 1 mod risk te
G8971,Warfrn or othr antcog no rx
G8972,1>=risk or>= mod risk for te
G8973,Mst rcnt hbb < 10g/dl
G8974,Hgb not doc rns not gvn
G8975,"Hgb <10g/dl, med rsn"
G8976,Hgb >= 10 g/dl
G8977,Oncology measures grp
G8978,Mobility current status
G8979,Mobility goal status
G8980,Mobility d/c status
G8981,Body pos current status
G8982,Body pos goal status
G8983,Body pos d/c status
G8984,Carry current status
G8985,Carry goal status
G8986,Carry d/c status
G8987,Self care current status
G8988,Self care goal status
G8989,Self care d/c status
G8990,Other pt/ot current status
G8991,Other pt/ot goal status
G8992,Other pt/ot  d/c status
G8993,Sub pt/ot current status
G8994,Sub pt/ot goal status
G8995,Sub pt/ot d/c status
G8996,Swallow current status
G8997,Swallow goal status
G8998,Swallow d/c status
G8999,Motor speech current status
G9001,"Mccd, initial rate"
G9002,"Mccd,maintenance rate"
G9003,"Mccd, risk adj hi, initial"
G9004,"Mccd, risk adj lo, initial"
G9005,"Mccd, risk adj, maintenance"
G9006,"Mccd, home monitoring"
G9007,"Mccd, sch team conf"
G9008,"Mccd,phys coor-care ovrsght"
G9009,"Mccd, risk adj, level 3"
G9010,"Mccd, risk adj, level 4"
G9011,"Mccd, risk adj, level 5"
G9012,Other specified case management service not elsewhere classified
G9013,Esrd demo bundle level i
G9014,Esrd demo bundle-level ii
G9016,Demo-smoking cessation coun
G9017,Amantadine hcl 100mg oral
G9018,"Zanamivir,inhalation pwd 10m"
G9019,Oseltamivir phosphate 75mg
G9020,Rimantadine hcl 100mg oral
G9033,Amantadine hcl oral brand
G9034,"Zanamivir, inh pwdr, brand"
G9035,"Oseltamivir phosp, brand"
G9036,"Rimantadine hcl, brand"
G9037,Intrpro req fr rec phys/qhcp
G9038,Co-management services
G9050,Oncology work-up evaluation
G9051,Oncology tx decision-mgmt
G9052,Onc surveillance for disease
G9053,Onc expectant management pt
G9054,Onc supervision palliative
G9055,"Oncology; primary focus of visit; other, unspecified service not otherwise listed (for use in a medicare-approved demonstration project)"
G9056,Onc prac mgmt adheres guide
G9057,Onc pract mgmt differs trial
G9058,Onc prac mgmt disagree w/gui
G9059,Onc prac mgmt pt opt alterna
G9060,Onc prac mgmt dif pt comorb
G9061,Onc prac cond noadd by guide
G9062,Onc prac guide differs nos
G9063,Onc dx nsclc stgi no progres
G9064,Onc dx nsclc stg2 no progres
G9065,Onc dx nsclc stg3a no progre
G9066,Onc dx nsclc stg3b-4 metasta
G9067,Onc dx nsclc dx unknown nos
G9068,Onc dx sclc/nsclc limited
G9069,Onc dx sclc/nsclc ext at dx
G9070,Onc dx sclc/nsclc ext unknwn
G9071,"Onc dx brst stg1-2b hr,nopro"
G9072,Onc dx brst stg1-2 noprogres
G9073,"Onc dx brst stg3-hr, no pro"
G9074,Onc dx brst stg3-noprogress
G9075,Onc dx brst metastic/ recur
G9077,Onc dx prostate t1no progres
G9078,Onc dx prostate t2no progres
G9079,Onc dx prostate t3b-t4noprog
G9080,Onc dx prostate w/rise psa
G9083,Onc dx prostate unknwn nos
G9084,"Onc dx colon t1-3,n1-2,no pr"
G9085,"Onc dx colon t4, n0 w/o prog"
G9086,Onc dx colon t1-4 no dx prog
G9087,Onc dx colon metas evid dx
G9088,Onc dx colon metas noevid dx
G9089,Onc dx colon extent unknown
G9090,Onc dx rectal t1-2 no progr
G9091,Onc dx rectal t3 n0 no prog
G9092,"Onc dx rectal t1-3,n1-2noprg"
G9093,"Onc dx rectal t4,n,m0 no prg"
G9094,Onc dx rectal m1 w/mets prog
G9095,Onc dx rectal extent unknwn
G9096,Onc dx esophag t1-t3 noprog
G9097,Onc dx esophageal t4 no prog
G9098,Onc dx esophageal mets recur
G9099,Onc dx esophageal unknown
G9100,Onc dx gastric no recurrence
G9101,Onc dx gastric p r1-r2noprog
G9102,Onc dx gastric unresectable
G9103,Onc dx gastric recurrent
G9104,Onc dx gastric unknown nos
G9105,Onc dx pancreatc p r0 res no
G9106,Onc dx pancreatc p r1/r2 no
G9107,Onc dx pancreatic unresectab
G9108,Onc dx pancreatic unknwn nos
G9109,Onc dx head/neck t1-t2no prg
G9110,Onc dx head/neck t3-4 noprog
G9111,Onc dx head/neck m1 mets rec
G9112,Onc dx head/neck ext unknown
G9113,Onc dx ovarian stg1a-b no pr
G9114,Onc dx ovarian stg1a-b or 2
G9115,Onc dx ovarian stg3/4 noprog
G9116,Onc dx ovarian recurrence
G9117,Onc dx ovarian unknown nos
G9123,Onc dx cml chronic phase
G9124,Onc dx cml acceler phase
G9125,Onc dx cml blast phase
G9126,Onc dx cml remission
G9128,Onc dx multi myeloma stage i
G9129,Onc dx mult myeloma stg2 hig
G9130,Onc dx multi myeloma unknown
G9131,Onc dx brst unknown nos
G9132,Onc dx prostate mets no cast
G9133,Onc dx prostate clinical met
G9134,Onc nhlstg 1-2 no relap no
G9135,Onc dx nhl stg 3-4 not relap
G9136,Onc dx nhl trans to lg bcell
G9137,Onc dx nhl relapse/refractor
G9138,Onc dx nhl stg unknown
G9139,Onc dx cml dx status unknown
G9140,Frontier extended stay demo
G9143,Warfarin respon genetic test
G9147,Outpt iv insulin tx any mea
G9148,Medical home level 1
G9149,Medical home level ii
G9150,Medical home level iii
G9151,Mapcp demo state
G9152,Mapcp demo community
G9153,Mapcp demo physician
G9156,Evaluation for wheelchair
G9157,Transesoph doppl cardiac mon
G9158,Motor speech d/c status
G9159,Lang comp current status
G9160,Lang comp goal status
G9161,Lang comp d/c status
G9162,Lang express current status
G9163,Lang express goal status
G9164,Lang express d/c status
G9165,Atten current status
G9166,Atten goal status
G9167,Atten d/c status
G9168,Memory current status
G9169,Memory goal status
G9170,Memory d/c status
G9171,Voice current status
G9172,Voice goal status
G9173,Voice d/c status
G9174,Speech lang current status
G9175,Speech lang goal status
G9176,Speech lang d/c status
G9186,Motor speech goal status
G9187,Bpci home visit
G9188,Beta not given no reason
G9189,Beta pres or already taking
G9190,Medical reason for no beta
G9191,Pt reason for no beta
G9192,System reason for no beta
G9193,Doc not eligible for dep med
G9194,Mdd pt treated for 180d
G9195,Mdd pt not treated for 180d
G9196,Med reason for no ceph
G9197,Order for ceph
G9198,No order for ceph no reason
G9199,Doc reason for no vte
G9200,No reason for no vte
G9201,Vte given upon admission
G9202,Hep c aby pos
G9203,Hep c rna done prior to med
G9204,No reason for no hep c rna
G9205,Hep c antiviral started
G9206,Hep c therapy started
G9207,Hep c genotype prior to med
G9208,No reason for no hep c geno
G9209,Hep c rna 4to12 wk after med
G9210,No hepc rna after med docrsn
G9211,No hepc rna after med no rsn
G9212,Doc of dsm-iv init eval
G9213,No doc of dsm-iv
G9214,Cd4 count documented
G9215,No cd4 count no reason
G9216,No pcp proph at dx no reason
G9217,No pcp proph low cd4 norsn
G9218,No pcp prop low at cd4 norsn
G9219,No oder pjp for med reason
G9220,No order for pjp for medrsn
G9221,Pjp proph prescribed
G9222,Pjp proph ordered low cd4
G9223,Pjp proph ordered cd4 low
G9224,Medrsn no foot exam
G9225,Norsn no foot exam
G9226,3 comp foot exam completed
G9227,"Foa doc, care plan not doc"
G9228,Gc chl syp documented
G9229,Ptrsn no gc chl syp test
G9230,Norsn for gc chl syp test
G9231,Doc esrd dia trans preg
G9232,Ptrsn no comm comorbid
G9233,Tkr composite
G9234,Tkr intent
G9235,Gs mg composite
G9236,Op rad mg composite
G9237,Gs mg intent
G9238,Op rad mg intent
G9239,Doc rsn hemod & cath acc
G9240,Doc pt w cath maint dia
G9241,Doc pt w out cath maint dia
G9242,Doc viral load >=200
G9243,Doc viral load <200
G9244,Antiviral not ordered
G9245,Antiviral ordered
G9246,No enc or enc/vir ld 90days
G9247,2 enc enc/vir ld 90d
G9248,No med visit 6mo
G9249,Med visit w in 6mo
G9250,Doc of pain comfort 48hr
G9251,Doc no pain comfort 48hr
G9252,Neo detect scrn colo
G9253,No neo detect scrn colo
G9254,Doc pt dischg >2d
G9255,Pt dc home 2nd po day
G9256,Doc of pat death after cas
G9257,Doc of pat stroke after cas
G9258,Doc of pat stroke after cea
G9259,Survive/no stroke post cas
G9260,Doc of pat death after cea
G9261,Survive/no stroke post cea
G9262,Doc of death post-aaa repair
G9263,Doc of disch post-aaa repair
G9264,Doc rsn hemod w/cath >=90d
G9265,Doc cath >90d for maint dia
G9266,Norsn pt cath >=90d
G9267,Doc comp or mort w in 30d
G9268,Doc comp or mort w in 90d
G9269,Doc no comp or mort w in 30d
G9270,Doc no comp or mort w in 90d
G9271,Ldl under 100
G9272,Ldl 100 and over
G9273,Sys<140 and dia<90
G9274,Bp out of nrml limits
G9275,Doc of non tobacco user
G9276,Doc of tobacco user
G9277,Doc daily aspirin or contra
G9278,Doc no daily aspirin
G9279,Pne scrn done doc vac done
G9280,Pne not given norsn
G9281,Pne scrn done doc not ind
G9282,Doc medrsn no histo type
G9283,Hist type doc on report
G9284,No hist type doc on report
G9285,Site not small cell lung ca
G9286,Antibio rx w in 10d of sympt
G9287,No antibio w in 10d of sympt
G9288,Doc medrsn no hist type rpt
G9289,Doc type nsm lung ca
G9290,No doc type nsm lung ca
G9291,Not nsm lung ca
G9292,Medrsn no pt category
G9293,No pt category on report
G9294,Pt cat and thck on report
G9295,Non cutaneous loc
G9296,Doc share dec prior proc
G9297,No doc share dec prior proc
G9298,Eval risk vte card 30d prior
G9299,No eval risk vte card prior
G9300,Doc medrsn no compl antibio
G9301,Doc compl inf antibio
G9302,Norsn incomp inf antibio
G9303,Norsn no pros info op rpt
G9304,Pros info op rpt
G9305,No interv req for leak
G9306,Interv req for leak
G9307,No ret for surg w in 30d
G9308,Unpl ret or w/compl w/in 30d
G9309,No unplnd hosp readm in 30d
G9310,Unplnd hosp readm in 30d
G9311,No surg site infection
G9312,Surgical site infection
G9313,Amoxic not presc as 1st line
G9314,Norsn not first line amox
G9315,Amox w/wo clav rx
G9316,Doc comm risk calc
G9317,No doc comm risk calc
G9318,Image std nomenclature
G9319,Image not std nomenclature
G9320,Medrsn no std nomenclature
G9321,Prev ct nuc med cnt doc 12mo
G9322,No cnt ct nuc med doc 12mo
G9323,Mdrsn no doc cnt of ct
G9324,Not all data norsn
G9325,Medrsn no ct rpt to reg
G9326,"Ct done no rad ds index, nrg"
G9327,Ct done rad ds index
G9328,Medrsn no dicom format doc
G9329,Norsn no dicom format doc
G9340,Dicom format doc on rpt
G9341,Srch for ct w in 12 mos
G9342,No srch for ct in 12mo norsn
G9343,Medrsn no dicom srch
G9344,Sysrsn no dicom srch
G9345,Follow up pulm nod
G9346,No follow up pulm nod
G9347,No follow up pulm nod norsn
G9348,Doc rsn for ord ct scan
G9349,Ct within 28 days
G9350,No doc sinus ct 28d or dx
G9351,Doc >1 sinus ct w 90d dx
G9352,Not >1 sinus ct w 90d dx
G9353,Medrsn >1 sinus ct w 90d dx
G9354,1 or no ct sinus w/in 90d dx
G9355,No early ind/delivery
G9356,Early ind/delivery
G9357,Pp eval/edu perf
G9358,Pp eval/edu not perf
G9359,Neg mgd pos tb notact
G9360,No doc of neg or man pos tb
G9361,Doc rsn elect c-sec/induct
G9362,Mac or pnb w/o genanes >60m
G9363,Mac or pnb w/o genanes <60m
G9364,Sinus caus bac inx
G9365,1high risk med ord
G9366,1high risk no ord
G9367,>= 2 same hi-rsk med ord
G9368,>= 2 same hi-rsk med not ord
G9369,Fill 2 rx antipsych
G9370,Not fill 2 rx antipsych
G9376,Contd ret attach at 6mth f/u
G9377,No ret attach after 6mt
G9378,Contd ret attach f/u vis
G9379,No acheive flat ret 6mth
G9380,Off assis eol iss
G9381,Doc med reas no offer eol
G9382,No off assis eol
G9383,Recd scrn hcv infec
G9384,Doc med rsn no hcv scrn
G9385,Doc pt reas not rec hcv srn
G9386,Scrn hcv infec not recd
G9389,Unpln rup post cap
G9390,No unpln rup post cap
G9391,Achv refrac +1d
G9392,Not achv refrac +1d
G9393,Ini phq9 >9 remiss <5
G9394,"Dx bipol, death, nhres, hosp"
G9395,Ini phq9 >9 no remiss >=5
G9396,Ini phq9 >9 not assess
G9399,Doc disc tx choices
G9400,Doc reas no disc tx opt
G9401,No disc tx choices
G9402,Recd f/u w/in 30d disch
G9403,Doc reas no 30 day f/u
G9404,No 30 day f/u
G9405,Recd f/u w/in 7d dc
G9406,Doc reas no 7d f/u
G9407,No 7d f/u
G9408,Card tamp w/in 30d
G9409,No card tamp e/in 30d
G9410,Admit w/in 180d req remov
G9411,No admit w/in 180d req remov
G9412,Admit w/in 180d req surg rev
G9413,No admit req surg rev
G9414,1dose menig vac btwn 10 & 13
G9415,No 1dose meni vac btwn 10&13
G9416,Pt 1 tdap betw 10-13 yrs
G9417,Pt not 1 tdap betw 10-13 yrs
G9418,Primary non-small cell lung cancer lung biopsy and cytology specimen report documents classification into specific histologic type or classified as nsclc-nos with an explanation
G9419,Med reas not incl histo type
G9420,Spec site no lung
G9421,Lung cx bx rpt no doc class
G9422,Rpt doc class histo type
G9423,Med reas rpt no histo type
G9424,"Specimen site other than anatomic location of lung, or classified as nsclc-nos"
G9425,Spec rpt no doc class histo
G9426,Impr med time edarr pain med
G9427,No impro med time pain med
G9428,Patho rpt incl pt ctg
G9429,Doc med rsn no pt cat
G9430,Spec site no cutaneous
G9431,Patho rpt no pt ctg
G9432,Asth controlled
G9433,"Death, nhres, hospice"
G9434,Asth not controlled
G9435,Asp presc disch
G9436,Asp not presc doc reas
G9437,Asp not presc disch
G9438,P2y inhib presc
G9439,P2y inhib not presc doc reas
G9440,P2y inhib not presc
G9441,Statin presc disch
G9442,Statin not presc doc reas
G9443,Statin not presc disch
G9448,Born 1945-1965
G9449,Hx bld transf b/f 1992
G9450,Hx injec drug use
G9451,1x scrn hcv infect
G9452,Doc med reas no hcv test
G9453,Pt reas no hcv infect
G9454,No scr hcv inf 12 mth rp
G9455,"Abd imag w/us, ct or mri"
G9456,Doc med pt reas no hcc scrn
G9457,Pt no abd img no doc rsn
G9458,Tob user recd cess interv
G9459,Tob non-user
G9460,No tob assess or cess inter
G9463,Sinusitis intent
G9464,Sinusitis comp
G9465,Aoe intent
G9466,Aoe comp
G9467,Recd cortico >=10mg/day >60d
G9468,No recd cortico>=10mg/d >60d
G9469,Rec cortico>90d or 1rx 900mg
G9470,No rec cortico>60d 1rx 600mg
G9471,W/in 2yr dxa not order
G9472,No dxa no med hx no rv sx
G9473,Chap services at hospice
G9474,Diet counsel at hospice
G9475,Other counselor at hospice
G9476,Volun service at hospice
G9477,Care coord at hospice
G9478,Othe therapist at hospice
G9479,Pharmacist at hospice
G9480,Admission to mccm
G9481,Remote e/m new pt 10mins
G9482,Remote e/m new pt 20mins
G9483,Remote e/m new pt 30mins
G9484,Remote e/m new pt 45mins
G9485,Remote e/m new pt 60mins
G9486,Remote e/m est. pt 10mins
G9487,Remote e/m est. pt 15mins
G9488,Remote e/m est. pt 25mins
G9489,Remote e/m est. pt 40mins
G9490,Cmmi mod home visit
G9496,Doc rsn no adeno/neopl detec
G9497,Rec inst no smoke day surg
G9498,Abx reg prescribed
G9499,No start/rec antvir tx hep c
G9500,Rad expos ind/exp tm doc
G9501,Rad expos ind/exp tm no doc
G9502,Med reas no perf foot exam
G9503,Pt tk tams hcl
G9504,Doc rsn hep b stat not asses
G9505,Abx pres w/in 10 dys of symp
G9506,Bio imm resp mod presc
G9507,Doc reas on statin or contra
G9508,Doc pt not on statin
G9509,Adit mdd dys rem 12 mnths
G9510,Remis12m not phq-9 score <5
G9511,Idx evt dte phq>9 doc 12 mo
G9512,Indiv pdc > 0.8
G9513,Indiv pdc not > 0.8
G9514,Req ret or w/in 90d of surg
G9515,"No reas, no ret or w/in 90d"
G9516,Impr vis acuit w/in 90d
G9517,No impr vis acuit w/in 90d
G9518,Doc active inj drug use
G9519,Final ref +/- 1.0 w/in 90d
G9520,Refract not +/- 1.0 w/in 90d
G9521,Er and ip hosp <2 in 12 mos
G9522,Er/ip hosp =/>2 in 12 mos
G9523,D/c hemo or perit dialysis
G9524,Refer to hospice
G9525,Doc pt reas no hospice refer
G9526,"No reason, no refer hospice"
G9529,Minor blunt trauma w/head ct
G9530,Pt mbht hd ct ord ec prov
G9531,Pt doc
G9532,Pt hd ct ord
G9533,Indic for head ct not valid
G9534,Adv brain image not ordered
G9535,Normal neuro exam
G9536,Doc med reas adv brain image
G9537,Img hd clin trial
G9538,Adv brain image ordered
G9539,Intent pot remv time placemt
G9540,Pt alive 3 mos post proc
G9541,Filter rem 3 mon plmt
G9542,Doc reass appr remo filt 3ms
G9543,Doc 2x re-assess filt remov
G9544,No filt remov w/in 3mos plcm
G9547,Cys ren les or adren
G9548,No f/u rec image study
G9549,Doc med rsn for f/u imag
G9550,Imag rec
G9551,Imag no les
G9552,Inc thyr node <1.0 in rpt
G9553,Prior thyroid dise dx
G9554,Ct/cta/mri/a chst foll rec
G9555,Doc med rsn for follup image
G9556,Ct/cta/mri/a no follup imag
G9557,Ct/cta/mri/a no thyr <1.0cm
G9558,Tx beta-lactam abx therapy
G9559,Doc med reas no abx therapy
G9560,"No beta-lactam abx ther, rng"
G9561,Presc opiates >6 wks
G9562,Foll-up eval q3mo opiod tx
G9563,No f/u eval q3mo opiod tx
G9572,Phq-scr >9 doc in 12m time
G9573,Adl pt md or dys rem 6 mon
G9574,Adl pt md dys no rem 6 mon
G9577,Presc opiates >6 wks
G9578,Doc opioid tx 1x during ther
G9579,No doc opioid tx 1x at ther
G9580,Door to punc time <2hrs
G9581,"Md doc, door to punc tm >2hr"
G9582,"Door to punc time >2hr, nrg"
G9583,Presc opiates >6 wks
G9584,Eval opioid use instr/pt int
G9585,No eval opi use instr/intv
G9593,Low pecarn ped head trauma
G9594,Pt mbht hd ct ord ec prov
G9595,Doc shnt/tum/coag
G9596,Ped pt hd ct ord
G9597,No low pecarn ped head traum
G9598,Aor ane 5.5-5.9 cm max diam
G9599,Aor ane >=6.0 cm max diam
G9600,Symp aaa urgent repair
G9601,Pt dchg home post op day 7
G9602,Pt no dchg home postop day 7
G9603,Pt surv improv bsline tx
G9604,Pt surv results not avail
G9605,Surv score no improv w/tx
G9606,Intraop cyst eval trac inj
G9607,Doc med rsn not perf cystosc
G9608,Intraop cyst eval not done
G9609,Doc order anti-plat
G9610,Doc md rsn no antipla
G9611,No doc order anti-plat rng
G9612,Phodoc 2 mr cec lndmk
G9613,Doc post surg anatomy
G9614,Photodoc < 2 cec lndmk
G9615,Pre-op asst doc
G9616,Doc rsn no preop assmt
G9617,"Pre-op asst not doc, rng"
G9618,Doc scr uter mal or us/samp
G9619,Doc rsn no scr uter malig
G9620,No scr utr malig/us/samp rng
G9621,Scr unheal etoh w/counsel
G9622,No unheal etoh user
G9623,Doc med rsn no scr etoh use
G9624,Pt not scrn or no counseling
G9625,Pt bl srg 30 day pst srg
G9626,Med rsn no rpt bladder inj
G9627,Pt no bl srg 30 day pst srg
G9628,Pt bwli srg 30 day pst srg
G9629,Med rsn no rpt bowel inj
G9630,Pt no bwli srg 30 day srg
G9631,Pt ui srg 30 day pst srg
G9632,Med rsn for no rpt uret inj
G9633,Pt no ui srg 30 day pst srg
G9634,Qual life tool 2x same/impr
G9635,No doc rsn do qual life assm
G9636,No life asst 2x same/decr
G9637,Doc >1 dose reduc tech
G9638,No doc >1 dose reduc tech
G9639,Amp no reqd in48h ieler proc
G9640,Doc plan hybrid/stage proc
G9641,Amp reqd w/in 48h ieler proc
G9642,Current smoker
G9643,Elective surgery
G9644,No smok b/4 anes day of surg
G9645,Had smoke b/4 anes day surg
G9646,Pt w/90d mrs 0-2
G9647,No mrs score in 90d followup
G9648,Pt w/90d mrs >2
G9649,Psor as doc spc bm
G9650,Doc pt no ther chg or contra
G9651,Psor as doc no spc bm
G9652,Pt tx sys bio med psori 6mth
G9653,Pt no tx sys bio rx 6 mths
G9654,Mon anesth care
G9655,Toc tool incl key elem
G9656,Pt trans from anest to pacu
G9657,Toc dur aneth to icu
G9658,Toc tool incl elem not used
G9659,>=86y scr colo nomed rsn
G9660,Doc med rsn colo pt >= 86y
G9661,Pt >= 86  w/ hi risk
G9662,Prior dx/active clin ascvd
G9663,Fast/dir ldl >= 190 mg/dl
G9664,Taking statin or rec'd order
G9665,No statin/no order statin
G9666,Fas/dir ldl 70-189mg/dl mst
G9667,Doc med rsn no stat tx/presc
G9669,Intend rpt mult chr msr grp
G9670,Qty act mcc mg perf
G9671,Intend rpt dia retin msr grp
G9672,Qty act diab retin mg perf
G9673,Intend rpt card prev msr grp
G9674,Pt w/clin ascvd dx
G9675,Pt w/fast/dir lab ldl-c >190
G9676,40-75y w/type 1/2 w/ldl-c rs
G9677,Qty act card prev mg perf
G9678,Oncology care model service
G9679,Acute care pneumonia
G9680,Acute care congestive heart
G9681,Acute care chronic obstruct
G9682,Acute care skin infection
G9683,Acute fluid/electro disorder
G9684,Acute care urinary tract inf
G9685,Acute nursing facility care
G9686,Nursing facility conference
G9687,Hospice anytime msmt per
G9688,Pt w/hosp anytime msmt per
G9689,Inpt elect carotid intervent
G9690,Pt in hos
G9691,Pt hosp dur msmt period
G9692,Hosp recd by pt dur msmt per
G9693,Pt use hosp during msmt per
G9694,Hosp srv used pt in msmt per
G9695,Long act inhal bronchdil pre
G9696,Med rsn no presc bronchdil
G9697,Pt rsn no presc bronchdil
G9698,Sys rsn no presc bronchdil
G9699,Long inhal bronchdil no pres
G9700,Pt is w/hosp during msmt per
G9701,Child anbx 30 prior dx estab
G9702,Pt use hosp during msmt per
G9703,Anbx 30 prior to episode
G9704,Ajcc br ca stg i: t1 mic/t1a
G9705,Ajcc br ca stg ib
G9706,Low recur prost ca
G9707,Pt had hosp dur msmt per
G9708,Bilat mast/hx bi /unilat mas
G9709,Hosp srv used pt in msmt per
G9710,Pt prov hosp srv msmt per
G9711,Pt hx tot col or colon ca
G9712,Doc med rsn presc anbx
G9713,Pt use hosp during msmt per
G9714,Pt is w/hosp during msmt per
G9715,Pt w/hosp anytime msmt per
G9716,Bmi doc onl fup not cmpltd
G9717,Doc pt dx bipol
G9718,Hospice anytime msmt per
G9719,Pt not ambul/immob/wc
G9720,Hospice anytime msmt per
G9721,Pt not ambul/immob/wc
G9722,Doc hx renal fail or cr+ >=4
G9723,Hosp recd by pt dur msmt per
G9724,Pt w/doc use anticoag mst yr
G9725,Pt w/hosp anytime msmt per
G9726,Refused to participate
G9727,Pt unable cmplt lepf prom
G9728,Refused to participate
G9729,Pt unbl cmplt lepf prom
G9730,Refused to participate
G9731,Pt unbl cmplt lepf prom
G9732,Refused to participate
G9733,Pt unbl cmplt lb fs prom
G9734,Refused to participate
G9735,Pt unbl cmplt shld fs prom
G9736,Refused to participate
G9737,Pt unbl cmplt ewh fs prom
G9738,Refused to participate
G9739,Pt unbl cmplt go fs prom
G9740,Hosp srv to pt dur msmt per
G9741,Pt w/hosp anytime msmt per
G9742,Psych sympt assessed
G9743,"Psychiatric symptoms not assessed, reason not otherwise specified"
G9744,Pt not eli d/t act dig htn
G9745,Doc rsn no hbp scrn or f/u
G9746,"Mit sten, valve or trans af"
G9747,Pall dialysis with catheter
G9748,App transpl lvg kidney donor
G9749,Pall dialysis with catheter
G9750,App transpl lvg kidney donor
G9751,Pt died w/in 24 mos rpt time
G9752,Urgent surgery
G9753,"Doc no dicom, ct other fac"
G9754,Incid pulm nodule
G9755,Doc med rsn no fllw up
G9756,Surg proc w/silicone oil
G9757,Surg proc w/silicone oil
G9758,Pt in hos
G9759,Hx preop post cap rup
G9760,Pt w/hosp anytime msmt per
G9761,Pt w/hosp anytime msmt per
G9762,Pt had >= 2-3 hpv vaccines
G9763,Pt not have 2-3 hpv vaccines
G9764,Pt treatd w/oral syst or bio
G9765,Doc pat declined therapy
G9766,Cva stroke dx tx transf fac
G9767,Hosp new dx cva consid evst
G9768,Pt w/hosp anytime msmt per
G9769,Bn den 2yr/got ost med/ther
G9770,Perip nerve block
G9771,"Anes end, 1 temp >35.5(95.9)"
G9772,Doc med rsn no temp >= 35.5
G9773,1 bod temp >=35.5
G9774,Pt had hyst
G9775,Recd 2 anti-emet pre/intraop
G9776,Doc med rsn no proph antiem
G9777,Pt no antiemet pre/intraop
G9778,Pts dx w/pregn
G9779,Pts breastfeeding
G9780,Pts dx w/rhabdomyolysis
G9781,Doc rsn no statin
G9782,Hx dx fam/pure hypercholes
G9783,"Doc dx dm, fast <70, no stat"
G9784,Path/derm prov 2nd biop opin
G9785,Path report sent
G9786,Path report not sent
G9787,Pt alive
G9788,Most rct bp </= 130/80
G9789,"Record bp ip, er, urg/self"
G9790,Most rct bp >/= 130/80
G9791,Most rct tob stat free
G9792,Most rct tob stat not free
G9793,Pt on daily asa/antiplat
G9794,Doc med rsn no daily aspirin
G9795,Pt no daily asa/antiplat
G9796,Pt currently on statin
G9797,Pt not currently on statin
G9798,D/c ami btw 7/1-6/30 meas pd
G9799,Med disp evt indic hx asth
G9800,Pt id intol/alleg beta-block
G9801,Nonacut transf from inpt
G9802,Pt w/hosp anytime msmt per
G9803,Pt presc 135 day trmt
G9804,Pt not presc 135 day trmt
G9805,Pt w/hosp anytime msmt per
G9806,Pt recd cerv cyto/hpv
G9807,Pt no recd cerv cyto/hpv
G9808,Pt no asthm cont med mst per
G9809,Pt w/hosp anytime msmt per
G9810,Pdc 75% w/asth cont med
G9811,No pdc 75% w/asth cont med
G9812,Pt died during inpt/30d aft
G9813,Pt not died w/in 30d of proc
G9814,Death during index hosp
G9815,Death not during index hosp
G9816,Death <30 day post discharge
G9817,No death 30-days post-disch
G9818,Doc sex activity
G9819,Pt w/hosp anytime msmt per
G9820,Doc chlam scr test w/follow
G9821,No doc chlam scr ts w/follow
G9822,Endo abl proc yr prev ind dt
G9823,Endo smpl/hyst bx res doc
G9824,Endo smpl/hyst bx res no doc
G9825,"Her-2 neg,undoc/unkn"
G9826,Transf pract aft init chemo
G9827,Her-2 targ ther no init tx
G9828,Her-2 targ ther dur init tx
G9829,Breast adj chemo admin
G9830,Her-2 pos
G9831,Ajcc stg brt ca dx ii or iii
G9832,Br ca stg = 1 t stg = t1c
G9833,Transf pract aft init chemo
G9834,Pt met dis at dx
G9835,Trastuz given w/in 12 mos dx
G9836,Rsn no trast given doc
G9837,Trastuz not in 12 mos dx
G9838,Pt met dis at dx
G9839,Anti-egfr mon anti ther
G9840,Gene testing performed
G9841,Gene testing not performed
G9842,Pt met dis at dx
G9843,Kras or nras gene mutation
G9844,Pt no recd anti-egfr ther
G9845,Pt recd anti-egfr ther
G9846,Pt died from cancer
G9847,Pt recd chemo last 14d life
G9848,Pt no chemo last 14d life
G9849,Pt died from cancer
G9850,1/more ed last 30d life
G9851,1/no ed visit last 30d life
G9852,Pt died from cancer
G9853,Icu stay last 30d life
G9854,No icu stay last 30d life
G9855,Pt died from cancer
G9856,Pt no hospice
G9857,Pt admit hospice
G9858,Pt enroll hospice
G9859,Pt died from cancer
G9860,Pt less 3d hospice
G9861,Pt more than 3d hospice
G9862,Doc rsn no 10 yr follow
G9868,Cmmi asyntelehealth <10min
G9869,Cmmi asyntelehealth 10-20min
G9870,Cmmi asyntelehealth >20min
G9871,"Bhv couns dm prev, onln 60 m"
G9873,1 em core session
G9874,4 em core sessions
G9875,9 em core sessions
G9876,2 em core ms mo 7-9 no wl
G9877,2 em core ms mo 10-12 no wl
G9878,2 em core ms mo 7-9 wl
G9879,2 em core ms mo 10-12 wl
G9880,Em 5 percent wl
G9881,Em 9 percent wl
G9882,2 em ongoing ms mo 13-15 wl
G9883,2 em ongoing ms mo 16-18 wl
G9884,2 em ongoing ms mo 19-21 wl
G9885,2 em ongoing ms mo 22-24 wl
G9886,In-person attendance g code
G9887,Distance learning attendance
G9888,5% wl maintnd from bsline wt
G9890,Em bridge payment
G9891,Em session reporting
G9892,Doc pt rsn no dil mac exam
G9893,No mac exam
G9894,Adr dep thrpy prescribed
G9895,Doc med rsn no adr dep thrpy
G9896,Doc pt rsn no adr dep thrpy
G9897,Pt nt prsc adr dep thrpy rng
G9898,Pt 66+ snp or ltc pos > 90d
G9899,Scrn mam perf rslts doc
G9900,Scrn mam perf rslts not doc
G9901,Pt 66+ snp or ltc pos > 90d
G9902,Pt scrn tbco and id as user
G9903,Pt scrn tbco id as non user
G9904,Doc med rsn no tbco scrn
G9905,No pt tbco scrn rng
G9906,Pt recv tbco cess interv
G9907,Doc med rsn no tbco interv
G9908,No pt tbco cess interv rng
G9909,Doc med rsn no tbco interv
G9910,Pt 66+ snp or ltc pos > 90d
G9911,Node neg pre/post syst ther
G9912,Hbv status assesed and int
G9913,No hbv status assesd and int
G9914,Pt initiated anti-tnf agent
G9915,No documntd hbv results rcd
G9916,Funct status past 12 months
G9917,Adv dem crgvr limited
G9918,"No funct stat perf, rsn nos"
G9919,Scrn nd pos nd prov of rec
G9920,Scrning perf and negative
G9921,No or part scrn nd rng or os
G9922,Sfty cncrns scrn nd mit recs
G9923,Safty cncrns scrn and neg
G9924,Doc med rsn no scrn or recs
G9925,No scrn prov rsn nos
G9926,Sfty cncrns scrn but no recs
G9927,Doc no warf /fda pt trial
G9928,No warf or fda drug presc
G9929,Trs/rev af
G9930,Com care
G9931,No chad or chad scr 0 or 1
G9932,Doc pt rsn no tb scrn recrds
G9933,Canc detectd during col scrn
G9934,Doc rsn not detecting cancer
G9935,Canc not detectd during srcn
G9936,Pmh plyp/neo co/rect/jun/ans
G9937,Dig or surv colsco
G9938,Pt 66+ snp or ltc pos > 90d
G9939,Same path/derm perf biopsy
G9940,Doc reas no statin therapy
G9941,Pre and post vas wthn 3 mos
G9942,Adtl spine proc on same date
G9943,Bk pn nt msr vas scl pre/pst
G9944,Vas 3 mon pre and 1 yr post
G9945,Pt w/cancer scoliosis
G9946,Bk pain no vas
G9947,Pre and post vas wthn 3 mos
G9948,Adtl spine proc on same date
G9949,Leg pain no vas
G9954,Pt >2 rsk fac post-op vomit
G9955,Inhlnt anesth only for induc
G9956,Combo thrpy of >= 2 prophly
G9957,Doc med rsn no combo thrpy
G9958,No combo prohpyl thrp for pt
G9959,Systemic antimicro not presc
G9960,Med rsn sys antimi nt rx
G9961,Systemic antimicro presc
G9962,Embolization doc separatly
G9963,Embolization not doc separat
G9964,Pt recv >=1 well-chld visit
G9965,No well-chld vist recv by pt
G9966,"Scrn, inter, report child"
G9967,"No scrn, inter, reprt child"
G9968,Pt refrd 2 pvdr/spclst in pp
G9969,Pvdr rfrd pt rprt rcvd
G9970,Pvdr rfrd pt no rprt rcvd
G9974,Mac exam perf
G9975,Doc med rsn no dil mac exam
G9978,Remote e/m new pt 10mins
G9979,Remote e/m new pt 20mins
G9980,Remote e/m new pt 30 mins
G9981,Remote e/m new pt 45mins
G9982,Remote e/m new pt 60mins
G9983,Remote e/m est. pt 10mins
G9984,Remote e/m est. pt  15mins
G9985,Remote e/m est. pt 25mins
G9986,Remote e/m est. pt 40mins
G9987,Bpci advanced in home visit
G9988,Pall serv during meas
G9989,Med rsn no pneum vax
G9990,No pneum vax admin 19+
G9991,Pneum vax admin 19+
G9992,Pall serv during meas
G9993,Pall serv during meas
G9994,Pall serv during meas
G9995,Pall serv during meas
G9996,Doc pt pal or hospice
G9997,Doc pt preg dur msrmt pd
G9998,Doc med rsn <3 colon
G9999,Doc sys rsn <3 colon
H0001,Alcohol and/or drug assess
H0002,Alcohol and/or drug screenin
H0003,Alcohol and/or drug screenin
H0004,Alcohol and/or drug services
H0005,Alcohol and/or drug services
H0006,Alcohol and/or drug services
H0007,Alcohol and/or drug services
H0008,Alcohol and/or drug services
H0009,Alcohol and/or drug services
H0010,Alcohol and/or drug services
H0011,Alcohol and/or drug services
H0012,Alcohol and/or drug services
H0013,Alcohol and/or drug services
H0014,Alcohol and/or drug services
H0015,Alcohol and/or drug services
H0016,Alcohol and/or drug services
H0017,Alcohol and/or drug services
H0018,Alcohol and/or drug services
H0019,Alcohol and/or drug services
H0020,Alcohol and/or drug services
H0021,Alcohol and/or drug training
H0022,Alcohol and/or drug interven
H0023,Alcohol and/or drug outreach
H0024,Alcohol and/or drug preventi
H0025,Alcohol and/or drug preventi
H0026,Alcohol and/or drug preventi
H0027,Alcohol and/or drug preventi
H0028,Alcohol and/or drug preventi
H0029,Alcohol and/or drug preventi
H0030,Alcohol and/or drug hotline
H0031,Mh health assess by non-md
H0032,Mh svc plan dev by non-md
H0033,Oral med adm direct observe
H0034,Med trng & support per 15min
H0035,Mh partial hosp tx under 24h
H0036,Comm psy face-face per 15min
H0037,Comm psy sup tx pgm per diem
H0038,Self-help/peer svc per 15min
H0039,Asser com tx face-face/15min
H0040,Assert comm tx pgm per diem
H0041,Fos c chld non-ther per diem
H0042,Fos c chld non-ther per mon
H0043,"Supported housing, per diem"
H0044,"Supported housing, per month"
H0045,Respite not-in-home per diem
H0046,"Mental health services, not otherwise specified"
H0047,"Alcohol and/or other drug abuse services, not otherwise specified"
H0048,Spec coll non-blood:a/d test
H0049,Alcohol/drug screening
H0050,Alcohol/drug service 15 min
H0051,Traditional healing service
H0052,Mmip mental health and care
H0053,Ht mental health and care
H1000,Prenatal care atrisk assessm
H1001,Antepartum management
H1002,Carecoordination prenatal
H1003,Prenatal at risk education
H1004,Follow up home visit/prental
H1005,Prenatalcare enhanced srv pk
H1010,Nonmed family planning ed
H1011,Family assessment
H2000,Comp multidisipln evaluation
H2001,Rehabilitation program 1/2 d
H2010,Comprehensive med svc 15 min
H2011,"Crisis interven svc, 15 min"
H2012,"Behav hlth day treat, per hr"
H2013,"Psych hlth fac svc, per diem"
H2014,"Skills train and dev, 15 min"
H2015,"Comp comm supp svc, 15 min"
H2016,"Comp comm supp svc, per diem"
H2017,"Psysoc rehab svc, per 15 min"
H2018,"Psysoc rehab svc, per diem"
H2019,"Ther behav svc, per 15 min"
H2020,"Ther behav svc, per diem"
H2021,"Com wrap-around sv, 15 min"
H2022,"Com wrap-around sv, per diem"
H2023,"Supported employ, per 15 min"
H2024,"Supported employ, per diem"
H2025,"Supp maint employ, 15 min"
H2026,"Supp maint employ, per diem"
H2027,"Psychoed svc, per 15 min"
H2028,"Sex offend tx svc, 15 min"
H2029,"Sex offend tx svc, per diem"
H2030,"Mh clubhouse svc, per 15 min"
H2031,"Mh clubhouse svc, per diem"
H2032,"Activity therapy, per 15 min"
H2033,Multisys ther/juvenile 15min
H2034,"A/d halfway house, per diem"
H2035,"A/d tx program, per hour"
H2036,"A/d tx program, per diem"
H2037,"Dev delay prev dp ch, 15 min"
H2038,Skill train and dev/diem
H2040,"Coord specialty care, month"
H2041,Coord special care encounter
J0013,"Esketamine, nasal spray"
J0120,Tetracyclin injection
J0121,"Inj., omadacycline, 1 mg"
J0122,"Inj., eravacycline, 1 mg"
J0129,Abatacept injection
J0130,Abciximab injection
J0131,"Inj, acetaminophen (nos)"
J0132,Acetylcysteine injection
J0133,Acyclovir injection
J0134,Inj acetaminophen -fresenius
J0135,Adalimumab injection
J0136,"Inj, acetaminophen (b braun)"
J0137,"Inj, acetaminophen (hikma)"
J0138,Inj acetaminoph 10mg/ibu 3mg
J0139,"Inj, adalimumab, 1 mg"
J0150,Injection adenosine 6 mg
J0151,Inj adenosine diag 1mg
J0153,Adenosine inj 1mg
J0162,Inj epinephrine (fresenius)
J0163,Epinephrine in nacl (endo)
J0164,Epinephrine in nacl (baxter)
J0165,"Injection, epinephrine, not otherwise specified, 0.1 mg"
J0166,Inj epinephrine (bpi)
J0167,Inj epinephrine (hospira)
J0168,Epinephrine (intl med sys)
J0169,Inj epinephrine (adrenalin)
J0171,Adrenalin epinephrine inject
J0172,"Inj, aducanumab-avwa, 2 mg"
J0173,"Inj, epinephrine (belcher)"
J0174,"Lecanemab-irmb, for iv inj"
J0175,"Inj, donanemab-azbt, 2 mg"
J0177,"Inj, aflibercept hd, 1 mg"
J0178,Aflibercept injection
J0179,"Inj, brolucizumab-dbll, 1 mg"
J0180,Agalsidase beta injection
J0184,"Inj, amisulpride, 1 mg"
J0185,"Inj., aprepitant, 1 mg"
J0190,Inj biperiden lactate/5 mg
J0200,Alatrofloxacin mesylate
J0202,"Injection, alemtuzumab"
J0205,Alglucerase injection
J0206,Inj allopurinol sodium 1 mg
J0207,Amifostine
J0208,"Inj, pedmark, 100 mg"
J0209,"Inj, sod thiosulfate (hope)"
J0210,Methyldopate hcl injection
J0211,"Inj, nithiodote, 3mg / 125mg"
J0215,Alefacept
J0216,"Inj, alfentanil hcl, 500mcg"
J0217,Inj velmanase alfa-tycv 1 mg
J0218,Inj olipudase alfa-rpcp 1mg
J0219,Inj aval alfa-nqpt 4mg
J0220,"Injection, alglucosidase alfa, 10 mg, not otherwise specified"
J0221,Lumizyme injection
J0222,"Inj., patisiran, 0.1 mg"
J0223,Inj givosiran 0.5 mg
J0224,"Inj. lumasiran, 0.5 mg"
J0225,"Inj, vutrisiran, 1 mg"
J0248,"Inj, remdesivir, 1 mg"
J0256,"Injection, alpha 1 proteinase inhibitor (human), not otherwise specified, 10 mg"
J0257,Glassia injection
J0270,Alprostadil for injection
J0275,Alprostadil urethral suppos
J0278,Amikacin sulfate injection
J0280,Aminophyllin 250 mg inj
J0281,Inj aminocaproic acid 1 gram
J0282,Amiodarone hcl
J0283,"Inj, amiodarone (nexterone)"
J0285,Amphotericin b
J0287,Amphotericin b lipid complex
J0288,Ampho b cholesteryl sulfate
J0289,Amphotericin b liposome inj
J0290,Ampicillin 500 mg inj
J0291,"Inj., plazomicin, 5 mg"
J0295,Ampicillin sulbactam 1.5 gm
J0300,Amobarbital 125 mg inj
J0330,Succinycholine chloride inj
J0348,Anidulafungin injection
J0349,"Inj, rezafungin, 1 mg"
J0350,Injection anistreplase 30 u
J0360,Hydralazine hcl injection
J0364,Apomorphine hydrochloride
J0365,"Aprotonin, 10,000 kiu"
J0380,Inj metaraminol bitartrate
J0390,Chloroquine injection
J0391,"Inj, artesunate, 1mg"
J0395,Arbutamine hcl injection
J0400,Aripiprazole injection
J0401,"Inj, abilify maintena, 1 mg"
J0402,"Inj, abilify asimtufii, 1 mg"
J0456,Azithromycin
J0457,"Injection, aztreonam, 100 mg"
J0458,Aztreonam/avibactam 10 mg
J0461,Atropine sulfate injection
J0462,"Atropine sulf, nte, 0.01 mg"
J0463,Inj atropine (fresenius te)
J0470,Dimecaprol injection
J0475,Baclofen 10 mg injection
J0476,Baclofen intrathecal trial
J0480,Basiliximab
J0485,Belatacept injection
J0490,Belimumab injection
J0491,Inj anifrolumab-fnia 1mg
J0500,Dicyclomine injection
J0515,Inj benztropine mesylate
J0517,"Inj., benralizumab, 1 mg"
J0520,Bethanechol chloride inject
J0525,Inj cefotetan disodium 10 mg
J0528,Inj fosfomycin disodium 20mg
J0558,Peng benzathine/procaine inj
J0561,Penicillin g benzathine inj
J0565,"Inj, bezlotoxumab, 10 mg"
J0567,"Inj., cerliponase alfa 1 mg"
J0570,Buprenorphine implant 74.2mg
J0571,Buprenorphine oral 1mg
J0572,Bupren/nal up to 3mg bupreno
J0573,Bupren/nal 3.1 to 6mg bupren
J0574,Bupren/nal 6.1 to 10mg bupre
J0575,Bupren/nal over 10mg bupreno
J0576,Inj buprenorph (brixadi) 1mg
J0577,"Inj, brixadi, 7 days or less"
J0578,"Inj brixadi, more than 7 day"
J0582,Bivalirudin (endo) 1 mg
J0583,Bivalirudin
J0584,"Injection, burosumab-twza 1m"
J0585,"Injection,onabotulinumtoxina"
J0586,Abobotulinumtoxina
J0587,"Inj, rimabotulinumtoxinb"
J0588,Incobotulinumtoxin a
J0589,Inj daxibotulinumtoxina-lanm
J0591,"Inj deoxycholic acid, 1 mg"
J0592,Buprenorphine hydrochloride
J0593,"Inj., lanadelumab-flyo, 1 mg"
J0594,Busulfan injection
J0595,Butorphanol tartrate 1 mg
J0596,"Injection, ruconest"
J0597,"C-1 esterase, berinert"
J0598,"C-1 esterase, cinryze"
J0599,"Inj., haegarda 10 units"
J0600,Edetate calcium disodium inj
J0601,Sevelamer carbonate 20 mg
J0602,Sevelamer carbonate pdr 20mg
J0603,Sevelamer hydrochloride 20mg
J0604,"Cinacalcet, esrd on dialysis"
J0605,Sucroferric oxyhydroxide 5mg
J0606,"Inj, etelcalcetide, 0.1 mg"
J0607,Lanthanum carbonate oral 5mg
J0608,Lanthanum carbonate pwdr 5mg
J0609,Ferric citrate orl 3 mg iron
J0610,Calcium glucon (fresenius)
J0611,Calcium glucon (wg critical)
J0612,"Injection, calcium gluconate, not otherwise specified, 10 mg"
J0613,Calcium glucon (wg critical)
J0614,"Inj, treosulfan, 50 mg"
J0615,"Calcium acetate, oral, 23 mg"
J0616,Inj metoprolol tartrate 1 mg
J0618,"Inj, calcium chloride, 2 mg"
J0620,Calcium glycer & lact/10 ml
J0630,Calcitonin salmon injection
J0636,Inj calcitriol per 0.1 mcg
J0637,Caspofungin acetate
J0638,Canakinumab injection
J0640,Leucovorin calcium injection
J0641,"Injection, levoleucovorin, not otherwise specified, 0.5 mg"
J0642,"Injection, khapzory, 0.5 mg"
J0650,"Injection, levothyroxine sodium, not otherwise specified, 10 mcg"
J0651,"Inj, levothyroxine, freskabi"
J0652,"Inj, levothyroxine, hikma"
J0654,"Inj, liothyronine, 1 mcg"
J0665,"Injection, bupivicaine, not otherwise specified, 0.5 mg"
J0666,"Inj, bupivacaine liposome"
J0668,"Instill, bupivac and meloxic"
J0670,Inj mepivacaine hcl/10 ml
J0675,"Inj, carboprost, 0.1 mg"
J0681,Inj ceftobipole medocarl 3mg
J0687,Inj cefazolin (wg crit care)
J0688,"Inj cefazolin sodium, hikma"
J0689,"Inj cefazolin sodium, baxter"
J0690,Cefazolin sodium injection
J0691,Inj lefamulin 1 mg
J0692,Cefepime hcl for injection
J0693,"Inj., cefiderocol, 5 mg"
J0694,Cefoxitin sodium injection
J0695,Inj ceftolozane tazobactam
J0696,Ceftriaxone sodium injection
J0697,Sterile cefuroxime injection
J0698,Cefotaxime sodium injection
J0699,"Inj, cefiderocol, 10 mg"
J0701,Inj. cefepime hcl (baxter)
J0702,Betamethasone acet&sod phosp
J0703,"Inj, cefepime hcl (b braun)"
J0706,Caffeine citrate injection
J0710,Cephapirin sodium injection
J0712,Ceftaroline fosamil inj
J0713,Inj ceftazidime per 500 mg
J0714,Ceftazidime and avibactam
J0715,Ceftizoxime sodium / 500 mg
J0716,Centruroides immune f(ab)
J0717,Certolizumab pegol inj 1mg
J0720,Chloramphenicol sodium injec
J0725,Chorionic gonadotropin/1000u
J0735,Clonidine hydrochloride
J0736,"Inj, clindamycin phosp 300mg"
J0737,"Inj, clindamycin (baxter)"
J0738,"Hiv prep, inj, lenacapavir"
J0739,"Hiv prep, inj, cabotegravir"
J0740,Cidofovir injection
J0741,"Inj, cabote rilpivir 2mg 3mg"
J0742,Inj imip 4 cilas 4 releb 2mg
J0743,Cilastatin sodium injection
J0744,Ciprofloxacin iv
J0745,Inj codeine phosphate /30 mg
J0750,"Hiv prep, ftc/tdf 200/300mg"
J0751,"Hiv prep, ftc/taf 200/25mg"
J0752,"Hiv prep, oral lenacapavir"
J0759,"Inj, clevidipine, 1 mg"
J0760,Colchicine injection
J0770,Colistimethate sodium inj
J0775,"Collagenase, clost hist inj"
J0780,Prochlorperazine injection
J0791,Inj crizanlizumab-tmca 5mg
J0795,Corticorelin ovine triflutal
J0799,"Hiv prep, fda approved, noc"
J0800,Corticotropin injection
J0801,Inj. acthar gel to 40 units
J0802,"Inj. (ani), up to 40 units"
J0833,"Injection, cosyntropin, not otherwise specified, 0.25 mg"
J0834,"Inj., cosyntropin, 0.25 mg"
J0840,Crotalidae poly immune fab
J0841,Inj crotalidae im f(ab')2 eq
J0850,Cytomegalovirus imm iv /vial
J0870,"Injection, imetelstat, 1 mg"
J0872,Daptomycin (xellia) unrefrig
J0873,Inj daptomycin (xellia)
J0874,"Inj, daptomycin (baxter)"
J0875,"Injection, dalbavancin"
J0877,"Inj, daptomycin (hospira)"
J0878,Daptomycin injection
J0879,"Difelikefalin, esrd on dialy"
J0881,"Darbepoetin alfa, non-esrd"
J0882,"Darbepoetin alfa, esrd use"
J0883,Argatroban nonesrd use 1mg
J0884,Argatroban esrd dialysis 1mg
J0885,"Epoetin alfa, non-esrd"
J0886,Epoetin alfa 1000 units esrd
J0887,Epoetin beta esrd use
J0888,Epoetin beta non esrd
J0889,Daprodustat oral 1mg esrd
J0890,Peginesatide injection
J0891,Argatroban nonesrd (accord)
J0892,Argatroban dialysis (accord)
J0893,"Inj, decitabine (sun pharma)"
J0894,Decitabine injection
J0895,Deferoxamine mesylate inj
J0896,Inj luspatercept-aamt 0.25mg
J0897,Denosumab injection
J0898,Argatroban nonesrd (auromed)
J0899,"Argatroban dialysis, auromed"
J0900,Testosterone enanthate inj
J0901,Vadadustat oral 1mg for esrd
J0911,Inst tauro 1.35mg/hep 100u
J0945,Brompheniramine maleate inj
J1000,Depo-estradiol cypionate inj
J1010,"Inj, methylpred acetate 1 mg"
J1020,Methylprednisolone 20 mg inj
J1030,Methylprednisolone 40 mg inj
J1040,Methylprednisolone 80 mg inj
J1050,Medroxyprogesterone acetate
J1060,Testosterone cypionate 1 ml
J1070,Testosterone cypionat 100 mg
J1071,Inj testosterone cypionate
J1072,"Inj, testosterone, azmiro"
J1073,Testosterone pellet 75 mg
J1080,Testosterone cypionat 200 mg
J1094,Inj dexamethasone acetate
J1095,"Injection, dexamethasone 9%"
J1096,Dexametha opth insert 0.1 mg
J1097,Phenylep ketorolac opth soln
J1098,Articaine ophthalmi 8% 0.4ml
J1100,Dexamethasone sodium phos
J1105,"Dexmedetomidine film, 1 mcg"
J1110,Inj dihydroergotamine mesylt
J1120,Acetazolamid sodium injectio
J1130,Inj diclofenac sodium 0.5mg
J1160,Digoxin injection
J1162,Digoxin immune fab (ovine)
J1163,"Inj, diltiazem hcl, 0.5 mg"
J1164,Inj diltiazem in 0.72% nacl
J1165,Phenytoin sodium injection
J1170,Hydromorphone injection
J1171,"Inj, hydromorphone, 0.1 mg"
J1180,Dyphylline injection
J1190,Dexrazoxane hcl injection
J1200,Diphenhydramine hcl injectio
J1201,Inj. cetirizine hcl 0.5mg
J1202,Miglustat oral 65 mg
J1203,"Inj, cipaglucosidase, 5 mg"
J1205,Chlorothiazide sodium inj
J1212,Dimethyl sulfoxide 50% 50 ml
J1230,Methadone injection
J1240,Dimenhydrinate injection
J1245,Dipyridamole injection
J1250,Inj dobutamine hcl/250 mg
J1260,Dolasetron mesylate
J1265,Dopamine injection
J1267,Doripenem injection
J1270,"Injection, doxercalciferol"
J1271,Inj doxycycline hyclate 1 mg
J1289,"Narsoplimab-wuug, 1 mg"
J1290,Ecallantide injection
J1299,"Inj, eculizumab, 2 mg"
J1300,Eculizumab injection
J1301,"Injection, edaravone, 1 mg"
J1302,"Inj, sutimlimab-jome, 10 mg"
J1303,"Inj., ravulizumab-cwvz 10 mg"
J1304,Inj tofersen intrathec 1 mg
J1305,"Inj, evinacumab-dgnb, 5mg"
J1306,"Injection, inclisiran, 1 mg"
J1307,"Inj, crovalimab-akkz, 10 mg"
J1308,"Inj, famotidine, 0.25 mg"
J1320,Amitriptyline injection
J1322,"Elosulfase alfa, injection"
J1323,"Inj, elranatamab-bcmm, 1 mg"
J1324,Enfuvirtide injection
J1325,Epoprostenol injection
J1326,"Inj, zolbetuximab-clzb, 2 mg"
J1327,Eptifibatide injection
J1330,Ergonovine maleate injection
J1335,Ertapenem injection
J1364,Erythro lactobionate /500 mg
J1370,"Inj, esomeprazole sod, 1 mg"
J1380,Estradiol valerate 10 mg inj
J1410,Inj estrogen conjugate 25 mg
J1411,"Inj, hemgenix, per tx dose"
J1412,Inj roctavian ml 2x10^13vc g
J1413,Inj delandistrogene mox rokl
J1414,"Inj, beqvez, per tx dose"
J1426,"Injection, casimersen, 10 mg"
J1427,Inj. viltolarsen
J1428,"Inj, eteplirsen, 10 mg"
J1429,Inj golodirsen 10 mg
J1430,Ethanolamine oleate 100 mg
J1434,"Inj, focinvez, 1mg"
J1435,Injection estrone per 1 mg
J1436,Etidronate disodium inj
J1437,Inj. fe derisomaltose 10 mg
J1438,Etanercept injection
J1439,Inj ferric carboxymaltos 1mg
J1440,Fecal microbiota jslm 1 ml
J1442,Inj filgrastim excl biosimil
J1443,Inj ferric pyrophosphate cit
J1444,Fe pyro cit pow 0.1 mg iron
J1445,Inj triferic avnu 0.1mg iron
J1446,"Inj, tbo-filgrastim, 5 mcg"
J1447,Inj tbo filgrastim 1 microg
J1448,"Injection, trilaciclib, 1mg"
J1449,Inj eflapegrastim-xnst 0.1mg
J1450,Fluconazole
J1451,"Fomepizole, 15 mg"
J1452,Intraocular fomivirsen na
J1453,Fosaprepitant injection
J1454,"Inj fosnetupitant, palonoset"
J1455,Foscarnet sodium injection
J1456,"Inj, fosaprepitant (teva)"
J1457,Gallium nitrate injection
J1458,Galsulfase injection
J1459,Inj ivig privigen 500 mg
J1460,Gamma globulin 1 cc inj
J1551,Inj cutaquig 100 mg
J1552,"Inj, alyglo, 500 mg"
J1553,Inj yimmugo 100 mg
J1554,Inj. asceniv
J1555,"Inj cuvitru, 100 mg"
J1556,"Inj, imm glob bivigam, 500mg"
J1557,Gammaplex injection
J1558,"Inj. xembify, 100 mg"
J1559,Hizentra injection
J1560,Gamma globulin > 10 cc inj
J1561,Gamunex-c/gammaked
J1562,"Vivaglobin, inj"
J1566,"Injection, immune globulin, intravenous, lyophilized (e.g., powder), not otherwise specified, 500 mg"
J1568,Octagam injection
J1569,Gammagard liquid/erc inj
J1570,Ganciclovir sodium injection
J1571,Hepagam b im injection
J1572,Flebogamma injection
J1573,"Hepagam b intravenous, inj"
J1574,"Inj, ganciclovir (exela)"
J1575,Hyqvia 100mg immuneglobulin
J1576,"Inj, panzyga, 500 mg"
J1577,"Inj, qivigy, 100mg"
J1580,Garamycin gentamicin inj
J1590,Gatifloxacin injection
J1595,Injection glatiramer acetate
J1596,"Inj, glycopyrrolate, 0.1 mg"
J1597,"Inj glycopyrrolate, glyrx-pf"
J1598,Inj glycopyrrolate fres kabi
J1599,"Injection, immune globulin, intravenous, non-lyophilized (e.g., liquid), not otherwise specified, 500 mg"
J1600,Gold sodium thiomaleate inj
J1602,Golimumab for iv use 1mg
J1610,Glucagon hydrochloride/1 mg
J1611,"Inj glucagon hcl, fresenius"
J1612,Inj glucagon (gvoke) 0.01 mg
J1620,Gonadorelin hydroch/ 100 mcg
J1626,Granisetron hcl injection
J1627,"Inj, granisetron, xr, 0.1 mg"
J1628,"Inj., guselkumab, 1 mg"
J1630,Haloperidol injection
J1631,Haloperidol decanoate inj
J1632,"Inj., brexanolone, 1 mg"
J1640,"Hemin, 1 mg"
J1642,Inj heparin sodium per 10 u
J1643,"Inj heparin, pfizer, 1000u"
J1644,Inj heparin sodium per 1000u
J1645,Dalteparin sodium
J1650,Inj enoxaparin sodium
J1652,Fondaparinux sodium
J1655,Tinzaparin sodium injection
J1670,Tetanus immune globulin inj
J1675,Histrelin acetate
J1700,Hydrocortisone acetate inj
J1710,Hydrocortisone sodium ph inj
J1720,Hydrocortisone sodium succ i
J1725,Hydroxyprogesterone caproate
J1726,"Makena, 10 mg"
J1729,"Injection, hydroxyprogesterone caproate, not otherwise specified, 10 mg"
J1730,Diazoxide injection
J1736,Inj meloxicam (delova) 1mg
J1737,Inj meloxicam (azurity) 1mg
J1738,Inj. meloxicam 1 mg
J1740,Ibandronate sodium injection
J1741,Ibuprofen injection
J1742,Ibutilide fumarate injection
J1743,Idursulfase injection
J1744,Icatibant injection
J1745,Infliximab not biosimil 10mg
J1746,"Inj., ibalizumab-uiyk, 10 mg"
J1747,"Inj, spesolimab-sbzo, 1 mg"
J1748,"Inj, zymfentra, 10 mg"
J1749,"Inj, iloprost, 0.1 mcg"
J1750,Inj iron dextran
J1756,Iron sucrose injection
J1786,Imuglucerase injection
J1790,Droperidol injection
J1800,Propranolol injection
J1805,"Inj, esmolol hcl, 10mg"
J1806,Inj esmolol hcl wg crit care
J1807,"Inj, ethacrynate sod, 1 mg"
J1808,"Inj, folic acid, 0.1 mg"
J1809,"Inj, fosdenopterin, 0.1mg"
J1810,Droperidol/fentanyl inj
J1811,Fiasp for insulin pump use
J1812,Inj. insulin (fiasp)
J1813,Lyumjev for insulin pump use
J1814,Inj. insulin (lyumjev)
J1815,Insulin injection
J1817,Insulin for insulin pump use
J1823,"Inj. inebilizumab-cdon, 1 mg"
J1826,Interferon beta-1a inj
J1830,Interferon beta-1b / .25 mg
J1833,"Injection, isavuconazonium"
J1834,"Inj, isoniazid, 1 mg"
J1835,Itraconazole injection
J1836,"Inj, metronidazole, 10 mg"
J1837,"Inj, posaconazole, 1 mg"
J1840,Kanamycin sulfate 500 mg inj
J1850,Kanamycin sulfate 75 mg inj
J1885,Ketorolac tromethamine inj
J1890,Cephalothin sodium injection
J1920,"Inj, labetalol hcl, 5mg"
J1921,"Inj labetalol hcl hikma, 5mg"
J1930,Lanreotide injection
J1931,Laronidase injection
J1932,"Inj, lanreotide, (cipla) 1mg"
J1938,"Inj, furosemide, 1 mg"
J1939,"Inj, bumetanide, 0.5 mg"
J1940,Furosemide injection
J1941,"Inj, furoscix, 20 mg"
J1942,Aripiprazole lauroxil 1mg
J1943,"Inj., aristada initio, 1 mg"
J1944,Aripiprazole lauroxil 1 mg
J1945,Lepirudin
J1950,Leuprolide acetate /3.75 mg
J1951,Inj fensolvi 0.25 mg
J1952,"Leuprolide inj, camcevi, 1mg"
J1953,Levetiracetam injection
J1954,Inj leu acet lutr dpt 7.5 mg
J1955,Inj levocarnitine per 1 gm
J1956,Levofloxacin injection
J1960,Levorphanol tartrate inj
J1961,Inj lenacapavir (hiv tx) 1mg
J1980,Hyoscyamine sulfate inj
J1990,Chlordiazepoxide injection
J2001,Lidocaine injection
J2002,"Inj, lidocaine in d5w, 1 mg"
J2003,"Inj, lidocaine hcl, 1 mg"
J2004,"Inj, lidocaine w epinephrine"
J2010,Lincomycin injection
J2020,Linezolid injection
J2021,"Inj, linezolid (hospira)"
J2060,Lorazepam injection
J2062,Loxapine for inhalation 1 mg
J2150,Mannitol injection
J2151,"Inj, mannitol, 250 mg"
J2170,Mecasermin injection
J2175,Meperidine hydrochl /100 mg
J2180,Meperidine/promethazine inj
J2182,"Injection, mepolizumab, 1mg"
J2183,Inj meropenem (wg crit care)
J2184,"Inj, meropenem (b. braun)"
J2185,Meropenem
J2186,"Inj., meropenem, vaborbactam"
J2210,Methylergonovin maleate inj
J2212,Methylnaltrexone injection
J2246,"Inj, micafungin (baxter)"
J2247,"Inj, micafungin (par pharm)"
J2248,Micafungin sodium injection
J2249,"Inj, remimazolam, 1 mg"
J2250,Inj midazolam hydrochloride
J2251,Inj midazolam in 0.9% nacl
J2252,Inj midazolam in 0.8% nacl
J2253,Inj midazolam (seizalam)
J2260,Inj milrinone lactate / 5 mg
J2265,Minocycline hydrochloride
J2267,"Inj, mirikizumab-mrkz, 1 mg"
J2270,Morphine sulfate injection
J2271,Morphine so4 injection 100mg
J2272,"Inj, morphine (fresenius)"
J2274,Inj morphine pf epid ithc
J2275,Morphine sulfate injection
J2277,"Inj, motixafortide, 0.25 mg"
J2278,Ziconotide injection
J2280,"Inj, moxifloxacin 100 mg"
J2281,Inj moxifloxacin (fres kabi)
J2290,"Inj, nafcillin sodium, 20 mg"
J2291,"Inj, nafcillin (baxter) 20mg"
J2300,Inj nalbuphine hydrochloride
J2305,"Inj, nitroglycerin, 5 mg"
J2310,Inj naloxone hydrochloride
J2311,"Inj, naloxone hcl (zimhi)"
J2312,"Injection, naloxone hydrochloride, not otherwise specified, 0.01 mg"
J2313,"Inj, naloxone (zimhi) 0.01mg"
J2315,"Naltrexone, depot form"
J2320,Nandrolone decanoate 50 mg
J2323,Natalizumab injection
J2325,Nesiritide injection
J2326,"Inj, nusinersen, 0.1mg"
J2327,Inj risankizumab-rzaa 1 mg
J2329,"Inj ublituximab-xiiy, 1 mg"
J2350,"Injection, ocrelizumab, 1 mg"
J2351,Inj ocrelizumab 1mg hya-ocsq
J2353,"Octreotide injection, depot"
J2354,"Octreotide inj, non-depot"
J2355,Oprelvekin injection
J2356,"Inj tezepelumab-ekko, 1mg"
J2357,Omalizumab injection
J2358,Olanzapine long-acting inj
J2359,"Inj. olanzapine, 0.5mg"
J2360,Orphenadrine injection
J2361,Inj depemokimab-ulaa 1 mg
J2370,Phenylephrine hcl injection
J2371,Inj phenylephrine hcl 20 mcg
J2372,"Inj, biorphen, 20 micrograms"
J2373,"Inj, immphentiv, 20 mcg"
J2374,Apraclonidine hcl opht 0.1ml
J2400,Chloroprocaine hcl injection
J2401,Chloroprocaine hcl injection
J2402,Chloroprocaine (clorotekal)
J2403,"Chloroprocaine opht gel, 1mg"
J2404,"Inj, nicardipine 0.1 mg"
J2405,Ondansetron hcl injection
J2406,"Injection, oritavancin 10 mg"
J2407,"Injection, oritavancin"
J2410,Oxymorphone hcl injection
J2425,Palifermin injection
J2426,"Inj, invega sustenna, 1 mg"
J2427,"Inj, invega hafyera/trinza"
J2428,"Inj, erzofri, 1 mg"
J2430,Pamidronate disodium /30 mg
J2440,Papaverin hcl injection
J2460,Oxytetracycline injection
J2468,"Inj, palonosetron (posfrea)"
J2469,Palonosetron hcl
J2470,Inj pantoprazole sodium 40mg
J2471,Inj pantoprazole(hikma) 40mg
J2472,"Inj, pantoprazole sodium chl"
J2501,Paricalcitol
J2502,"Inj, pasireotide long acting"
J2503,Pegaptanib sodium injection
J2504,"Pegademase bovine, 25 iu"
J2505,"Injection, pegfilgrastim 6mg"
J2506,Inj pegfilgrast ex bio 0.5mg
J2507,Pegloticase injection
J2508,Pegunigalsidase alfa-iwxj
J2510,Penicillin g procaine inj
J2513,Pentastarch 10% solution
J2515,Pentobarbital sodium inj
J2516,"Inj, pentamidine isethionate"
J2540,Penicillin g potassium inj
J2543,Piperacillin/tazobactam
J2545,Pentamidine non-comp unit
J2547,"Injection, peramivir"
J2550,Promethazine hcl injection
J2560,Phenobarbital sodium inj
J2561,"Inj, sezaby, 1 mg"
J2562,Plerixafor injection
J2590,Oxytocin injection
J2596,Vasopressin (long grove) 1 u
J2597,Inj desmopressin acetate
J2598,"Inj, vasopressin, 1 unit"
J2599,Inj vasopressin (am reg) 1 u
J2601,"Inj, vasopressin (baxter)"
J2650,Prednisolone acetate inj
J2670,Totazoline hcl injection
J2675,Inj progesterone per 50 mg
J2679,Inj fluphenazine hcl 1.25 mg
J2680,Fluphenazine decanoate 25 mg
J2690,Procainamide hcl injection
J2700,Oxacillin sodium injeciton
J2704,"Inj, propofol, 10 mg"
J2710,Neostigmine methylslfte inj
J2711,Inj neostigmin/glycopyrrolat
J2720,Inj protamine sulfate/10 mg
J2724,Protein c concentrate
J2725,Inj protirelin per 250 mcg
J2730,Pralidoxime chloride inj
J2760,Phentolaine mesylate inj
J2765,Metoclopramide hcl injection
J2770,Quinupristin/dalfopristin
J2777,"Inj, faricimab-svoa, 0.1mg"
J2778,Ranibizumab injection
J2779,"Inj, susvimo 0.1 mg"
J2780,Ranitidine hydrochloride inj
J2781,"Inj, pegcetacoplan, 1mg"
J2782,Inj avacincaptad pegol 0.1mg
J2783,Rasburicase
J2785,Regadenoson injection
J2786,"Injection, reslizumab, 1mg"
J2787,Riboflavin photrexa/viscous
J2788,Rho d immune globulin 50 mcg
J2789,Riboflavin epioxa/hd<=2ml
J2790,Rho d immune globulin inj
J2791,Rhophylac injection
J2792,"Rho(d) immune globulin h, sd"
J2793,Rilonacept injection
J2794,"Inj risperdal consta, 0.5 mg"
J2795,Ropivacaine hcl injection
J2796,Romiplostim injection
J2797,"Inj., rolapitant, 0.5 mg"
J2798,"Inj., perseris, 0.5 mg"
J2799,"Inj, uzedy, 1 mg"
J2800,Methocarbamol injection
J2801,"Inj, rykindo, 0.5 mg"
J2802,"Inj, romiplostim 1 microgram"
J2804,"Inj, rifampin, 1 mg"
J2805,Sincalide injection
J2806,"Inj sincalide, maia, 5 mcg"
J2810,Inj theophylline per 40 mg
J2820,Sargramostim injection
J2840,Inj sebelipase alfa 1 mg
J2850,Inj secretin synthetic human
J2860,"Injection, siltuximab"
J2865,Inj sulfameth/trim 5 mg/1 mg
J2910,Aurothioglucose injeciton
J2916,Na ferric gluconate complex
J2919,"Inj, methylpred sod succ 5mg"
J2920,Methylprednisolone injection
J2930,Methylprednisolone injection
J2940,Somatrem injection
J2941,Somatropin injection
J2950,Promazine hcl injection
J2993,Reteplase injection
J2995,Inj streptokinase /250000 iu
J2997,Alteplase recombinant
J2998,Inj plasminogen tvmh 1mg
J3000,Streptomycin injection
J3010,Fentanyl citrate injection
J3030,Sumatriptan succinate / 6 mg
J3031,"Inj., fremanezumab-vfrm 1 mg"
J3032,Inj. eptinezumab-jjmr 1 mg
J3055,Inj talquetamab-tgvs 0.25 mg
J3060,"Inj, taliglucerase alfa 10 u"
J3070,Pentazocine injection
J3090,Inj tedizolid phosphate
J3095,Telavancin injection
J3101,Tenecteplase injection
J3105,Terbutaline sulfate inj
J3110,Teriparatide injection
J3111,Inj. romosozumab-aqqg 1 mg
J3120,Testosterone enanthate inj
J3121,Inj testostero enanthate 1mg
J3130,Testosterone enanthate inj
J3140,Testosterone suspension inj
J3145,Testosterone undecanoate 1mg
J3150,Testosteron propionate inj
J3230,Chlorpromazine hcl injection
J3240,Thyrotropin injection
J3241,Inj. teprotumumab-trbw 10 mg
J3243,Tigecycline injection
J3244,Inj. tigecycline (accord)
J3245,"Inj., tildrakizumab, 1 mg"
J3246,Tirofiban hcl
J3247,Inj secukinumab intrav 1mg
J3250,Trimethobenzamide hcl inj
J3260,Tobramycin sulfate injection
J3262,Tocilizumab injection
J3263,"Inj, toripalimab-tpzi, 1 mg"
J3265,Injection torsemide 10 mg/ml
J3280,Thiethylperazine maleate inj
J3285,Treprostinil injection
J3290,"Inj, tranexamic acid 5 mg"
J3291,Tranexamic acid in sod chlor
J3299,Inj xipere 1 mg
J3300,Triamcinolone a inj prs-free
J3301,"Injection, triamcinolone acetonide, not otherwise specified, 10 mg"
J3302,Triamcinolone diacetate inj
J3303,Triamcinolone hexacetonl inj
J3304,Inj triamcinolone ace xr 1mg
J3305,Inj trimetrexate glucoronate
J3310,Perphenazine injeciton
J3315,Triptorelin pamoate
J3316,"Inj., triptorelin xr 3.75 mg"
J3320,Spectinomycn di-hcl inj
J3350,Urea injection
J3355,"Urofollitropin, 75 iu"
J3357,"Ustekinumab sub cu inj, 1 mg"
J3358,"Ustekinumab, iv inject, 1 mg"
J3360,Diazepam injection
J3364,Urokinase 5000 iu injection
J3365,"Urokinase 250,000 iu inj"
J3370,Vancomycin hcl injection
J3371,"Inj, vancomycin hcl (mylan)"
J3372,"Inj, vancomycin hcl (xellia)"
J3373,"Inj, vancomycin hcl, 10 mg"
J3374,"Inj, vancomycin (mylan) 10mg"
J3375,"Inj, vanco (tyzavan) 10mg"
J3376,Inj vancomycin (hikma) 10mg
J3379,"Inj, valproate sod, 5 mg"
J3380,Inj vedolizumab iv 1 mg
J3385,Velaglucerase alfa
J3386,Etuvetidigene autotemecel
J3387,Inj elivaldogene autotemecel
J3389,Topi adm prad zami per treat
J3391,"Inj, atidarsagene autotemcel"
J3392,"Inj, exagamglogene autotem"
J3393,"Inj, betibeglogene autotemce"
J3394,"Inj, lovotibeglogene autotem"
J3396,Verteporfin injection
J3397,"Inj., vestronidase alfa-vjbk"
J3398,Inj luxturna 1 billion vec g
J3399,Inj onase abepar-xioi treat
J3400,Triflupromazine hcl inj
J3401,"Vyjuvek 5x10^9pfu/ml, 0.1 ml"
J3402,Inj. remestemcel-l-rknd/ td
J3403,"Revakinagene, per implant"
J3404,Inj zopapogene per ther dose
J3405,Inj onase abepar-brve treat
J3410,Hydroxyzine hcl injection
J3411,Thiamine hcl 100 mg
J3415,Pyridoxine hcl 100 mg
J3420,Vitamin b12 injection
J3424,Inj hydroxocobalamin iv 25mg
J3425,Hydroxocobalamin im 10mcg
J3430,Vitamin k phytonadione inj
J3465,"Injection, voriconazole"
J3470,Hyaluronidase injection
J3471,"Ovine, up to 999 usp units"
J3472,"Ovine, 1000 usp units"
J3473,Hyaluronidase recombinant
J3475,Inj magnesium sulfate
J3480,Inj potassium chloride
J3485,Zidovudine
J3486,Ziprasidone mesylate
J3489,Zoledronic acid 1mg
J3490,Unclassified drugs
J3520,Edetate disodium per 150 mg
J3530,Nasal vaccine inhalation
J3535,Metered dose inhaler drug
J3570,Laetrile amygdalin vit b17
J3590,Unclassified biologics
J3591,Unclassified drug or biological used for esrd on dialysis
J7030,Normal saline solution infus
J7040,Normal saline solution infus
J7042,5% dextrose/normal saline
J7050,Normal saline solution infus
J7060,5% dextrose/water
J7070,D5w infusion
J7100,Dextran 40 infusion
J7110,Dextran 75 infusion
J7120,Ringers lactate infusion
J7121,5% dextrose in lac ringers
J7131,Hypertonic saline sol
J7165,"Inj, human-lans, per i.u"
J7168,Prothrombin complex kcentra
J7169,"Inj andexxa, 10 mg"
J7170,"Inj., emicizumab-kxwh 0.5 mg"
J7171,"Inj, adzynma, 10 iu"
J7172,"Inj marstacim-hncq, 0.5 mg"
J7173,"Inj. concizumab-mtci, 0.5 mg"
J7174,Injection fitusiran 0.04 mg
J7175,"Inj, factor x, (human), 1iu"
J7176,"Inj. fesilty, 1 mg"
J7177,"Inj., fibryga, 1 mg"
J7178,"Injection, human fibrinogen concentrate, not otherwise specified, 1 mg"
J7179,Vonvendi inj 1 iu vwf:rco
J7180,Factor xiii anti-hem factor
J7181,Factor xiii recomb a-subunit
J7182,Factor viii recomb novoeight
J7183,Wilate injection
J7185,Xyntha inj
J7186,Antihemophilic viii/vwf comp
J7187,"Humate-p, inj"
J7188,Factor viii recomb obizur
J7189,Factor viia recomb novoseven
J7190,Factor viii
J7191,Factor viii (porcine)
J7192,specified
J7193,Factor ix non-recombinant
J7194,Factor ix complex
J7195,specified
J7196,Antithrombin recombinant
J7197,Antithrombin iii injection
J7198,Anti-inhibitor
J7199,"Hemophilia clotting factor, not otherwise classified"
J7200,Factor ix recombinan rixubis
J7201,Factor ix alprolix recomb
J7202,Factor ix idelvion inj
J7203,Factor ix recomb gly rebinyn
J7204,Inj recombin esperoct per iu
J7205,Factor viii fc fusion recomb
J7207,Factor viii pegylated recomb
J7208,Inj. jivi 1 iu
J7209,Factor viii nuwiq recomb 1iu
J7210,"Inj, afstyla, 1 i.u."
J7211,"Inj, kovaltry, 1 i.u."
J7212,Factor viia recomb sevenfact
J7213,"Inj, ixinity, 1 i.u."
J7214,Altuviiio per factor viii iu
J7294,Seg acet and eth estr yearly
J7295,Eth estr and eton monthly
J7296,"Kyleena, 19.5 mg"
J7297,"Liletta, 52 mg"
J7298,"Mirena, 52 mg"
J7299,Intraut copp cont (miudella)
J7300,Intra copp contra (paragard)
J7301,"Skyla, 13.5 mg"
J7302,Levonorgestrel iu 52 mg
J7303,Contraceptive vaginal ring
J7304,Contraceptive hormone patch
J7306,Levonorgestrel implant sys
J7307,Etonogestrel implant system
J7308,Aminolevulinic acid hcl top
J7309,"Methyl aminolevulinate, top"
J7310,Ganciclovir long act implant
J7311,"Inj., retisert, 0.01 mg"
J7312,Dexamethasone intra implant
J7313,"Inj., iluvien, 0.01 mg"
J7314,"Inj., yutiq, 0.01 mg"
J7315,Ophthalmic mitomycin
J7316,"Inj, ocriplasmin, 0.125 mg"
J7318,"Inj, durolane 1 mg"
J7320,"Genvisc 850, inj, 1mg"
J7321,Hyalgan supartz visco-3 dose
J7322,"Hyaluronan, hymo or hymo one"
J7323,Euflexxa inj per dose
J7324,Orthovisc inj per dose
J7325,Synvisc or synvisc-one
J7326,Gel-one
J7327,Monovisc inj per dose
J7328,Gelsyn-3 injection 0.1 mg
J7329,"Inj, trivisc 1 mg"
J7330,Cultured chondrocytes implnt
J7331,"Synojoynt, inj., 1 mg"
J7332,"Inj., triluron, 1 mg"
J7333,Visco-3 inj dose
J7335,Capsaicin 8% patch
J7336,Capsaicin 8% patch
J7340,Carbidopa levodopa ent 100ml
J7342,Ciprofloxacin otic susp 6 mg
J7345,"Aminolevulinic acid, 10% gel"
J7351,Inj bimatoprost itc imp1mcg
J7352,"Afamelanotide implant, 1 mg"
J7353,Anacaulase-bcdb 8.8% gel 1 g
J7354,"Cantharidin top, applicator"
J7355,Inj travoprost intra impl
J7356,Inj foscarb/foslevodopa 5 mg
J7401,Mometasone furoate sinus imp
J7402,Mometasone sinus sinuva
J7500,Azathioprine oral 50mg
J7501,Azathioprine parenteral
J7502,Cyclosporine oral 100 mg
J7503,Tacrol envarsus ex rel oral
J7504,Lymphocyte immune globulin
J7505,Monoclonal antibodies
J7506,Prednisone oral
J7507,Tacrolimus imme rel oral 1mg
J7508,Tacrol astagraf ex rel oral
J7509,Methylprednisolone oral
J7510,Prednisolone oral per 5 mg
J7511,Antithymocyte globuln rabbit
J7512,Prednisone ir or dr oral 1mg
J7513,"Daclizumab, parenteral"
J7514,Mycophenol (myhibbin) 100 mg
J7515,Cyclosporine oral 25 mg
J7516,"Inj, cyclosporine 250mg"
J7517,Mycophenolate mofetil oral
J7518,Mycophenolic acid
J7519,Inj. mycophenolate mofetil
J7520,"Sirolimus, oral"
J7521,Tacrolim granules oral susp
J7525,Tacrolimus injection
J7527,Oral everolimus
J7528,Mycophen mofetil for susp
J7599,"Immunosuppressive drug, not otherwise classified"
J7601,Ensifentrine inh 3 mg
J7604,Acetylcysteine comp unit
J7605,Arformoterol non-comp unit
J7606,"Formoterol fumarate, inh"
J7607,Levalbuterol comp con
J7608,Acetylcysteine non-comp unit
J7609,Albuterol comp unit
J7610,Albuterol comp con
J7611,Albuterol non-comp con
J7612,Levalbuterol non-comp con
J7613,Albuterol non-comp unit
J7614,Levalbuterol non-comp unit
J7615,Levalbuterol comp unit
J7620,Albuterol ipratrop non-comp
J7622,Beclomethasone comp unit
J7624,Betamethasone comp unit
J7626,Budesonide non-comp unit
J7627,Budesonide comp unit
J7628,Bitolterol mesylate comp con
J7629,Bitolterol mesylate comp unt
J7631,Cromolyn sodium noncomp unit
J7632,Cromolyn sodium comp unit
J7633,Budesonide non-comp con
J7634,Budesonide comp con
J7635,Atropine comp con
J7636,Atropine comp unit
J7637,Dexamethasone comp con
J7638,Dexamethasone comp unit
J7639,Dornase alfa non-comp unit
J7640,Formoterol comp unit
J7641,Flunisolide comp unit
J7642,Glycopyrrolate comp con
J7643,Glycopyrrolate comp unit
J7644,Ipratropium bromide non-comp
J7645,Ipratropium bromide comp
J7647,Isoetharine comp con
J7648,Isoetharine non-comp con
J7649,Isoetharine non-comp unit
J7650,Isoetharine comp unit
J7657,Isoproterenol comp con
J7658,Isoproterenol non-comp con
J7659,Isoproterenol non-comp unit
J7660,Isoproterenol comp unit
J7665,Mannitol for inhaler
J7667,Metaproterenol comp con
J7668,Metaproterenol non-comp con
J7669,Metaproterenol non-comp unit
J7670,Metaproterenol comp unit
J7674,"Methacholine chloride, neb"
J7676,Pentamidine comp unit dose
J7677,Revefenacin inh non-com 1mcg
J7680,Terbutaline sulf comp con
J7681,Terbutaline sulf comp unit
J7682,Tobramycin non-comp unit
J7683,Triamcinolone comp con
J7684,Triamcinolone comp unit
J7685,Tobramycin comp unit
J7686,"Treprostinil, non-comp unit"
J7699,"Noc drugs, inhalation solution administered through dme"
J7799,"Noc drugs, other than inhalation drugs, administered through dme"
J7999,"Compounded drug, not otherwise classified"
J8498,"Antiemetic drug, rectal/suppository, not otherwise specified"
J8499,"Prescription drug, oral, non chemotherapeutic, nos"
J8501,Oral aprepitant
J8502,"Inj, aponvie, 1 mg"
J8510,Oral busulfan
J8515,"Cabergoline, oral 0.25mg"
J8520,"Capecitabine, oral, 150 mg"
J8521,"Capecitabine, oral, 500 mg"
J8522,"Capecitabine, oral, 50 mg"
J8530,Cyclophosphamide oral 25 mg
J8540,Oral dexamethasone
J8541,"Oral, hemady, 0.25 mg"
J8560,Etoposide oral 50 mg
J8562,Oral fludarabine phosphate
J8565,Gefitinib oral
J8597,"Antiemetic drug, oral, not otherwise specified"
J8600,Melphalan oral 2 mg
J8610,Methotrexate oral 2.5 mg
J8611,Oral methotrexate (jylamvo)
J8612,Oral methotrexate (xatmep)
J8650,Nabilone oral
J8655,"Oral netupitant, palonosetro"
J8670,"Rolapitant, oral, 1mg"
J8700,Temozolomide
J8705,Topotecan oral
J8999,"Prescription drug, oral, chemotherapeutic, nos"
J9000,Doxorubicin hcl injection
J9003,"Leupro inj, camcevi etm, 1mg"
J9010,Alemtuzumab injection
J9011,"Datopotamab deruxtecan, 1 mg"
J9015,Aldesleukin injection
J9017,Arsenic trioxide injection
J9019,Erwinaze injection
J9020,"Injection, asparaginase, not otherwise specified, 10,000 units"
J9021,"Inj, aspara, rylaze, 0.1 mg"
J9022,"Inj, atezolizumab,10 mg"
J9023,"Injection, avelumab, 10 mg"
J9024,Inj atezolizumb 5mg hya-tqjs
J9025,Azacitidine injection
J9026,"Inj, tarlatamab-dlle, 1 mg"
J9027,Clofarabine injection
J9028,"Inj, nogapendekin pmln, 1mcg"
J9029,"Instill adstiladrin, tx dose"
J9030,Bcg live intravesical 1mg
J9031,Bcg live intravesical vac
J9032,"Injection, belinostat, 10mg"
J9033,"Inj, bendamustine hcl, 1mg"
J9034,"Inj., bendeka 1 mg"
J9035,Bevacizumab injection
J9036,Inj. belrapzo/bendamustine
J9037,Inj belantamab mafodot blmf
J9038,Inj axatilimab-csfr 0.1 mg
J9039,"Injection, blinatumomab"
J9040,Bleomycin sulfate injection
J9041,"Injection, bortezomib, 0.1mg"
J9042,Brentuximab vedotin inj
J9043,Cabazitaxel injection
J9044,"Injection, bortezomib, not otherwise specified, 0.1 mg"
J9045,Carboplatin injection
J9046,"Inj, bortezomib, dr. reddy's"
J9047,"Injection, carfilzomib, 1 mg"
J9048,"Inj, bortezomib freseniuskab"
J9049,"Inj, bortezomib, hospira"
J9050,Carmustine injection
J9051,"Inj, bortezomib (maia)"
J9052,"Inj, carmustine (accord)"
J9053,Inj belantamab mafodot blmf
J9054,Inj bortezomib boruzu 0.1 mg
J9055,Cetuximab injection
J9056,"Inj, vivimusta, 1 mg"
J9057,"Inj., copanlisib, 1 mg"
J9058,Inj apotex/bendamustine 1 mg
J9059,"Inj bendamustine, baxter 1mg"
J9060,Cisplatin 10 mg injection
J9061,"Inj, amivantamab-vmjw"
J9062,Inj amivantamab 5mg hyaluron
J9063,"Inj, elahere, 1 mg"
J9064,"Inj, cabazitaxel (sandoz)"
J9065,Inj cladribine per 1 mg
J9070,Cyclophosphamide 100 mg inj
J9071,Inj cyclophosphamd auromedic
J9072,Inj cyclophos frindovyx 5 mg
J9073,Inj cyclophos dr reddys 5 mg
J9074,"Inj, cyclophosphamd, sandoz"
J9075,"Injection, cyclophosphamide, not otherwise specified, 5 mg"
J9076,"Inj, cyclophos (baxter) 5mg"
J9098,Cytarabine liposome inj
J9100,Cytarabine hcl 100 mg inj
J9118,Inj. calaspargase pegol-mknl
J9119,"Inj., cemiplimab-rwlc, 1 mg"
J9120,Dactinomycin injection
J9130,Dacarbazine 100 mg inj
J9144,"Daratumumab, hyaluronidase"
J9145,"Injection, daratumumab 10 mg"
J9150,Daunorubicin injection
J9151,Daunorubicin citrate inj
J9153,"Inj daunorubicin, cytarabine"
J9155,Degarelix injection
J9160,Denileukin diftitox inj
J9161,Inj denileuk difti-cxdl 1mcg
J9165,Diethylstilbestrol injection
J9171,Docetaxel injection
J9172,"Docetaxel (docivyx), 1 mg"
J9173,"Inj., durvalumab, 10 mg"
J9174,"Inj, docetaxel (beizray) 1mg"
J9175,Elliotts b solution per ml
J9176,"Injection, elotuzumab, 1mg"
J9177,Inj enfort vedo-ejfv 0.25mg
J9178,"Inj, epirubicin hcl, 2 mg"
J9179,Eribulin mesylate injection
J9181,Etoposide injection
J9183,Gemcitabine intravesical sys
J9184,Inj gemcitabin (avyxa) 200mg
J9185,Fludarabine phosphate inj
J9190,Fluorouracil injection
J9196,Inj gemcitabine hcl (accord)
J9198,"Inj. infugem, 100 mg"
J9199,"Injection, infugem, 200 mg"
J9200,Floxuridine injection
J9201,"Injection, gemcitabine hydrochloride, not otherwise specified, 200 mg"
J9202,Goserelin acetate implant
J9203,Gemtuzumab ozogamicin 0.1 mg
J9204,"Inj mogamulizumab-kpkc, 1 mg"
J9205,Inj irinotecan liposome 1 mg
J9206,Irinotecan injection
J9207,Ixabepilone injection
J9208,Ifosfamide injection
J9209,Mesna injection
J9210,"Inj., emapalumab-lzsg, 1 mg"
J9211,Idarubicin hcl injection
J9212,Interferon alfacon-1 inj
J9213,Interferon alfa-2a inj
J9214,Interferon alfa-2b inj
J9215,Interferon alfa-n3 inj
J9216,Interferon gamma 1-b inj
J9217,Leuprolide acetate suspnsion
J9218,Leuprolide acetate injeciton
J9219,Leuprolide acetate implant
J9220,Indigotindisulfonate sod 1mg
J9223,"Inj. lurbinectedin, 0.1 mg"
J9225,Vantas implant
J9226,Supprelin la implant
J9227,Inj. isatuximab-irfc 10 mg
J9228,Ipilimumab injection
J9229,Inj inotuzumab ozogam 0.1 mg
J9230,Mechlorethamine hcl inj
J9232,Inj docetaxel (hospira) 1 mg
J9245,"Injection, melphalan hydrochloride, not otherwise specified, 50 mg"
J9246,"Inj., evomela, 1 mg"
J9247,"Inj, melphalan flufenami 1mg"
J9248,Inj melphalan (hepzato) 1 mg
J9249,"Inj, melphalan (apotex) 1 mg"
J9250,Methotrexate sodium inj
J9255,"Inj, methotrexate (accord)"
J9256,"Inj, nipocalimab-aahu, 3 mg"
J9258,Paclitaxel (teva)
J9259,Paclitaxel (american regent)
J9260,Inj methotrexate sodium 50mg
J9261,Nelarabine injection
J9262,"Inj, omacetaxine mep, 0.01mg"
J9263,Oxaliplatin
J9264,Paclitaxel protein bound
J9265,Paclitaxel injection
J9266,Pegaspargase injection
J9267,Paclitaxel injection
J9268,Pentostatin injection
J9269,Inj. tagraxofusp-erzs 10 mcg
J9270,Plicamycin (mithramycin) inj
J9271,Inj pembrolizumab
J9272,"Inj, dostarlimab-gxly, 10 mg"
J9273,"Inj tisotu vedotin-tftv, 1mg"
J9274,"Inj, tebentafusp-tebn, 1 mcg"
J9275,"Inj cosibelimab-ipdl, 2 mg"
J9276,"Inj zanidatamab-hrii, 2 mg"
J9277,Pembrolizumab 1mg berahyalur
J9278,"Inj, carboplatin (avyxa)"
J9280,Mitomycin injection
J9281,Mitomycin instillation
J9282,Mitomycin intravesical inst
J9285,"Inj, olaratumab, 10 mg"
J9286,"Inj glofitamab gxbm, 2.5 mg"
J9289,Inj nivolumab 2 mg hyaluron
J9292,"Inj, pemetrexed dipotassium"
J9293,Mitoxantrone hydrochl / 5 mg
J9294,"Inj pemetrexed, hospira 10mg"
J9295,"Injection, necitumumab, 1 mg"
J9296,Inj pemetrexed (accord) 10mg
J9297,Inj pemetrexed (sandoz) 10mg
J9298,Inj nivol relatlimab 3mg/1mg
J9299,"Injection, nivolumab"
J9300,Gemtuzumab ozogamicin inj
J9301,Obinutuzumab inj
J9302,Ofatumumab injection
J9303,Panitumumab injection
J9304,"Inj. pemetrexed, 10 mg"
J9305,"Injection, pemetrexed, not otherwise specified, 10 mg"
J9306,"Injection, pertuzumab, 1 mg"
J9307,Pralatrexate injection
J9308,"Injection, ramucirumab"
J9309,"Inj, polatuzumab vedotin 1mg"
J9310,Rituximab injection
J9311,"Inj rituximab, hyaluronidase"
J9312,"Inj., rituximab, 10 mg"
J9313,"Inj., lumoxiti, 0.01 mg"
J9314,Inj pemetrexed (teva) 10mg
J9315,Romidepsin injection
J9316,"Pertuzu, trastuzu, 10 mg"
J9317,Sacituzumab govitecan-hziy
J9318,Inj romidepsin non-lyo 0.1mg
J9319,Inj romidepsin lyophil 0.1mg
J9320,Streptozocin injection
J9321,Inj epcoritamab-bysp 0.16 mg
J9322,Inj pemetrexed (bluepoint)
J9323,Inj pemetrexed ditromethamin
J9324,"Inj, pemrydi rtu, 10 mg"
J9325,Inj talimogene laherparepvec
J9326,Telisotuzumab vedotin-tllv
J9328,Temozolomide injection
J9329,"Inj, tislelizumab-jsgr"
J9330,Temsirolimus injection
J9331,Inj sirolimus prot part 1 mg
J9332,Inj efgartigimod 2mg
J9333,Inj rozanolixizum-noli 1 mg
J9334,Inj efgart-alfa 2mg hya-qvfc
J9340,Thiotepa injection
J9341,Inj thiotepa (tepylute) 1 mg
J9342,"Injection, thiotepa, not otherwise specified, 1 mg"
J9345,"Inj, retifanlimab-dlwr, 1 mg"
J9347,"Inj, tremelimumab-actl, 1 mg"
J9348,"Inj. naxitamab-gqgk, 1 mg"
J9349,"Inj., tafasitamab-cxix"
J9350,"Inj mosunetuzumab-axgb, 1 mg"
J9351,Topotecan injection
J9352,Injection trabectedin 0.1mg
J9353,"Inj. margetuximab-cmkb, 5 mg"
J9354,"Inj, ado-trastuzumab emt 1mg"
J9355,Inj trastuzumab excl biosimi
J9356,"Inj. herceptin hylecta, 10mg"
J9357,Valrubicin injection
J9358,Inj fam-trastu deru-nxki 1mg
J9359,Inj lon tesirin-lpyl 0.075mg
J9360,Vinblastine sulfate inj
J9361,"Inj, efbemalenograstim alfa-"
J9370,Vincristine sulfate 1 mg inj
J9371,"Inj, vincristine sul lip 1mg"
J9376,"Inj pozelimab-bbfg, 1 mg"
J9380,Inj teclistamab cqyv 0.5 mg
J9381,Inj teplizumab mzwv 5 mcg
J9382,Inj zenocutuzumab-zbco 1 mg
J9390,Vinorelbine tartrate inj
J9393,"Inj, fulvestrant (teva)"
J9394,"Inj, fulvestrant (fresenius)"
J9395,"Injection, fulvestrant"
J9400,"Inj, ziv-aflibercept, 1mg"
J9600,Porfimer sodium injection
J9601,Inj linvoseltamab-gcpt 1 mg
J9999,"Not otherwise classified, antineoplastic drugs"
K0001,Standard wheelchair
K0002,Stnd hemi (low seat) whlchr
K0003,Lightweight wheelchair
K0004,High strength ltwt whlchr
K0005,Ultralightweight wheelchair
K0006,Heavy duty wheelchair
K0007,Extra heavy duty wheelchair
K0008,Cstm manual wheelchair/base
K0009,Other manual wheelchair/base
K0010,Stnd wt frame power whlchr
K0011,Stnd wt pwr whlchr w control
K0012,Ltwt portbl power whlchr
K0013,Custom power whlchr base
K0014,Other power whlchr base
K0015,Detach non-adj ht armrst rep
K0017,Detach adjust armrest base
K0018,Detach adjust armrst upper
K0019,"Arm pad repl, each"
K0020,Fixed adjust armrest pair
K0037,Hi mount flip-up footrest ea
K0038,Leg strap each
K0039,Leg strap h style each
K0040,Adjustable angle footplate
K0041,Large size footplate each
K0042,Standard size ftplate rep ea
K0043,Ftrst lowr exten tube rep ea
K0044,Ftrst upr hanger brac rep ea
K0045,Ftrst compl assembly repl ea
K0046,Elev lgrst lwr exten repl ea
K0047,Elev legrst upr hangr rep ea
K0050,Ratchet assembly replacement
K0051,Cam rel asm ft/legrst rep ea
K0052,Swingaway detach ftrest repl
K0053,Elevate footrest articulate
K0056,Seat ht <17 or >=21 ltwt wc
K0065,Spoke protectors
K0069,Rr whl compl sol tire rep ea
K0070,Rr whl compl pne tire rep ea
K0071,Fr cstr comp pne tire rep ea
K0072,Fr cstr semi-pne tire rep ea
K0073,Caster pin lock each
K0077,Fr cstr asmb sol tire rep ea
K0098,"Drive belt for pwc, repl"
K0105,Iv hanger
K0108,"Wheelchair component or accessory, not otherwise specified"
K0195,Elevating whlchair leg rests
K0455,Pump uninterrupted infusion
K0462,Temporary replacement eqpmnt
K0552,Sup/ext non-ins inf pump syr
K0553,Ther cgm supply allowance
K0554,Ther cgm receiver/monitor
K0601,Repl batt silver oxide 1.5 v
K0602,Repl batt silver oxide 3 v
K0603,Repl batt alkaline 1.5 v
K0604,Repl batt lithium 3.6 v
K0605,Repl batt lithium 4.5 v
K0606,Aed garment w elec analysis
K0607,Repl batt for aed
K0608,Repl garment for aed
K0609,Repl electrode for aed
K0669,Seat/back cus no dmepdac ver
K0672,Removable soft interface le
K0730,Ctrl dose inh drug deliv sys
K0733,12-24hr sealed lead acid
K0738,Portable gas oxygen system
K0739,Repair/svc dme non-oxygen eq
K0740,Repair/svc oxygen equipment
K0743,Portable home suction pump
K0744,Absorp drg <= 16 suc pump
K0745,Absorp drg >16<=48 suc pump
K0746,Absorp drg >48 suc pump
K0800,Pov group 1 std up to 300lbs
K0801,Pov group 1 hd 301-450 lbs
K0802,Pov group 1 vhd 451-600 lbs
K0806,Pov group 2 std up to 300lbs
K0807,Pov group 2 hd 301-450 lbs
K0808,Pov group 2 vhd 451-600 lbs
K0812,"Power operated vehicle, not otherwise classified"
K0813,Pwc gp 1 std port seat/back
K0814,Pwc gp 1 std port cap chair
K0815,Pwc gp 1 std seat/back
K0816,Pwc gp 1 std cap chair
K0820,Pwc gp 2 std port seat/back
K0821,Pwc gp 2 std port cap chair
K0822,Pwc gp 2 std seat/back
K0823,Pwc gp 2 std cap chair
K0824,Pwc gp 2 hd seat/back
K0825,Pwc gp 2 hd cap chair
K0826,Pwc gp 2 vhd seat/back
K0827,Pwc gp vhd cap chair
K0828,Pwc gp 2 xtra hd seat/back
K0829,Pwc gp 2 xtra hd cap chair
K0830,Pwc gp2 std seat elevate s/b
K0831,Pwc gp2 std seat elevate cap
K0835,Pwc gp2 std sing pow opt s/b
K0836,Pwc gp2 std sing pow opt cap
K0837,Pwc gp 2 hd sing pow opt s/b
K0838,Pwc gp 2 hd sing pow opt cap
K0839,Pwc gp2 vhd sing pow opt s/b
K0840,Pwc gp2 xhd sing pow opt s/b
K0841,Pwc gp2 std mult pow opt s/b
K0842,Pwc gp2 std mult pow opt cap
K0843,Pwc gp2 hd mult pow opt s/b
K0848,Pwc gp 3 std seat/back
K0849,Pwc gp 3 std cap chair
K0850,Pwc gp 3 hd seat/back
K0851,Pwc gp 3 hd cap chair
K0852,Pwc gp 3 vhd seat/back
K0853,Pwc gp 3 vhd cap chair
K0854,Pwc gp 3 xhd seat/back
K0855,Pwc gp 3 xhd cap chair
K0856,Pwc gp3 std sing pow opt s/b
K0857,Pwc gp3 std sing pow opt cap
K0858,Pwc gp3 hd sing pow opt s/b
K0859,Pwc gp3 hd sing pow opt cap
K0860,Pwc gp3 vhd sing pow opt s/b
K0861,Pwc gp3 std mult pow opt s/b
K0862,Pwc gp3 hd mult pow opt s/b
K0863,Pwc gp3 vhd mult pow opt s/b
K0864,Pwc gp3 xhd mult pow opt s/b
K0868,Pwc gp 4 std seat/back
K0869,Pwc gp 4 std cap chair
K0870,Pwc gp 4 hd seat/back
K0871,Pwc gp 4 vhd seat/back
K0877,Pwc gp4 std sing pow opt s/b
K0878,Pwc gp4 std sing pow opt cap
K0879,Pwc gp4 hd sing pow opt s/b
K0880,Pwc gp4 vhd sing pow opt s/b
K0884,Pwc gp4 std mult pow opt s/b
K0885,Pwc gp4 std mult pow opt cap
K0886,Pwc gp4 hd mult pow s/b
K0890,Pwc gp5 ped sing pow opt s/b
K0891,Pwc gp5 ped mult pow opt s/b
K0898,"Power wheelchair, not otherwise classified"
K0899,Pow mobil dev no dmepdac
K0900,Cstm dme other than wheelchr
K0901,Ko single upright pre ots
K0902,Ko double upright pre ots
K0903,Mult den insert dir carv/cam
K1001,Electronic posa treatment
K1002,Ces system
K1003,Whirlpool tub walkin portabl
K1004,Lo freq us diathermy device
K1005,Disp col sto bag breast milk
K1006,Suct pum ext urine mgmt sys
K1007,Bil hkaf pc s/d micro sensor
K1009,Speech volume modulation sys
K1010,Intraurethral drainag device
K1011,Acti intraurethral drainage
K1012,Charger base station intraur
K1013,Enema tube any type repl
K1014,Ak 4 bar link hydl swg/stanc
K1015,"Foot, adductus position, adj"
K1016,Trans elec nerv for trigemin
K1017,Monthly supp use with k1016
K1018,Ext up limb tremor stim wris
K1019,Supp ext up limb tremor stim
K1020,Non-invasive vagus nerv stim
K1021,Exsuff belt incl all sup acc
K1022,Endoskel posit rotat unit
K1023,Trans elec nerv periph nerv
K1024,Non pneum comp control cal
K1025,Non pneum compress full arm
K1026,Mech allergen parti barrier
K1027,Oral dev without fix mech
K1028,Control unit nm stim w phone
K1029,Oral dv/app neuromus mouthpi
K1030,Ext recharge bat replacement
K1031,Non pneu comp control w/o ca
K1032,Non pneum seq comp full leg
K1033,Non pneum seq comp half leg
K1034,Covid test self-admn/collect
K1035,Mol diag reader self-admn
K1036,Supplies for ultra diatherm
K1037,Docking station for oral dev
L0112,Cranial cervical orthosis
L0113,Cranial cervical torticollis
L0120,Cerv flex n/adj foam pre ots
L0130,Flex thermoplastic collar mo
L0140,Cervical semi-rigid adjustab
L0150,Cerv semi-rig adj molded chn
L0160,Cerv sr wire occ/man pre ots
L0170,Cervical collar molded to pt
L0172,Cerv col sr foam 2pc pre ots
L0174,Cerv sr 2pc thor ext pre ots
L0180,Cer post col occ/man sup adj
L0190,Cerv collar supp adj cerv ba
L0200,Cerv col supp adj bar & thor
L0220,Thor rib belt custom fabrica
L0450,Tlso flex trunk/thor pre ots
L0452,Tlso flex custom fab thoraci
L0454,Tlso trnk sj-t9 pre cst
L0455,Tlso flex trnk sj-t9 pre ots
L0456,Tlso flex trnk sj-ss pre cst
L0457,Tlso flex trnk sj-ss pre ots
L0458,Tlso 2mod symphis-xipho pre
L0460,Tlso 2 shl symphys-stern cst
L0462,Tlso 3mod sacro-scap pre
L0464,Tlso 4mod sacro-scap pre
L0466,Tlso r fram soft ant pre cst
L0467,Tlso r fram soft pre ots
L0468,Tlso rig fram pelvic pre cst
L0469,Tlso rig fram pelvic pre ots
L0470,Tlso rigid frame pre subclav
L0472,Tlso rigid frame hyperex pre
L0480,Tlso rigid plastic custom fa
L0482,Tlso rigid lined custom fab
L0484,Tlso rigid plastic cust fab
L0486,Tlso rigidlined cust fab two
L0488,Tlso rigid lined pre one pie
L0490,Tlso rigid plastic pre one
L0491,Tlso 2 piece rigid shell
L0492,Tlso 3 piece rigid shell
L0621,Sio flex pelvic/sacr pre ots
L0622,Sio flex pelvisacral custom
L0623,Sio rig pnl pelv/sac pre ots
L0624,Sio panel custom
L0625,Lo flex l1-below l5 pre ots
L0626,Lo sag rig pnl stays pre cst
L0627,Lo sag ri an/pos pnl pre cst
L0628,Lso flex no ri stays pre ots
L0629,Lso flex w/rigid stays cust
L0630,Lso r post pnl sj-t9 pre cst
L0631,Lso sag r an/pos pnl pre cst
L0632,Lso sag rigid frame cust
L0633,Lso sc r pos/lat pnl pre cst
L0634,Lso flexion control custom
L0635,Lso sagit rigid panel prefab
L0636,Lso sagittal rigid panel cus
L0637,Lso sc r ant/pos pnl pre cst
L0638,Lso sag-coronal panel custom
L0639,Lso s/c shell/panel prefab
L0640,Lso s/c shell/panel custom
L0641,Lo rig pos pnl l1-l5 pre ots
L0642,Lo sag ri an/pos pnl pre ots
L0643,Lso sag ctr rigi pos pre ots
L0648,Lso sag r an/pos pnl pre ots
L0649,Lso sc r pos/lat pnl pre ots
L0650,Lso sc r ant/pos pnl pre ots
L0651,Lso sag-co shell pnl pre ots
L0700,Ctlso a-p-l control molded
L0710,Ctlso a-p-l control w/ inter
L0720,Ctlso a-p-l control custom
L0810,Halo cervical into jckt vest
L0820,Halo cervical into body jack
L0830,Halo cerv into milwaukee typ
L0859,Mri compatible system
L0861,Halo repl liner/interface
L0970,Tlso corset front
L0972,Lso corset front
L0974,Tlso full corset
L0976,Lso full corset
L0978,Axillary crutch extension
L0980,Peroneal straps pair pre ots
L0982,Stocking sup grips 4 pre ots
L0984,Protect body sock ea pre ots
L0999,"Addition to spinal orthosis, not otherwise specified"
L1000,Ctlso milwauke initial model
L1001,Ctlso infant immobilizer
L1005,Tension based scoliosis orth
L1006,Scoliosis orth sag/ cor
L1007,Scoliosis orth s-c custom
L1010,Ctlso axilla sling
L1020,Kyphosis pad
L1025,Kyphosis pad floating
L1030,Lumbar bolster pad
L1040,Lumbar or lumbar rib pad
L1050,Sternal pad
L1060,Thoracic pad
L1070,Trapezius sling
L1080,Outrigger
L1085,Outrigger bil w/ vert extens
L1090,Lumbar sling
L1100,Ring flange plastic/leather
L1110,Ring flange plas/leather mol
L1120,Covers for upright each
L1200,Furnsh initial orthosis only
L1210,Lateral thoracic extension
L1220,Anterior thoracic extension
L1230,Milwaukee type superstructur
L1240,Lumbar derotation pad
L1250,Anterior asis pad
L1260,Anterior thoracic derotation
L1270,Abdominal pad
L1280,Rib gusset (elastic) each
L1290,Lateral trochanteric pad
L1300,Body jacket mold to patient
L1310,Post-operative body jacket
L1320,Pectus carinatum ortho cust
L1499,"Spinal orthosis, not otherwise specified"
L1600,Ho flex frejka w/cov pre cst
L1610,Ho frejka cov only pre cst
L1620,Ho flex pavlik harns pre cst
L1630,Abduct control hip semi-flex
L1640,Pelv band/spread bar thigh c
L1650,Ho abduction hip adjustable
L1652,Ho bi thighcuffs w sprdr bar
L1653,Ho abduction static ots
L1660,Ho abduction static plastic
L1680,Pelvic & hip control thigh c
L1681,Ho bilateral hip abduction
L1685,Post-op hip abduct custom fa
L1686,Ho post-op hip abduction
L1690,Combination bilateral ho
L1700,Leg perthes orth toronto typ
L1710,Legg perthes orth newington
L1720,Legg perthes orthosis trilat
L1730,Legg perthes orth scottish r
L1755,Legg perthes patten bottom t
L1810,Ko elastic with joints
L1812,Ko elastic w/joints pre ots
L1820,Ko elas w/ condyle pads & jo
L1821,Ko elas w/ condyle pads otf
L1830,Ko immob canvas long pre ots
L1831,Knee orth pos locking joint
L1832,Ko adj jnt pos r sup pre cst
L1833,Ko adj jnt pos r sup pre ots
L1834,Ko w/0 joint rigid molded to
L1836,Ko rigid w/o joints pre ots
L1840,Ko derot ant cruciate custom
L1843,Ko single upright pre cst
L1844,Ko w/adj jt rot cntrl molded
L1845,Ko double upright pre cst
L1846,Ko w adj flex/ext rotat mold
L1847,Ko dbl upright w/air pre cst
L1848,Ko dbl upright w/air pre ots
L1850,Ko swedish type pre ots
L1851,Ko single upright prefab ots
L1852,Ko double upright prefab ots
L1860,Ko supracondylar socket mold
L1900,Afo sprng wir drsflx calf bd
L1902,Afo ankle gauntlet pre ots
L1904,Afo molded ankle gauntlet
L1906,Afo multilig ank sup pre ots
L1907,Afo supramalleolar custom
L1910,Afo sing bar clasp attach sh
L1920,Afo sing upright w/ adjust s
L1930,Afo plastic
L1932,Afo rig ant tib tcf/= custom
L1933,Afo rig ant tib tcf/= ots
L1940,Afo molded to patient plasti
L1945,Afo molded plas rig ant tib
L1950,Afo spiral molded to pt plas
L1951,Afo spiral prefab custom
L1952,Afo spiral prefab ots
L1960,Afo pos solid ank plastic mo
L1970,Afo plastic molded w/ankle j
L1971,"Afo w/ankle joint, prefab"
L1980,Afo sing solid stirrup calf
L1990,Afo doub solid stirrup calf
L2000,Kafo sing fre stirr thi/calf
L2005,Kafo sng/dbl mechanical act
L2006,Kaf sng/dbl swg/stn mcpr cus
L2010,Kafo sng solid stirrup w/o j
L2020,Kafo dbl solid stirrup band/
L2030,Kafo dbl solid stirrup w/o j
L2034,Kafo pla sin up w/wo k/a cus
L2035,Kafo plastic pediatric size
L2036,Kafo plas doub free knee mol
L2037,Kafo plas sing free knee mol
L2038,Kafo w/o joint multi-axis an
L2040,Hkafo torsion bil rot straps
L2050,Hkafo torsion cable hip pelv
L2060,Hkafo torsion ball bearing j
L2070,Hkafo torsion unilat rot str
L2080,Hkafo unilat torsion cable
L2090,Hkafo unilat torsion ball br
L2106,Afo tib fx cast plaster mold
L2108,Afo tib fx cast molded to pt
L2112,Afo tibial fracture soft
L2114,Afo tib fx semi-rigid
L2116,Afo tibial fracture rigid
L2126,Kafo fem fx cast thermoplas
L2128,Kafo fem fx cast molded to p
L2132,Kafo femoral fx cast soft
L2134,Kafo fem fx cast semi-rigid
L2136,Kafo femoral fx cast rigid
L2180,Plas shoe insert w ank joint
L2182,Drop lock knee
L2184,Limited motion knee joint
L2186,Adj motion knee jnt lerman t
L2188,Quadrilateral brim
L2190,Waist belt
L2192,Pelvic band & belt thigh fla
L2200,Limited ankle motion ea jnt
L2210,Dorsiflexion assist each joi
L2220,Dorsi & plantar flex ass/res
L2221,Ank mcrop plant & dorsi flex
L2230,Split flat caliper stirr & p
L2232,"Rocker bottom, contact afo"
L2240,Round caliper and plate atta
L2250,Foot plate molded stirrup at
L2260,Reinforced solid stirrup
L2265,Long tongue stirrup
L2270,Varus/valgus strap padded/li
L2275,Plastic mod low ext pad/line
L2280,Molded inner boot
L2300,Abduction bar jointed adjust
L2310,Abduction bar-straight
L2320,Non-molded lacer
L2330,Lacer molded to patient mode
L2335,Anterior swing band
L2340,Pre-tibial shell molded to p
L2350,Prosthetic type socket molde
L2360,Extended steel shank
L2370,Patten bottom
L2375,Torsion ank & half solid sti
L2380,Torsion straight knee joint
L2385,Straight knee joint heavy du
L2387,Add le poly knee custom kafo
L2390,Offset knee joint each
L2395,Offset knee joint heavy duty
L2397,Suspension sleeve lower ext
L2405,Knee joint drop lock ea jnt
L2415,Knee joint cam lock each joi
L2425,Knee disc/dial lock/adj flex
L2430,Knee jnt ratchet lock ea jnt
L2492,Knee lift loop drop lock rin
L2500,Thi/glut/ischia wgt bearing
L2510,Th/wght bear quad-lat brim m
L2520,Th/wght bear quad-lat brim c
L2525,Th/wght bear nar m-l brim mo
L2526,Th/wght bear nar m-l brim cu
L2530,Thigh/wght bear lacer non-mo
L2540,Thigh/wght bear lacer molded
L2550,Thigh/wght bear high roll cu
L2570,Hip clevis type 2 posit jnt
L2580,Pelvic control pelvic sling
L2600,Hip clevis/thrust bearing fr
L2610,Hip clevis/thrust bearing lo
L2620,Pelvic control hip heavy dut
L2622,Hip joint adjustable flexion
L2624,Hip adj flex ext abduct cont
L2627,Plastic mold recipro hip & c
L2628,Metal frame recipro hip & ca
L2630,Pelvic control band & belt u
L2640,Pelvic control band & belt b
L2650,Pelv & thor control gluteal
L2660,Thoracic control thoracic ba
L2670,Thorac cont paraspinal uprig
L2680,Thorac cont lat support upri
L2750,Plating chrome/nickel pr bar
L2755,Carbon graphite lamination
L2760,Extension per extension per
L2768,Ortho sidebar disconnect
L2780,Non-corrosive finish
L2785,Drop lock retainer each
L2795,Knee control full kneecap
L2800,Knee cap medial or lateral p
L2810,Knee control condylar pad
L2820,Soft interface below knee se
L2830,Soft interface above knee se
L2840,Tibial length sock fx or equ
L2850,Femoral lgth sock fx or equa
L2861,Torsion mechanism knee/ankle
L2999,"Lower extremity orthoses, not otherwise specified"
L3000,Ft insert ucb berkeley shell
L3001,Foot insert remov molded spe
L3002,Foot insert plastazote or eq
L3003,Foot insert silicone gel eac
L3010,Foot longitudinal arch suppo
L3020,Foot longitud/metatarsal sup
L3030,Foot arch support remov prem
L3031,Foot lamin/prepreg composite
L3040,Ft arch suprt premold longit
L3050,Foot arch supp premold metat
L3060,Foot arch supp longitud/meta
L3070,Arch suprt att to sho longit
L3080,Arch supp att to shoe metata
L3090,Arch supp att to shoe long/m
L3100,Hallus-valgus nt dyn pre ots
L3140,Abduction rotation bar shoe
L3150,Abduct rotation bar w/o shoe
L3160,Shoe styled positioning dev
L3161,"Foot, adductus position, adj"
L3170,Foot plas heel stabi pre ots
L3201,Oxford w supinat/pronat inf
L3202,Oxford w/ supinat/pronator c
L3203,Oxford w/ supinator/pronator
L3204,Hightop w/ supp/pronator inf
L3206,Hightop w/ supp/pronator chi
L3207,Hightop w/ supp/pronator jun
L3208,Surgical boot each infant
L3209,Surgical boot each child
L3211,Surgical boot each junior
L3212,Benesch boot pair infant
L3213,Benesch boot pair child
L3214,Benesch boot pair junior
L3215,Orthopedic ftwear ladies oxf
L3216,Orthoped ladies shoes dpth i
L3217,Ladies shoes hightop depth i
L3219,Orthopedic mens shoes oxford
L3221,Orthopedic mens shoes dpth i
L3222,Mens shoes hightop depth inl
L3224,Woman's shoe oxford brace
L3225,Man's shoe oxford brace
L3230,Custom shoes depth inlay
L3250,Custom mold shoe remov prost
L3251,Shoe molded to pt silicone s
L3252,Shoe molded plastazote cust
L3253,Shoe molded plastazote cust
L3254,Orth foot non-stndard size/w
L3255,Orth foot non-standard size/
L3257,Orth foot add charge split s
L3260,Ambulatory surgical boot eac
L3265,Plastazote sandal each
L3300,Sho lift taper to metatarsal
L3310,Shoe lift elev heel/sole neo
L3320,Shoe lift elev heel/sole cor
L3330,Lifts elevation metal extens
L3332,Shoe lifts tapered to one-ha
L3334,Shoe lifts elevation heel /i
L3340,Shoe wedge sach
L3350,Shoe heel wedge
L3360,Shoe sole wedge outside sole
L3370,Shoe sole wedge between sole
L3380,Shoe clubfoot wedge
L3390,Shoe outflare wedge
L3400,Shoe metatarsal bar wedge ro
L3410,Shoe metatarsal bar between
L3420,Full sole/heel wedge btween
L3430,Sho heel count plast reinfor
L3440,Heel leather reinforced
L3450,Shoe heel sach cushion type
L3455,Shoe heel new leather standa
L3460,Shoe heel new rubber standar
L3465,Shoe heel thomas with wedge
L3470,Shoe heel thomas extend to b
L3480,Shoe heel pad & depress for
L3485,Shoe heel pad removable for
L3500,Ortho shoe add leather insol
L3510,Orthopedic shoe add rub insl
L3520,O shoe add felt w leath insl
L3530,Ortho shoe add half sole
L3540,Ortho shoe add full sole
L3550,O shoe add standard toe tap
L3560,O shoe add horseshoe toe tap
L3570,O shoe add instep extension
L3580,O shoe add instep velcro clo
L3590,O shoe convert to sof counte
L3595,Ortho shoe add march bar
L3600,Trans shoe calip plate exist
L3610,Trans shoe caliper plate new
L3620,Trans shoe solid stirrup exi
L3630,Trans shoe solid stirrup new
L3640,Shoe dennis browne splint bo
L3649,"Orthopedic shoe, modification, addition or transfer, not otherwise specified"
L3650,So 8 abd restraint pre ots
L3660,So 8 ab rstr can/web pre ots
L3670,So acro/clav can web pre ots
L3671,So cap design w/o jnts cf
L3674,So airplane w/wo joint cf
L3675,So vest canvas/web pre ots
L3677,So hard plas stabili pre cst
L3678,So hard plas stabili pre ots
L3702,Eo w/o joints cf
L3710,Eo elas w/metal jnts pre ots
L3720,Forearm/arm cuffs free motio
L3730,Forearm/arm cuffs ext/flex a
L3740,Cuffs adj lock w/ active con
L3760,Eo adj jt prefab custom fit
L3761,"Eo, adj lock joint prefab ot"
L3762,Eo rigid w/o joints pre ots
L3763,Ewho rigid w/o jnts cf
L3764,Ewho w/joint(s) cf
L3765,Ewhfo rigid w/o jnts cf
L3766,Ewhfo w/joint(s) cf
L3806,Whfo w/joint(s) custom fab
L3807,Whfo w/o joints pre cst
L3808,"Whfo, rigid w/o joints"
L3809,Whfo w/o joints pre ots
L3891,Torsion mechanism wrist/elbo
L3900,Hinge extension/flex wrist/f
L3901,Hinge ext/flex wrist finger
L3904,Whfo electric custom fitted
L3905,Who w/nontorsion jnt(s) cf
L3906,Who w/o joints cf
L3908,Who cock-up nonmolde pre ots
L3912,Hfo flexion glove pre ots
L3913,Hfo w/o joints cf
L3915,Who nontorsion jnts pre cst
L3916,Who nontorsion jnts pre ots
L3917,Metacarp fx orthosis pre cst
L3918,Metacarp fx orthosis pre ots
L3919,Ho w/o joints cf
L3921,Hfo w/joint(s) cf
L3923,Hfo without joints pre cst
L3924,Hfo without joints pre ots
L3925,Fo pip dip jnt/sprng pre ots
L3927,Fo pip dip no jt spr pre ots
L3929,Hfo nontorsion jnts pre cst
L3930,Hfo nontorsion jnts pre ots
L3931,Whfo nontorsion joint prefab
L3933,Fo w/o joints cf
L3935,Fo nontorsion joint cf
L3956,Add joint upper ext orthosis
L3960,Sewho airplan desig abdu pos
L3961,Sewho cap design w/o jnts cf
L3962,Sewho erbs palsey design abd
L3967,Sewho airplane w/o jnts cf
L3971,Sewho cap design w/jnt(s) cf
L3973,Sewho airplane w/jnt(s) cf
L3975,Sewhfo cap design w/o jnt cf
L3976,Sewhfo airplane w/o jnts cf
L3977,Sewhfo cap desgn w/jnt(s) cf
L3978,Sewhfo airplane w/jnt(s) cf
L3980,Up ext fx orthos humeral nos
L3981,Ue fx orth shoul cap forearm
L3982,Upper ext fx orthosis rad/ul
L3984,Upper ext fx orthosis wrist
L3995,Sock fracture or equal each
L3999,"Upper limb orthosis, not otherwise specified"
L4000,Repl girdle milwaukee orth
L4002,"Replace strap, any orthosis"
L4010,Replace trilateral socket br
L4020,Replace quadlat socket brim
L4030,Replace socket brim cust fit
L4040,Replace molded thigh lacer
L4045,Replace non-molded thigh lac
L4050,Replace molded calf lacer
L4055,Replace non-molded calf lace
L4060,Replace high roll cuff
L4070,Replace prox & dist upright
L4080,Repl met band kafo-afo prox
L4090,Repl met band kafo-afo calf/
L4100,Repl leath cuff kafo prox th
L4110,Repl leath cuff kafo-afo cal
L4130,Replace pretibial shell
L4205,Ortho dvc repair per 15 min
L4210,Orth dev repair/repl minor p
L4350,Ankle control ortho pre ots
L4360,Pneumat walking boot pre cst
L4361,Pneuma/vac walk boot pre ots
L4370,Pneum full leg splnt pre ots
L4386,Non-pneum walk boot pre cst
L4387,Non-pneum walk boot pre ots
L4392,Replace afo soft interface
L4394,Replace foot drop spint
L4396,Static or dynami afo pre cst
L4397,Static or dynami afo pre ots
L4398,Foot drop splint pre ots
L4631,"Afo, walk boot type, cus fab"
L5000,Sho insert w arch toe filler
L5010,Mold socket ank hgt w/ toe f
L5020,Tibial tubercle hgt w/ toe f
L5050,Ank symes mold sckt sach ft
L5060,Symes met fr leath socket ar
L5100,Molded socket shin sach foot
L5105,Plast socket jts/thgh lacer
L5150,Mold sckt ext knee shin sach
L5160,Mold socket bent knee shin s
L5200,Kne sing axis fric shin sach
L5210,No knee/ankle joints w/ ft b
L5220,No knee joint with artic ali
L5230,Fem focal defic constant fri
L5250,Hip canad sing axi cons fric
L5270,Tilt table locking hip sing
L5280,Hemipelvect canad sing axis
L5301,Bk mold socket sach ft endo
L5312,"Knee disart, sach ft, endo"
L5321,Ak open end sach
L5331,Hip disart canadian sach ft
L5341,Hemipelvectomy canadian sach
L5400,Postop dress & 1 cast chg bk
L5410,Postop dsg bk ea add cast ch
L5420,Postop dsg & 1 cast chg ak/d
L5430,Postop dsg ak ea add cast ch
L5450,Postop app non-wgt bear dsg
L5460,Postop app non-wgt bear dsg
L5500,Init bk ptb plaster direct
L5505,Init ak ischal plstr direct
L5510,Prep bk ptb plaster molded
L5520,Perp bk ptb thermopls direct
L5530,Prep bk ptb thermopls molded
L5535,Prep bk ptb open end socket
L5540,Prep bk ptb laminated socket
L5560,Prep ak ischial plast molded
L5570,Prep ak ischial direct form
L5580,Prep ak ischial thermo mold
L5585,Prep ak ischial open end
L5590,Prep ak ischial laminated
L5595,Hip disartic sach thermopls
L5600,Hip disart sach laminat mold
L5610,Above knee hydracadence
L5611,Ak 4 bar link w/fric swing
L5613,Ak 4 bar ling w/hydraul swig
L5614,4-bar link above knee w/swng
L5615,Ak 4 bar link hydl swg/stanc
L5616,Ak univ multiplex sys frict
L5617,Ak/bk self-aligning unit ea
L5618,Test socket symes
L5620,Test socket below knee
L5622,Test socket knee disarticula
L5624,Test socket above knee
L5626,Test socket hip disarticulat
L5628,Test socket hemipelvectomy
L5629,Below knee acrylic socket
L5630,Syme typ expandabl wall sckt
L5631,Ak/knee disartic acrylic soc
L5632,Symes type ptb brim design s
L5634,Symes type poster opening so
L5636,Symes type medial opening so
L5637,Below knee total contact
L5638,Below knee leather socket
L5639,Below knee wood socket
L5640,Knee disarticulat leather so
L5642,Above knee leather socket
L5643,Hip flex inner socket ext fr
L5644,Above knee wood socket
L5645,Bk flex inner socket ext fra
L5646,Below knee cushion socket
L5647,Below knee suction socket
L5648,Above knee cushion socket
L5649,Isch containmt/narrow m-l so
L5650,Tot contact ak/knee disart s
L5651,Ak flex inner socket ext fra
L5652,Suction susp ak/knee disart
L5653,Knee disart expand wall sock
L5654,Socket insert symes
L5655,Socket insert below knee
L5656,Socket insert knee articulat
L5657,Add low ext man aut vol any
L5658,Socket insert above knee
L5661,Multi-durometer symes
L5665,Multi-durometer below knee
L5666,Below knee cuff suspension
L5668,Bk molded distal cushion
L5670,Bk molded supracondylar susp
L5671,Bk/ak locking mechanism
L5672,Bk removable medial brim sus
L5673,Socket insert w lock mech
L5676,Bk knee joints single axis p
L5677,Bk knee joints polycentric p
L5678,Bk joint covers pair
L5679,Socket insert w/o lock mech
L5680,Bk thigh lacer non-molded
L5681,Intl custm cong/latyp insert
L5682,Bk thigh lacer glut/ischia m
L5683,Initial custom socket insert
L5684,Bk fork strap
L5685,Below knee sus/seal sleeve
L5686,Bk back check
L5688,Bk waist belt webbing
L5690,Bk waist belt padded and lin
L5692,Ak pelvic control belt light
L5694,Ak pelvic control belt pad/l
L5695,Ak sleeve susp neoprene/equa
L5696,Ak/knee disartic pelvic join
L5697,Ak/knee disartic pelvic band
L5698,Ak/knee disartic silesian ba
L5699,Shoulder harness
L5700,Replace socket below knee
L5701,Replace socket above knee
L5702,Replace socket hip
L5703,Symes ankle w/o (sach) foot
L5704,Custom shape cover bk
L5705,Custom shape cover ak
L5706,Custom shape cvr knee disart
L5707,Custom shape cvr hip disart
L5710,Kne-shin exo sng axi mnl loc
L5711,Knee-shin exo mnl lock ultra
L5712,Knee-shin exo frict swg & st
L5714,Knee-shin exo variable frict
L5716,Knee-shin exo mech stance ph
L5718,Knee-shin exo frct swg & sta
L5722,Knee-shin pneum swg frct exo
L5724,Knee-shin exo fluid swing ph
L5726,Knee-shin ext jnts fld swg e
L5728,Knee-shin fluid swg & stance
L5780,Knee-shin pneum/hydra pneum
L5781,Lower limb pros vacuum pump
L5782,Hd low limb pros vacuum pump
L5783,Add low ext mec limb vol lam
L5785,Exoskeletal bk ultralt mater
L5790,Exoskeletal ak ultra-light m
L5795,Exoskel hip ultra-light mate
L5810,Endoskel knee-shin mnl lock
L5811,Endo knee-shin mnl lck ultra
L5812,Endo knee-shin frct swg & st
L5814,Endo knee-shin hydral swg ph
L5816,Endo knee-shin polyc mch sta
L5818,Endo knee-shin frct swg & st
L5822,Endo knee-shin pneum swg frc
L5824,Endo knee-shin fluid swing p
L5826,Miniature knee joint
L5827,Endo knee shin single axis
L5828,Endo knee-shin fluid swg/sta
L5830,Endo knee-shin pneum/swg pha
L5840,Multi-axial knee/shin system
L5841,Addition endoskletl knee-shi
L5845,Knee-shin sys stance flexion
L5848,Knee-shin sys hydraul stance
L5850,Endo ak/hip knee extens assi
L5855,Mech hip extension assist
L5856,Elec knee-shin swing/stance
L5857,Elec knee-shin swing only
L5858,Stance phase only
L5859,Knee-shin pro flex/ext cont
L5910,Endo below knee alignable sy
L5920,Endo ak/hip alignable system
L5925,Above knee manual lock
L5926,Endoskel posit rotat unit
L5930,High activity knee frame
L5940,Endo bk ultra-light material
L5950,Endo ak ultra-light material
L5960,Endo hip ultra-light materia
L5961,"Endo poly hip, pneu/hyd/rot"
L5962,Below knee flex cover system
L5964,Above knee flex cover system
L5966,Hip flexible cover system
L5968,Multiaxial ankle w dorsiflex
L5969,Ak/ft power asst incl motors
L5970,Foot external keel sach foot
L5971,"Sach foot, replacement"
L5972,Flexible keel foot
L5973,Ank-foot sys dors-plant flex
L5974,Foot single axis ankle/foot
L5975,Combo ankle/foot prosthesis
L5976,Energy storing foot
L5978,Ft prosth multiaxial ankl/ft
L5979,Multi-axial ankle/ft prosth
L5980,Flex foot system
L5981,Flex-walk sys low ext prosth
L5982,Exoskeletal axial rotation u
L5984,Endoskeletal axial rotation
L5985,Lwr ext dynamic prosth pylon
L5986,Multi-axial rotation unit
L5987,Shank ft w vert load pylon
L5988,Vertical shock reducing pylo
L5990,User adjustable heel height
L5991,Low pros ext osseo connector
L5992,Low prosth foot shell repl
L5999,"Lower extremity prosthesis, not otherwise specified"
L6000,Part hand thumb rem
L6010,Part hand little/ring
L6020,Part hand no fingers
L6025,Part hand disart myoelectric
L6026,Part hand myo exclu term dev
L6028,Part hand finger metacar amp
L6029,Test interface part handfing
L6030,External frame part handfing
L6031,Rep interface handfng molded
L6032,Part handfng ultralite tcf/=
L6033,Part handfing acrylic
L6034,Part hand finger distal amp
L6035,Prosthetic digit mechanical
L6036,Prosthetic thumb mechanical
L6037,Postop dsg cast chg handfing
L6038,Multiax rotation attachment
L6039,Passive custom digit/thumb
L6050,Wrst mld sck flx hng tri pad
L6055,Wrst mold sock w/exp interfa
L6100,Elb mold sock flex hinge pad
L6110,Elbow mold sock suspension t
L6120,Elbow mold doub splt soc ste
L6130,Elbow stump activated lock h
L6200,Elbow mold outsid lock hinge
L6205,Elbow molded w/ expand inter
L6250,Elbow inter loc elbow forarm
L6300,Shlder disart int lock elbow
L6310,Shoulder passive restor comp
L6320,Shoulder passive restor cap
L6350,Thoracic intern lock elbow
L6360,Thoracic passive restor comp
L6370,Thoracic passive restor cap
L6380,Postop dsg cast chg wrst/elb
L6382,Postop dsg cast chg elb dis/
L6384,Postop dsg cast chg shlder/t
L6386,Postop ea cast chg & realign
L6388,Postop applicat rigid dsg on
L6400,Below elbow prosth tiss shap
L6450,Elb disart prosth tiss shap
L6500,Above elbow prosth tiss shap
L6550,Shldr disar prosth tiss shap
L6570,Scap thorac prosth tiss shap
L6580,Wrist/elbow bowden cable mol
L6582,Wrist/elbow bowden cbl dir f
L6584,Elbow fair lead cable molded
L6586,Elbow fair lead cable dir fo
L6588,Shdr fair lead cable molded
L6590,Shdr fair lead cable direct
L6600,Polycentric hinge pair
L6605,Single pivot hinge pair
L6610,Flexible metal hinge pair
L6611,"Additional switch, ext power"
L6615,Disconnect locking wrist uni
L6616,Disconnect insert locking wr
L6620,Flexion/extension wrist unit
L6621,Flex/ext wrist w/wo friction
L6623,Spring-ass rot wrst w/ latch
L6624,Flex/ext/rotation wrist unit
L6625,Rotation wrst w/ cable lock
L6628,Quick disconn hook adapter o
L6629,Lamination collar w/ couplin
L6630,Stainless steel any wrist
L6632,Latex suspension sleeve each
L6635,Lift assist for elbow
L6637,Nudge control elbow lock
L6638,Elec lock on manual pw elbow
L6640,Shoulder abduction joint pai
L6641,Excursion amplifier pulley t
L6642,Excursion amplifier lever ty
L6645,Shoulder flexion-abduction j
L6646,Multipo locking shoulder jnt
L6647,Shoulder lock actuator
L6648,Ext pwrd shlder lock/unlock
L6650,Shoulder universal joint
L6655,Standard control cable extra
L6660,Heavy duty control cable
L6665,Teflon or equal cable lining
L6670,Hook to hand cable adapter
L6672,Harness chest/shlder saddle
L6675,Harness figure of 8 sing con
L6676,Harness figure of 8 dual con
L6677,Ue triple control harness
L6680,Test sock wrist disart/bel e
L6682,Test sock elbw disart/above
L6684,Test socket shldr disart/tho
L6686,Suction socket
L6687,Frame typ socket bel elbow/w
L6688,Frame typ sock above elb/dis
L6689,Frame typ socket shoulder di
L6690,Frame typ sock interscap-tho
L6691,Removable insert each
L6692,Silicon gel insert w/wo lock
L6693,Lockingelbow forearm cntrbal
L6694,Elbow socket ins use w/lock
L6695,Elbow socket ins use w/o lck
L6696,Cus elbo skt in for con/atyp
L6697,Cus elbo skt in not con/atyp
L6698,Add up-ex prosthes lock mech
L6700,Ue add ext power myoel
L6703,"Term dev, passive hand mitt"
L6704,"Term dev, sport/rec/work att"
L6706,Term dev mech hook vol open
L6707,Term dev mech hook vol close
L6708,Term dev mech hand vol open
L6709,Term dev mech hand vol close
L6711,"Ped term dev, hook, vol open"
L6712,"Ped term dev, hook, vol clos"
L6713,"Ped term dev, hand, vol open"
L6714,"Ped term dev, hand, vol clos"
L6715,"Term device, multi art digit"
L6721,"Hook/hand, hvy dty, vol open"
L6722,"Hook/hand, hvy dty, vol clos"
L6805,Term dev modifier wrist unit
L6810,Term dev precision pinch dev
L6880,Elec hand ind art digits
L6881,Term dev auto grasp feature
L6882,Microprocessor control uplmb
L6883,Replc sockt below e/w disa
L6884,Replc sockt above elbow disa
L6885,Replc sockt shldr dis/interc
L6890,Prefab glove for term device
L6895,Custom glove for term device
L6900,Hand restorat thumb/1 finger
L6905,Hand restoration multiple fi
L6910,Hand restoration no fingers
L6915,Hand restoration replacmnt g
L6920,Wrist disarticul switch ctrl
L6925,Wrist disart myoelectronic c
L6930,Below elbow switch control
L6935,Below elbow myoelectronic ct
L6940,Elbow disarticulation switch
L6945,Elbow disart myoelectronic c
L6950,Above elbow switch control
L6955,Above elbow myoelectronic ct
L6960,Shldr disartic switch contro
L6965,Shldr disartic myoelectronic
L6970,Interscapular-thor switch ct
L6975,Interscap-thor myoelectronic
L7007,Adult electric hand
L7008,Pediatric electric hand
L7009,Adult electric hook
L7040,Prehensile actuator
L7045,Pediatric electric hook
L7170,Electronic elbow hosmer swit
L7180,Electronic elbow sequential
L7181,Electronic elbo simultaneous
L7185,Electron elbow adolescent sw
L7186,Electron elbow child switch
L7190,Elbow adolescent myoelectron
L7191,Elbow child myoelectronic ct
L7259,Electronic wrist rotator any
L7260,Electron wrist rotator otto
L7261,Electron wrist rotator utah
L7360,Six volt bat otto bock/eq ea
L7362,Battery chrgr six volt otto
L7364,Twelve volt battery utah/equ
L7366,Battery chrgr 12 volt utah/e
L7367,Replacemnt lithium ionbatter
L7368,Lithium ion battery charger
L7400,"Add ue prost be/wd, ultlite"
L7401,Add ue prost a/e ultlite mat
L7402,Add ue prost s/d ultlite mat
L7403,Add ue prost b/e acrylic
L7404,Add ue prost a/e acrylic
L7405,Add ue prost s/d acrylic
L7406,Add upp ext mec limb vol lam
L7499,"Upper extremity prosthesis, not otherwise specified"
L7510,Prosthetic device repair rep
L7520,Repair prosthesis per 15 min
L7600,Prosthetic donning sleeve
L7700,Pros soc insert gasket/seal
L7900,Male vacuum erection system
L7902,"Tension ring, vac erect dev"
L8000,Mastectomy bra
L8001,Breast prosthesis bra & form
L8002,Brst prsth bra & bilat form
L8010,Mastectomy sleeve
L8015,Ext breastprosthesis garment
L8020,Mastectomy form
L8030,Breast prosthes w/o adhesive
L8031,Breast prosthesis w adhesive
L8032,Reusable nipple prosthesis
L8033,"Nipple prosthesis custom, ea"
L8035,Custom breast prosthesis
L8039,"Breast prosthesis, not otherwise specified"
L8040,Nasal prosthesis
L8041,Midfacial prosthesis
L8042,Orbital prosthesis
L8043,Upper facial prosthesis
L8044,Hemi-facial prosthesis
L8045,Auricular prosthesis
L8046,Partial facial prosthesis
L8047,Nasal septal prosthesis
L8048,"Unspecified maxillofacial prosthesis, by report, provided by a non-physician"
L8049,Repair maxillofacial prosth
L8300,Truss single w/ standard pad
L8310,Truss double w/ standard pad
L8320,Truss addition to std pad wa
L8330,Truss add to std pad scrotal
L8400,Sheath below knee
L8410,Sheath above knee
L8415,Sheath upper limb
L8417,Pros sheath/sock w gel cushn
L8420,Prosthetic sock multi ply bk
L8430,Prosthetic sock multi ply ak
L8435,Pros sock multi ply upper lm
L8440,Shrinker below knee
L8460,Shrinker above knee
L8465,Shrinker upper limb
L8470,Pros sock single ply bk
L8480,Pros sock single ply ak
L8485,Pros sock single ply upper l
L8499,Unlisted procedure for miscellaneous prosthetic services
L8500,Artificial larynx
L8501,Tracheostomy speaking valve
L8505,"Artificial larynx, accessory"
L8507,Trach-esoph voice pros pt in
L8509,Trach-esoph voice pros md in
L8510,Voice amplifier
L8511,Indwelling trach insert
L8512,Gel cap for trach voice pros
L8513,Trach pros cleaning device
L8514,Repl trach puncture dilator
L8515,Gel cap app device for trach
L8600,Implant breast silicone/eq
L8603,Collagen imp urinary 2.5 ml
L8604,Dextranomer/hyaluronic acid
L8605,Inj bulking agent anal canal
L8606,Synthetic implnt urinary 1ml
L8607,Inj vocal cord bulking agent
L8608,"Miscellaneous external component, supply or accessory for use with the argus ii retinal prosthesis system"
L8609,Artificial cornea
L8610,Ocular implant
L8612,Aqueous shunt prosthesis
L8613,Ossicular implant
L8614,Cochlear device
L8615,Coch implant headset replace
L8616,Coch implant microphone repl
L8617,Coch implant trans coil repl
L8618,Coch implant tran cable repl
L8619,Coch imp ext proc/contr rplc
L8621,Repl zinc air battery
L8622,Repl alkaline battery
L8623,"Lith ion batt cid,non-earlvl"
L8624,"Lith ion batt cid, ear level"
L8625,Charger coch impl/aoi battry
L8627,Cid ext speech process repl
L8628,Cid ext controller repl
L8629,Cid transmit coil and cable
L8630,Metacarpophalangeal implant
L8631,Mcp joint repl 2 pc or more
L8641,Metatarsal joint implant
L8642,Hallux implant
L8658,Interphalangeal joint spacer
L8659,Interphalangeal joint repl
L8670,"Vascular graft, synthetic"
L8678,Ext sply implt neurostim
L8679,Imp neurosti pls gn any type
L8680,Implt neurostim elctr each
L8681,Pt prgrm for implt neurostim
L8682,Implt neurostim radiofq rec
L8683,Radiofq trsmtr for implt neu
L8684,Radiof trsmtr implt scrl neu
L8685,Implt nrostm pls gen sng rec
L8686,Implt nrostm pls gen sng non
L8687,Implt nrostm pls gen dua rec
L8688,Implt nrostm pls gen dua non
L8689,External recharg sys intern
L8690,"Aud osseo dev, int/ext comp"
L8691,Aoi snd proc repl excl actua
L8692,Non-osseointegrated snd proc
L8693,"Aud osseo dev, abutment"
L8694,Aoi transducer/actuator repl
L8695,External recharg sys extern
L8696,Ext antenna phren nerve stim
L8698,"Miscellaneous component, supply or accessory for use with total artificial heart system"
L8699,"Prosthetic implant, not otherwise specified"
L8701,Ewh s/d uprt micro sensor
L8702,Ewhf s/d uprt micro sensor
L8720,Ext low ext sens prosthe mec
L8721,Receptor sole l8720 replace
L9900,O&p supply/accessory/service
M0001,Advancing cancer care mvp
M0002,Opt care kidney hlth mvp
M0003,Opt care episod neuro mvp
M0004,Qual care neurologic cnd mvp
M0005,Value in primary care mvp
M0010,Eom meos payment
M0064,Visit for drug monitoring
M0075,Cellular therapy
M0076,Prolotherapy
M0100,Intragastric hypothermia
M0201,Pne flu hepb cov home admin
M0220,Tixagev and cilgav inj
M0221,Tixagev and cilgav inj hm
M0222,Bebtelovimab injection
M0223,Bebtelovimab injection home
M0224,Pemivibart infusion
M0231,Inf tocilizumab-bavi 1st dos
M0232,Inf tocilizumab-bavi 2nd dos
M0233,"Intra inf, toci, first dose"
M0234,"Intra inf, toci, second dos"
M0235,"Intrav inf, mon anti, fir do"
M0236,"Intrav inf, mon anti, sec do"
M0237,"Intrav inf, toci, first dose"
M0238,"Intrav inf, toci, second dos"
M0239,Bamlanivimab-xxxx infusion
M0240,Casiri and imdev repeat
M0241,Casiri and imdev repeat hm
M0243,Casirivi and imdevi inj
M0244,Casirivi and imdevi inj hm
M0245,Bamlan and etesev infusion
M0246,Bamlan and etesev infus home
M0247,Sotrovimab infusion
M0248,"Sotrovimab inf, home admin"
M0249,Adm tocilizu covid-19 1st
M0250,Adm tocilizu covid-19 2nd
M0300,Iv chelationtherapy
M0301,Fabric wrapping of aneurysm
M1000,Pain scr as mod to sevr
M1001,Pln to adrs pain doc
M1002,Pln to adrs pain not doc
M1003,Tb scr 12 mo pri fst bio dz
M1004,Doc med rsn no srn tb
M1005,Tb scr no perf
M1006,"Dz not ases, no rsn"
M1007,>=50% total pt outpt ra enct
M1008,<50% total pt outpt ra encts
M1009,Dc eoc doc med rec
M1010,Dc eoc doc med rec
M1011,Dc eoc doc med rec
M1012,Dc eoc doc med rec
M1013,Dc eoc doc med rec
M1014,Dc epi care doc medrec
M1015,Dc eoc doc med rec
M1016,Pt dx meop or sur steri
M1017,Pt admt to palitve serv
M1018,Pt dx hst cr pt sk lg cr scr
M1019,Adl pt mj dep ds rs 12 phq<5
M1020,Adl pt mj dep ds no rs 12 mo
M1021,Pt uc in pp
M1022,Pt hospice during perf pd
M1023,Adl pt mj dep ds rs 6 phq<5
M1024,Adl pt mj dep ds no rs 6 mo
M1025,Pt hospice during perf pd
M1026,Pt hospice during perf pd
M1027,Img head (ct or mri) obtnd
M1028,Doc of pt prm hda dx and otr
M1029,Doc sysm rsn img hd
M1030,Pt clin ind img hd
M1031,Pt clin ind img hd
M1032,Adt tkng pharmthry for oud
M1033,Pharmthry for oud afr 6.30
M1034,Adt 180 dys pharmthry oud
M1035,Adt pd out mat pr 180 dys tx
M1036,Adt no 180 dys pharmthry oud
M1037,Pt dx lum sp reg cacr
M1038,Pt dx lum sp reg fract
M1039,Pt dx lum sp reg inf
M1040,Pt dx lum idi or cong scol
M1041,Pt cr ft inf lm or pt id sl
M1042,Ftl st mea sco ot odi 3 mo
M1043,Fs no odi 9-15mo
M1044,Ftl st mea odi 3 mo
M1045,Fs oks 9-15mo >= 37 >= 71
M1046,Fs oks 9-15mo < 37 < 71
M1047,Fs msrd oks pre and post
M1048,Fsm wth scr odi pre and post
M1049,Fs wth scr no odi pre and p
M1050,Fs msrd odi pre and post
M1051,Pt w/cancer scoliosis
M1052,Lg pn not meas w/ vas 1yr po
M1053,Pre and post vas wthn 3 mos
M1054,Pt uc in pp
M1055,Aspirin used
M1056,Presc antico med in pp
M1057,"Aspirin not used, no rsn"
M1058,Pt prm nurs hm res in pp
M1059,Pt no prm nurs hm res in pp
M1060,Pt died in pp
M1061,Pt preg
M1062,Pt imcomprmd
M1063,Pt rec hg dos imsup thpy
M1064,Shing vac doc adm or pv rec
M1065,Shing vac no adm clinc rsn
M1066,Shing vac no doc no rsn
M1067,Hspc pt prv time meam per
M1068,Pt not ambulatory
M1069,Pt scr ft fall rsk
M1070,Pt not scrn fut fall no rsn
M1071,Pt had add'l sp pcr perf
M1106,Start eoc doc med rec
M1107,Docu dx degen neuro
M1108,Oc ni pt home prog
M1109,Oc ni pt dc
M1110,Oc not p pt selfdc
M1111,Start eoc doc med rec
M1112,Docu dx degen neuro
M1113,Oc ni pt home prog
M1114,Oc ni pt dc
M1115,Oc ni pt selfdc
M1116,Start eoc doc med rec
M1117,Docu dx degen neuro
M1118,Oc ni pt home prog
M1119,Oc ni pt dc
M1120,Oc ni pt selfdc
M1121,Start eoc doc med rec
M1122,Docu dx degen neuro
M1123,Oc ni pt home prog
M1124,Oc ni pt dc 1-2 vis
M1125,Oc ni pt selfdc 1-2 vis
M1126,Start eoc doc med rec
M1127,Docu dx degen neuro
M1128,Oc ni pt home prog
M1129,Oc ni pt dc
M1130,Oc ni pt selfdc
M1131,Docu dx degen neuro
M1132,Oc ni pt home prog
M1133,Oc ni pt dc
M1134,Oc ni pt selfdc
M1135,Start eoc doc med rec
M1136,Start eoc doc med rec
M1137,Docu dx degen neuro
M1138,Oc ni pt 1-2 vis
M1139,Oc ni pt self dc 1-2 vis
M1140,Oc ni pt dc 1-2 vis
M1141,Fs no oks
M1142,Emerge cases
M1143,Ni rehab med chiro
M1144,Oc no ind pt 1-2 vis
M1145,"Mfn drug add-on, per dose"
M1146,Ongoing care not ind
M1147,Care not poss med rsn
M1148,Pt self dschg
M1149,No neck fs prom incap
M1150,Lvef <=40% or mod/sev l vsf
M1151,Pt w/ hx trnsplt or lvad
M1152,Pt w/ hx trnsplt or lvad
M1153,Pt w/ dx osteo doe
M1154,Hospc serv dur meas pd
M1155,Pt anphx due to pneum
M1156,Pt recd actv chemo any time
M1157,Pt recd bone mar trnsplt
M1158,Pt hx immcomp prior/dur pd
M1159,Hospc serv dur meas pd
M1160,Pt anphx due to mengb bef 13
M1161,Pt anphx due to dtp bef 13
M1162,Pt enceph due to dtp bef 13
M1163,Pt anphx due to hpv bef 13
M1164,Pt w/ dementia any time
M1165,Pt use hspc dur meas pd
M1166,Path rpt tis spec wle/reexc
M1167,Hspc dur meas pd
M1168,Pt recd flu vax 7/1-6/30
M1169,Doc med rsn no flu vax
M1170,Pt w/o flu vax 7/1-6/30
M1171,Pt recd 1 td/tdap 9yrs prior
M1172,Doc med rsn no td/tdap
M1173,Pt no rec td/tdap 9yrs prior
M1174,Pt w/ 2 hzv 10/2017 - mp
M1175,Doc med rsn no hzv
M1176,No 2 hzv 10/2017-meas pd
M1177,Pt recd pcv on/aft 19
M1178,Doc med rsn no pcv
M1179,No pcv recd
M1180,Pt imm ckpt inhib therapy
M1181,Gr 2 or> dia or gr2 or> col
M1182,Not elg pre ex ibd/uc/crohn
M1183,Doc imm ckpt inhib hld
M1184,Doc med rsn no cst/ist rx
M1185,Imm ckpt inhib not hld no rx
M1186,Pt w/ rx for hspc/plltv care
M1187,Pt w/ esrd
M1188,Pt w/ ckd stg 5
M1189,Doc khe pef w/efgr/uacr
M1190,Doc khe not pef w/efgr/uacr
M1191,Hspc svc any time in meas pd
M1192,Pt w/ dx sq cell ca of esoph
M1193,Rpts w/ imp/con mmr/msi
M1194,Med rsn no imp/con mmr/msi
M1195,Rpt wo imp/con mmr/msi
M1196,Ixv nrs vrs iqa >=4
M1197,Isa reduced >=3 fr ixv
M1198,Isa not red 3pts /no assess
M1199,Pt rec'g rrt
M1200,Ace-i/arb rx
M1201,Med rsn no ace-i/arb rx
M1202,Pt rsn no ace-i/arb rx
M1203,No rsn ace-i/arb rx
M1204,Ixv nrs vrs iqa >=4
M1205,Isa reduced >=3
M1206,Isa not red 3pts/no assess
M1207,Pt scrn sdoh
M1208,Pt no scrn sdoh
M1209,>=2 same hi-rsk med w/o diag
M1210,>=2 same meds tbl4 not ord
M1211,Gsa level>9.0%
M1212,Missing gsa not perf
M1213,No hx spiro prs spiro>=70%
M1214,Spiro results wth obs doc
M1215,Med rsn for no doc spiro
M1216,No spiro doc no res doc
M1217,Sys rsn no doc spiro
M1218,Pt copd symptoms
M1219,Anphx due to vax
M1220,Dre wth interp rtnopthy
M1221,Dre w/o rtnopthy
M1222,"Glaucoma plan of care not documented, reason not otherwise specified"
M1223,Glaucoma plan of care doc
M1224,Iop dec <20% from base
M1225,Iop dec>=20% from base
M1226,"IOP measurement not documented, reason not otherwise specified "
M1227,Eb therapy prescribed
M1228,Pt + hcv aby +vir w/ rx 3 mo
M1229,Pt w/ +hcv +vir ref win 1 mo
M1230,Pt hcv rctv aby no f/u tst
M1231,Pt hcv tst no reactive res
M1232,Pt hcv tst reactive result
M1233,Pt no hcv aby or result
M1234,Pt hcv rctv aby f/u neg
M1235,Doc pt hcv aby rna tst
M1236,Baseline mrs > 2
M1237,Pt rsn no scrn
M1238,Doc 2nd recom hzv 2-6 mo int
M1239,Pt no resp heard
M1240,Pt no resp best int
M1241,Pt no resp seen as person
M1242,Pt no resp imprt to me
M1243,Pt othr thn true heard
M1244,Pt othr thn true best int
M1245,Pt othr thn true person
M1246,Pt othr thn true imprt to me
M1247,Pt resp true best int
M1248,Pt resp true seen as person
M1249,Pt resp true imprt to me
M1250,Pt resp true heard
M1251,Pts proxy cmplt hu surv
M1252,Pts no cmplt hu survey
M1253,Pts hu surv no amb plltv
M1254,Pts deceased prior hu surv
M1255,"Pts w/ othr rsn vst,+prg tst"
M1256,Prior history of known cvd
M1257,"CVD risk assessment not performed or incomplete (e.g., CVD risk assessment was not documented), reason not otherwise specified"
M1258,Cvd risk assess perf
M1259,Pt stat doc <= 1 yr dialysis
M1260,Pt not doc <= 1 yr dialysis
M1261,Pts on wtlist bef dialysis
M1262,Pts transplt bef dialysis
M1263,Pts hosp dialysis dt
M1264,Pts 75+ dialysis dt
M1265,Cms 2728 completed
M1266,Pts admit snf
M1267,Pt no act kid transplt wtlst
M1268,Pt ac stat kid trnsplt wtlst
M1269,Rec'd esrd mcp lst day of mo
M1270,Pts no kid transplt wtlst
M1271,Pts dem any time/dur mo
M1272,Pts kid transplt wtlst
M1273,Pts snf 1 yr dialysis
M1274,Pts snf exl mo
M1275,Pts hosp exl
M1276,Calc bmi out nrm param nof/u
M1277,Colorectal ca screen doc rev
M1278,"Pre-htn or htn doc, f/u indc"
M1279,"Pre-htn/htn, no f/u, not gvn"
M1280,Bilat mast/hx bi /unilat mas
M1281,Bp scrn no perf at interval
M1282,Pt scrn tbco id as non user
M1283,Pt scrn tbco and id as user
M1284,Pt 66+ snp or ltc pos > 90d
M1285,"Screening, diagnostic, film, digital or digital breast Tomosynthesis (3D) mammography results were not documented and reviewed, reason not otherwise specified"
M1286,Bmi doc onl fup not cmpltd
M1287,Calc bmi blw low param f/u
M1288,Doc rsn no hbp scrn or f/u
M1289,No pt tbco cess interv rng
M1290,Pt not eli d/t act dig htn
M1291,Pt 66+ frailty and med dem
M1292,Pt 66+ frail inpt adv ill
M1293,Calc bmi abv up param f/u
M1294,Bp scrn perf rec interval
M1295,Pt hx tot col or colon ca
M1296,Calc bmi norm parameters
M1297,Bmi not doc medrsn ptref
M1298,Doc pt preg dur msrmt pd
M1299,Flu immunize order/admin
M1300,Flu imm no admin doc rea
M1301,Pt recv tbco cess interv
M1302,Scrn mam perf rslts doc
M1303,Hospc serv dur meas pd
M1304,No pneum vax admin 19+
M1305,Pneum vax admin 19+
M1306,Pt anphx due to pneum
M1307,Doc pt pal or hospice
M1308,Flu immunize no admin
M1309,Pall serv during meas
M1310,Pt scr tob & cess int
M1311,Aphlx to vax bef enc
M1312,No pt tbco scrn rng
M1313,No tob scr/cess int
M1314,Bmi not calculated
M1315,Colorectal cancer screening results were not documented and reviewed; reason not otherwise specified
M1316,Tobacco non-user
M1317,Pts counsl cpt opt out
M1318,Pts no csp doc contact
M1319,Pts csp doc contact
M1320,Pts scrn + hrsn
M1321,"Pts no 7wk inj,no iop,iop>25"
M1322,"Pts 7wk inj, scrn iop =<25"
M1323,"Pts 7wk inj, scrn iop >25"
M1324,Pts intravitreal/pci
M1325,Doc med rsn not seen
M1326,Pts dx hypotony
M1327,Pts no eval ini xm no 8 wks
M1328,Pts dx acute vitreous hem
M1329,Pts act pvd 2 wks 8 wks
M1330,Doc pts rsn no f/u xm
M1331,Pts eval ini xm 8 wks
M1332,Pts no eval ini xm no 2 wks
M1333,Acute vitreous hemorrhage
M1334,Pts act pvd 2 wks 2 wks
M1335,Doc pts rsn no f/u xm
M1336,Pts eval ini xm 2 wks
M1337,Acute pvd
M1338,Pt f/u 30-180 dys no + imprv
M1339,Pts f/u 30-180 dys + improv
M1340,Indx whodas 2.0 or sds
M1341,Pt no f/u 30-180 dys
M1342,Pts died perf per
M1343,Pt pam lvl 4 base or srt lin
M1344,No bsln/2nd pam score 4-12mo
M1345,"Pt bsln pam, 2nd scr 4-12 mo"
M1346,No pam inc 6 pts 4-12 mo
M1347,Pt pam incr 3 pt 4-12 mo
M1348,Pam incr 6 pt 4-12 mo
M1349,No pam inc 3 pts 4-12 mo
M1350,Pt w/ suic saf pln init rev
M1351,Pt cmplt suicd saf pln 120dy
M1352,"Suicd c-ssrs assessment, equ"
M1353,Pts no cmplt suicd saf pln
M1354,Pt no suicd saf pln 120dy
M1355,Suicd based cln eval
M1356,Pt died dur meas pd
M1357,Pt w/red suic idea 120 days
M1358,Pts no <suicd idea 120 dys
M1359,"Indx suicd idea, no 0 scr"
M1360,Suicd c-ssrs assessment
M1361,Suicd based cln eval
M1362,Pt died dur meas pd
M1363,Pts no f/u 120 dys
M1364,Ascvd risk >=20pct
M1365,Hosp+pall care spec code 17
M1366,Focus on women's health mvp
M1367,Qual care ent disorder mvp
M1368,Prev trt inf d/o hiv/hep mvp
M1369,Qualcare mental hlth/sud mvp
M1370,Rehab support msk care mvp
M1371,Mst rec gsa<7
M1372,Mst rec gsa >=7 and<8
M1373,Mst rec gsa >=8 and <=9
M1374,Ra dx enc 90 days dur per pd
M1375,Ra dx enc 90 days dur per pd
M1376,Ra dx enc 90 days dur per pd
M1377,Fu colscop 10 yr doc w/ disc
M1378,Med rsn no 10 yr fu colscope
M1379,10 yr fu no rec rsn not giv
M1380,2 rx in perf pd any com meds
M1381,Pt sec strk wthin 5 days
M1382,Enc dur perf pd pos 11
M1383,Acute pvd
M1384,Pt died dur perf pd
M1385,Pt rsn not seen 2nd pam
M1386,Exc sx melmn or mlnm is
M1387,Pt died dur perf pd
M1388,Pt doc exm rec melmn
M1390,Pt no doc exm for rec
M1391,All pt dx w/ rec mlnm
M1392,Pt rsn no exm or lst to fu
M1393,Pr no dx rec mlnm
M1394,Stg i-iii br ca
M1395,Init chemo w/def dur ec grp
M1396,Pt ther clin trial
M1397,Pt w/ recur/prog
M1398,Bslne and  fu promis doc
M1399,Pt lve prac
M1400,Pt died dur perf pd
M1401,Stg i-iii br ca
M1402,Init chemo w/def dur ec grp
M1403,Bslne and fu promis doc
M1404,Pt ther clin trial
M1405,Pt w/ recur/prog
M1406,Pt lve prac
M1407,Pt died dur perf pd
M1408,Gmln brca bef dx ca
M1409,Recd gmln brca1/brca2 couns
M1410,No gmln brca1/brca2 couns
M1411,1st ln ici no chemo
M1412,Met nsclc w/ egfr alk oth ab
M1413,Pos pdl1 bef init ici tx
M1414,Med rsn no pdl1 bef 1st ther
M1415,No pos pdl1 bef ici ther
M1416,Pt rec hosp
M1417,Pt up to date cov
M1418,Med rsn not up to date cov
M1419,Pt not up to date cov
M1420,Complete ophthalmologic mvp
M1421,Dermatological care mvp
M1422,Gastroenterology care mvp
M1423,Opt care urologic cnd mvp
M1424,Pulmonology care mvp
M1425,Surgical care mvp
M1426,Telehealth enc
M1427,Doc med rsn bone scn
M1428,Bilateral absence of eyes
M1429,"Retinopathy in od, os, ou"
M1430,Ret exm ou no retinopthy doc
M1431,Telehealth enc
M1432,Telehealth enc
M1433,Oral chemo wthn 30 days enc
M1434,Orl chemo wthn 30 d post enc
M1435,Oral chemo in perf pd
M1436,Telehealth enc
M1437,Telehealth enc
M1438,Lst knwn well <=210 min
M1439,Sig ocu cond imp surg out
M1440,Telehealth enc
M1441,Init dx slp apn = 1st enc
M1442,Telehealth enc
M1443,Telehealth enc
M1444,Del < 39 weeks gest
M1445,Pp care visit by 12 weeks
M1446,Pt died bef end meas pd
M1447,Pt dx bd bef end meas pd
M1448,Pt dx pd bef end meas pd
M1449,Pt dx scz/pys bef end msr pd
M1450,Pt hos/pal care dur id/pf pd
M1451,Pt dx ppd dur id/pf pd
M1452,Pt dx dementia ever
M1453,Preop vis acu > 20/40
M1454,New cied
M1455,Rep/rev cied
M1456,Pt had htx
M1457,Dx asth dur crnt/prv perf pd
M1458,Pt died bef end meas pd
M1459,Pt hosp/pal care dur perf pd
M1460,"Dx copd, cf, or arf"
M1461,Pt dx chron hepc
M1462,Pt clin ind hd image
M1463,2 f/u wthn 180 day rx atmp
M1464,No record of f/u by 180 days
M1465,F/u > 180 days after rx
M1466,Pt disc/lam proc same day
M1467,Pt dx lynch syn
M1468,Hep b vaccine received
M1469,"Hx of hep b, or pos bld test"
M1470,Hep b vac not rec'd med rsn
M1471,Ffs hep b not covered
M1472,Hep b vaccine not received
M1473,Pt func cap not allow impr
M1474,Pt dx dementia
M1475,Pt dx huntington
M1476,Pt dx cog imp or ad
M1477,Dx delirium
M1478,Psychoactive sub abuse
M1479,Pt func cap not allow impr
M1480,Pt func cap not allow impr
M1481,Pt in hosp/pal care who died
M1482,Pos quan hep c or qual rna
M1483,Neg quan hep c or qual rna
M1484,No rpt hcv rna perf med rsn
M1485,Neg viro resp hep c/qual rna
M1486,Pt admitted to snf dur eval
M1487,Pt adm to hospice dur eval
M1488,Dx dementia in msr timeframe
M1489,Pt status doc
M1490,Pt status not doc
M1491,Rec'd esrd mcp dur perf pd
M1492,No reported fall
M1493,No fall doc med rsn
M1494,Fall rep since last visit
M1495,"Fall w/ poc, no fall"
M1496,No doc of fall or poc
M1497,No doc fall med rsn
M1498,Diagnostic radiology mvp
M1499,Interventional radiology mvp
M1500,Neuropsychology mvp
M1501,Pathology mvp
M1502,Podiatry mvp
M1503,Vascular surgery mvp
P2028,Cephalin floculation test
P2029,Congo red blood test
P2031,Hair analysis
P2033,Blood thymol turbidity
P2038,Blood mucoprotein
P3000,Screen pap by tech w md supv
P3001,Screening pap smear by phys
P7001,Culture bacterial urine
P9010,Whole blood for transfusion
P9011,Blood split unit
P9012,Cryoprecipitate each unit
P9016,Rbc leukocytes reduced
P9017,Plasma 1 donor frz w/in 8 hr
P9019,"Platelets, each unit"
P9020,Plaelet rich plasma unit
P9021,Red blood cells unit
P9022,Washed red blood cells unit
P9023,"Frozen plasma, pooled, sd"
P9025,Plasma cryo redu path each
P9026,Cryo fib comp path redu each
P9027,Rbc o2 co2 reduced
P9031,Platelets leukocytes reduced
P9032,"Platelets, irradiated"
P9033,Platelets leukoreduced irrad
P9034,"Platelets, pheresis"
P9035,Platelet pheres leukoreduced
P9036,Platelet pheresis irradiated
P9037,Plate pheres leukoredu irrad
P9038,Rbc irradiated
P9039,Rbc deglycerolized
P9040,Rbc leukoreduced irradiated
P9041,"Albumin (human),5%, 50ml"
P9043,"Plasma protein fract,5%,50ml"
P9044,Cryoprecipitatereducedplasma
P9045,"Albumin (human), 5%, 250 ml"
P9046,"Albumin (human), 25%, 20 ml"
P9047,"Albumin (human), 25%, 50ml"
P9048,"Plasmaprotein fract,5%,250ml"
P9050,"Granulocytes, pheresis unit"
P9051,"Blood, l/r, cmv-neg"
P9052,"Platelets, hla-m, l/r, unit"
P9053,"Plt, pher, l/r cmv-neg, irr"
P9054,"Blood, l/r, froz/degly/wash"
P9055,"Plt, aph/pher, l/r, cmv-neg"
P9056,"Blood, l/r, irradiated"
P9057,"Rbc, frz/deg/wsh, l/r, irrad"
P9058,"Rbc, l/r, cmv-neg, irrad"
P9059,"Plasma, frz between 8-24hour"
P9060,Fr frz plasma donor retested
P9070,Pathogen reduced plasma pool
P9071,Pathogen reduced plasma sing
P9072,Plate path red/rapid bac tes
P9073,Platelets pheresis path redu
P9099,Blood component or product not otherwise classified
P9100,Pathogen test for platelets
P9603,One-way allow prorated miles
P9604,One-way allow prorated trip
P9612,Catheterize for urine spec
P9615,Urine specimen collect mult
Q0035,Cardiokymography
Q0081,Infusion ther other than che
Q0083,Chemo by other than infusion
Q0084,Chemotherapy by infusion
Q0085,Chemo by both infusion and o
Q0091,Obtaining screen pap smear
Q0092,Set up port xray equipment
Q0111,Wet mounts/ w preparations
Q0112,Potassium hydroxide preps
Q0113,Pinworm examinations
Q0114,Fern test
Q0115,Post-coital mucous exam
Q0138,"Ferumoxytol, non-esrd"
Q0139,"Ferumoxytol, esrd use"
Q0144,"Azithromycin dihydrate, oral"
Q0155,Dronabinol (syndros) 0.1 mg
Q0161,Chlorpromazine hcl 5mg oral
Q0162,Ondansetron oral
Q0163,Diphenhydramine hcl 50mg
Q0164,Prochlorperazine maleate 5mg
Q0166,Granisetron hcl 1 mg oral
Q0167,Dronabinol 2.5mg oral
Q0169,Promethazine hcl 12.5mg oral
Q0173,Trimethobenzamide hcl 250mg
Q0174,Thiethylperazine maleate10mg
Q0175,Perphenazine 4mg oral
Q0177,Hydroxyzine pamoate 25mg
Q0180,Dolasetron mesylate oral
Q0181,"Unspecified oral dosage form, fda approved prescription anti-emetic, for use as a complete therapeutic substitute for a iv anti-emetic at the time of chemotherapy treatment, not to exceed a 48 hour dosage regimen"
Q0220,"Tixagev and cilgav, 300mg"
Q0221,"Tixagev and cilgav, 600mg"
Q0222,Bebtelovimab 175 mg
Q0224,"Inj, pemivibart, 4500 mg"
Q0234,"Inj, tocilizumab-bavi, 1mg"
Q0235,"Inj, monoclon antibody, 1 mg"
Q0237,"Inj, tocilizumab-anoh, hospi"
Q0238,"Inj, tocilizumab-aazg, hospi"
Q0239,Bamlanivimab-xxxx
Q0240,Casirivi and imdevi 600 mg
Q0243,Casirivimab and imdevimab
Q0244,Casirivi and imdevi 1200 mg
Q0245,Bamlanivimab and etesevima
Q0247,Sotrovimab
Q0249,Tocilizumab for covid-19
Q0477,Pwr module pt cable lvad rpl
Q0478,"Power adapter, combo vad"
Q0479,"Power module combo vad, rep"
Q0480,"Driver pneumatic vad, rep"
Q0481,"Microprcsr cu elec vad, rep"
Q0482,"Microprcsr cu combo vad, rep"
Q0483,"Monitor elec vad, rep"
Q0484,Monitor elec or comb vad rep
Q0485,"Monitor cable elec vad, rep"
Q0486,Mon cable elec/pneum vad rep
Q0487,"Leads any type vad, rep only"
Q0488,"Pwr pack base elec vad, rep"
Q0489,"Pwr pck base combo vad, rep"
Q0490,"Emr pwr source elec vad, rep"
Q0491,Emr pwr source combo vad rep
Q0492,"Emr pwr cbl elec vad, rep"
Q0493,"Emr pwr cbl combo vad, rep"
Q0494,"Emr hd pmp elec/combo, rep"
Q0495,"Charger elec/combo vad, rep"
Q0496,"Battery elec/combo vad, rep"
Q0497,"Bat clps elec/comb vad, rep"
Q0498,"Holster elec/combo vad, rep"
Q0499,Belt/vest elec/combo vad rep
Q0500,"Filters elec/combo vad, rep"
Q0501,"Shwr cov elec/combo vad, rep"
Q0502,"Mobility cart pneum vad, rep"
Q0503,Battery pneum vad replacemnt
Q0504,"Pwr adpt pneum vad, rep veh"
Q0506,Lith-ion batt elec/pneum vad
Q0507,Miscellaneous supply or accessory for use with an external ventricular assist device
Q0508,Miscellaneous supply or accessory for use with an implanted ventricular assist device
Q0509,Miscellaneous supply or accessory for use with any implanted ventricular assist device for which payment was not made under medicare part a
Q0510,Dispens fee immunosupressive
Q0511,"Sup fee antiem,antica,immuno"
Q0512,Px sup fee anti-can sub pres
Q0513,Disp fee inhal drugs/30 days
Q0514,Disp fee inhal drugs/90 days
Q0515,Sermorelin acetate injection
Q0516,Supply fee hiv prep oral 30
Q0517,Supply fee hiv prep oral 60
Q0518,Supply fee hiv prep oral 90
Q0519,Supply fee hiv prep inj 30
Q0520,Supply fee hiv prep inj 60
Q0521,Supply fee hiv prep fda appr
Q1004,Ntiol category 4
Q1005,Ntiol category 5
Q2004,Bladder calculi irrig sol
Q2009,Fosphenytoin inj pe
Q2017,"Teniposide, 50 mg"
Q2026,Radiesse injection
Q2028,"Inj, sculptra, 0.5mg"
Q2034,Agriflu vaccine
Q2035,"Afluria vacc, 3 yrs & >, im"
Q2036,"Flulaval vacc, 3 yrs & >, im"
Q2037,"Fluvirin vacc, 3 yrs & >, im"
Q2038,"Fluzone vacc, 3 yrs & >, im"
Q2039,"Influenza virus vaccine, not otherwise specified"
Q2040,Tisagenlecleucel car-pos t
Q2041,Axicabtagene ciloleucel car+
Q2042,Tisagenlecleucel car-pos t
Q2043,Sipuleucel-t auto cd54+
Q2049,Imported lipodox inj
Q2050,"Injection, doxorubicin hydrochloride, liposomal, not otherwise specified, 10 mg"
Q2052,"Home ivig, services/supplies"
Q2053,Brexucabtagene car pos t
Q2054,Lisocabtagene mara car pos t
Q2055,Idecabtagene vicleucel car
Q2056,Ciltacabtagene car-pos t
Q2057,Afamitresgene autoleucel
Q2058,Obecbtge autol up to 400 mil
Q3001,Brachytherapy radioelements
Q3014,Telehealth facility fee
Q3027,Inj beta interferon im 1 mcg
Q3028,Inj beta interferon sq 1 mcg
Q3031,Collagen skin test
Q4001,Cast sup body cast plaster
Q4002,Cast sup body cast fiberglas
Q4003,Cast sup shoulder cast plstr
Q4004,Cast sup shoulder cast fbrgl
Q4005,Cast sup long arm adult plst
Q4006,Cast sup long arm adult fbrg
Q4007,Cast sup long arm ped plster
Q4008,Cast sup long arm ped fbrgls
Q4009,Cast sup sht arm adult plstr
Q4010,Cast sup sht arm adult fbrgl
Q4011,Cast sup sht arm ped plaster
Q4012,Cast sup sht arm ped fbrglas
Q4013,Cast sup gauntlet plaster
Q4014,Cast sup gauntlet fiberglass
Q4015,Cast sup gauntlet ped plster
Q4016,Cast sup gauntlet ped fbrgls
Q4017,Cast sup lng arm splint plst
Q4018,Cast sup lng arm splint fbrg
Q4019,Cast sup lng arm splnt ped p
Q4020,Cast sup lng arm splnt ped f
Q4021,Cast sup sht arm splint plst
Q4022,Cast sup sht arm splint fbrg
Q4023,Cast sup sht arm splnt ped p
Q4024,Cast sup sht arm splnt ped f
Q4025,Cast sup hip spica plaster
Q4026,Cast sup hip spica fiberglas
Q4027,Cast sup hip spica ped plstr
Q4028,Cast sup hip spica ped fbrgl
Q4029,Cast sup long leg plaster
Q4030,Cast sup long leg fiberglass
Q4031,Cast sup lng leg ped plaster
Q4032,Cast sup lng leg ped fbrgls
Q4033,Cast sup lng leg cylinder pl
Q4034,Cast sup lng leg cylinder fb
Q4035,Cast sup lngleg cylndr ped p
Q4036,Cast sup lngleg cylndr ped f
Q4037,Cast sup shrt leg plaster
Q4038,Cast sup shrt leg fiberglass
Q4039,Cast sup shrt leg ped plster
Q4040,Cast sup shrt leg ped fbrgls
Q4041,Cast sup lng leg splnt plstr
Q4042,Cast sup lng leg splnt fbrgl
Q4043,Cast sup lng leg splnt ped p
Q4044,Cast sup lng leg splnt ped f
Q4045,Cast sup sht leg splnt plstr
Q4046,Cast sup sht leg splnt fbrgl
Q4047,Cast sup sht leg splnt ped p
Q4048,Cast sup sht leg splnt ped f
Q4049,"Finger splint, static"
Q4050,"Cast supplies, for unlisted types and materials of casts"
Q4051,"Splint supplies, miscellaneous (includes thermoplastics, strapping, fasteners, padding and other supplies)"
Q4074,Iloprost non-comp unit dose
Q4081,"Epoetin alfa, 100 units esrd"
Q4082,"Drug or biological, not otherwise classified, part b drug competitive acquisition program (cap)"
Q4100,"Skin substitute, not otherwise specified"
Q4101,Apligraf
Q4102,Oasis wound matrix
Q4103,Oasis burn matrix
Q4104,Integra bmwd
Q4105,Integra drt or omnigraft
Q4106,Dermagraft
Q4107,Graftjacket
Q4108,Integra matrix
Q4110,Primatrix
Q4111,Gammagraft
Q4112,Cymetra injectable
Q4113,Graftjacket xpress
Q4114,Integra flowable wound matri
Q4115,Alloskin
Q4116,Alloderm
Q4117,Hyalomatrix
Q4118,Matristem micromatrix
Q4119,Matristem wound matrix
Q4120,Matristem burn matrix
Q4121,Theraskin
Q4122,"Dermacell, awm, porous sq cm"
Q4123,Alloskin
Q4124,Oasis tri-layer wound matrix
Q4125,Arthroflex
Q4126,Memoderm/derma/tranz/integup
Q4127,Talymed
Q4128,Flexhd/allopatchhd/sq cm
Q4129,Unite biomatrix
Q4130,Strattice tm
Q4131,Epifix or epicord
Q4132,"Grafix core, grafixpl core"
Q4133,Grafix stravix prime pl sqcm
Q4134,Hmatrix
Q4135,Mediskin
Q4136,Ezderm
Q4137,Amnioexcel biodexcel 1sq cm
Q4138,"Biodfence dryflex, 1cm"
Q4139,"Amnio or biodmatrix, inj 1cc"
Q4140,Biodfence 1cm
Q4141,"Alloskin ac, 1 cm"
Q4142,Xcm biologic tiss matrix 1cm
Q4143,"Repriza, 1cm"
Q4145,"Epifix, inj, 1mg"
Q4146,"Tensix, 1cm"
Q4147,Architect ecm px fx 1 sq cm
Q4148,Neox neox rt or clarix cord
Q4149,"Excellagen, 0.1 cc"
Q4150,Allowrap ds or dry 1 sq cm
Q4151,"Amnioband, guardian 1 sq cm"
Q4152,Dermapure 1 square cm
Q4153,"Dermavest, plurivest sq cm"
Q4154,Biovance 1 square cm
Q4155,Neoxflo or clarixflo 1 mg
Q4156,Neox 100 or clarix 100
Q4157,Revitalon 1 square cm
Q4158,"Kerecis omega3, per sq cm"
Q4159,Affinity1 square cm
Q4160,Nushield 1 square cm
Q4161,Bio-connekt per square cm
Q4162,"Wndex flw, bioskn flw, 0.5cc"
Q4163,"Woundex, bioskin, per sq cm"
Q4164,"Helicoll, per square cm"
Q4165,"Keramatrix, kerasorb sq cm"
Q4166,"Cytal, per square centimeter"
Q4167,"Truskin, per sq centimeter"
Q4168,"Amnioband, 1 mg"
Q4169,"Artacent wound, per sq cm"
Q4170,"Cygnus, per sq cm"
Q4171,"Interfyl, 1 mg"
Q4172,Puraply or puraply am
Q4173,Palingen or palingen xplus
Q4174,Palingen or promatrx
Q4175,Miroderm
Q4176,"Neopatch or therion, 1 sq cm"
Q4177,"Floweramnioflo, 0.1 cc"
Q4178,"Floweramniopatch, per sq cm"
Q4179,"Flowerderm, per sq cm"
Q4180,"Revita, per sq cm"
Q4181,"Amnio wound, per square cm"
Q4182,"Transcyte, per sq centimeter"
Q4183,"Surgigraft, 1 sq cm"
Q4184,Cellesta or duo per sq cm
Q4185,Cellesta flowab amnion 0.5cc
Q4186,Epifix 1 sq cm
Q4187,Epicord 1 sq cm
Q4188,Amnioarmor 1 sq cm
Q4189,"Artacent ac, 1 mg"
Q4190,Artacent ac 1 sq cm
Q4191,Restorigin 1 sq cm
Q4192,"Restorigin, 1 cc"
Q4193,Coll-e-derm 1 sq cm
Q4194,Novachor 1 sq cm
Q4195,Puraply 1 sq cm
Q4196,Puraply am 1 sq cm
Q4197,Puraply xt 1 sq cm
Q4198,Genesis amnio membrane 1sqcm
Q4199,"Cygnus matrix, per sq cm"
Q4200,Skin te 1 sq cm
Q4201,Matrion 1 sq cm
Q4202,"Keroxx (2.5g/cc), 1cc"
Q4203,"Derma-gide, 1 sq cm"
Q4204,Xwrap 1 sq cm
Q4205,Membrane graft or wrap sq cm
Q4206,Fluid flow or fluid gf 1 cc
Q4208,Novafix per sq cm
Q4209,Surgraft per sq cm
Q4210,Axolotl graf dualgraf sq cm
Q4211,Amnion bio or axobio sq cm
Q4212,"Allogen, per cc"
Q4213,"Ascent, 0.5 mg"
Q4214,Cellesta cord per sq cm
Q4215,"Axolotl ambient, cryo 0.1 mg"
Q4216,Artacent cord per sq cm
Q4217,Woundfix biowound plus xplus
Q4218,Surgicord per sq cm
Q4219,Surgigraft dual per sq cm
Q4220,"Bellacell hd, surederm sq cm"
Q4221,Amniowrap2 per sq cm
Q4222,"Progenamatrix, per sq cm"
Q4224,Hhf10-p per sq cm
Q4225,"Amnio or derma tl, per sq cm"
Q4226,Myown harv prep proc sq cm
Q4227,Amniocore per sq cm
Q4228,"Bionextpatch, per sq cm"
Q4229,Cogenex amnio memb per sq cm
Q4230,Cogenex flow amnion 0.5 cc
Q4231,"Corplex p, per cc"
Q4232,"Corplex, per sq cm"
Q4233,Surfactor /nudyn per 0.5 cc
Q4234,"Xcellerate, per sq cm"
Q4235,Amniorepair or altiply sq cm
Q4236,Carepatch per sq cm
Q4237,"Cryo-cord, per sq cm"
Q4238,"Derm-maxx, per sq cm"
Q4239,Amnio-maxx or lite per sq cm
Q4240,Corecyte topical only 0.5 cc
Q4241,"Polycyte, topical only 0.5cc"
Q4242,"Amniocyte plus, per 0.5 cc"
Q4244,"Procenta, per 200 mg"
Q4245,"Amniotext, per cc"
Q4246,"Coretext or protext, per cc"
Q4247,"Amniotext patch, per sq cm"
Q4248,Dermacyte amn mem allo sq cm
Q4249,"Amniply, per sq cm"
Q4250,Amnioamp-mp per sq cm
Q4251,"Vim, per square centimeter"
Q4252,"Vendaje, per square centimet"
Q4253,Zenith amniotic membrane psc
Q4254,Novafix dl per sq cm
Q4255,"Reguard, topical use per sq"
Q4256,"Mlg complet, per sq cm"
Q4257,"Relese, per sq cm"
Q4258,"Enverse, per sq cm"
Q4259,Celera per sq cm
Q4260,"Signature apatch, per sq cm"
Q4261,"Tag, per square centimeter"
Q4262,"Dual layer impax, per sq cm"
Q4263,"Surgraft tl, per sq cm"
Q4264,"Cocoon membrane, per sq cm"
Q4265,Neostim tl per sq cm
Q4266,Neostim per sq cm
Q4267,Neostim dl per sq cm
Q4268,Surgraft ft per sq cm
Q4269,Surgraft xt per sq cm
Q4270,Complete sl per sq cm
Q4271,Complete ft per sq cm
Q4272,"Esano a, per sq cm"
Q4273,"Esano aaa, per sq cm"
Q4274,"Esano ac, per sq cm"
Q4275,"Esano aca, per sq cm"
Q4276,"Orion, per sq cm"
Q4277,"Woundplus e-grat, per sq cm"
Q4278,"Epieffect, per sq cm"
Q4279,"Vendaje ac, per sq cm"
Q4280,Xcell amnio matrix per sq cm
Q4281,Barrera slor dl per sq cm
Q4282,Cygnus dual per sq cm
Q4283,"Biovance tri or 3l, sq cm"
Q4284,"Dermabind sl, per sq cm"
Q4285,Nudyn dl or dl mesh pr sq cm
Q4286,"Nudyn sl or slw, per sq cm"
Q4287,"Dermabind dl, per sq cm"
Q4288,"Dermabind ch, per sq cm"
Q4289,"Revoshield+ amnio, per sq cm"
Q4290,Membrane wrap hydr per sq cm
Q4291,"Lamellas xt, per sq cm"
Q4292,"Lamellas, per sq cm"
Q4293,"Acesso dl, per sq cm"
Q4294,"Amnio quad-core, per sq cm"
Q4295,"Amnio tri-core, per sq cm"
Q4296,"Rebound matrix, per sq cm"
Q4297,"Emerge matrix, per sq cm"
Q4298,"Amniocore pro, per sq cm"
Q4299,"Amniocore pro+, per sq cm"
Q4300,"Acesso tl, per sq cm"
Q4301,"Activate matrix, per sq cm"
Q4302,"Complete aca, per sq cm"
Q4303,"Complete aa, per sq cm"
Q4304,"Grafix plus, per sq cm"
Q4305,Amer am ac tri-lay per sq cm
Q4306,Americ amnion ac per sq cm
Q4307,"American amnion, per sq cm"
Q4308,"Sanopellis, per sq cm"
Q4309,"Via matrix, per sq cm"
Q4310,"Procenta, per 100 mg"
Q4311,"Acesso, per sq cm"
Q4312,"Acesso ac, per sq cm"
Q4313,"Dermabind fm, per sq cm"
Q4314,"Reeva, per sq cm"
Q4315,Regenelink amniotic mem allo
Q4316,"Amchoplast, per sq cm"
Q4317,"Vitograft, per sq cm"
Q4318,"E-graft, per sq cm"
Q4319,"Sanograft, per sq cm"
Q4320,"Pellograft, per sq cm"
Q4321,"Renograft, per sq cm"
Q4322,"Caregraft, per sq cm"
Q4323,"Alloply, per sq cm"
Q4324,"Amniotx, per sq cm"
Q4325,"Acapatch, per sq cm"
Q4326,"Woundplus, per sq cm"
Q4327,"Duoamnion, per sq cm"
Q4328,"Most, per sq cm"
Q4329,"Singlay, per sq cm"
Q4330,"Total, per sq cm"
Q4331,"Axolotl graft, per sq cm"
Q4332,"Axolotl dualgraft, per sq cm"
Q4333,"Ardeograft, per sq cm"
Q4334,"Amnioplast 1, per sq cm"
Q4335,"Amnioplast 2, per sq cm"
Q4336,"Artecent c, per sq cm"
Q4337,"Artecent trident, per sq cm"
Q4338,"Artacent velos, per sq cm"
Q4339,"Artacent vericlen, per sq cm"
Q4340,"Simpligraft, per sq cm"
Q4341,"Simplimax, per sq cm"
Q4342,"Theramend, per sq cm"
Q4343,Dermacyte ac matrx per sq cm
Q4344,"Tri membrane wrap, per sq cm"
Q4345,Matrix hd allogrft per sq cm
Q4346,Shelter dm matrix per sq cm
Q4347,Rampart dl matrix per sq cm
Q4348,Sentry sl matrix per sq cm
Q4349,Mantle dl matrix per sq cm
Q4350,Palisade dm matrix per sq cm
Q4351,"Enclose tl matrix, per sq cm"
Q4352,"Overlay sl matrix, per sq cm"
Q4353,Xceed tl matrix per sq cm
Q4354,Palingen dl-palingen dl-x
Q4355,Abio xpl abio xpl hy p sq cm
Q4356,Abio mem abio hyd per sq cm
Q4357,"Xwrap plus, per sq cm"
Q4358,"Xwrap dual, per sq cm"
Q4359,"Choriply, per sq cm"
Q4360,Amchoplast fd per sq cm
Q4361,"Epixpress, per sq cm"
Q4362,"Cygnus disk, per sq cm"
Q4363,Am bur mem hydro per sq cm
Q4364,Am bur xp mem xpl hy p sq cm
Q4365,Amnio bur dl mem per sq cm
Q4366,Dl amnio bur x-mem per sq cm
Q4367,"Amniocore sl, per sq cm"
Q4368,Amchothick per sq cm
Q4369,Amnioplast 3 per sq cm
Q4370,Aeroguard per sq cm
Q4371,Neoguard per sq cm
Q4372,Amchoplast excl per sq cm
Q4373,Membrane wrp lt per sq cm
Q4375,Duograft ac per sq cm
Q4376,Duograft aa per sq cm
Q4377,Trigraft ft per sq cm
Q4378,Renew ft matrix per sq cm
Q4379,Amniodefend ft per sq cm
Q4380,Advograft one per sq cm
Q4382,Advograft dual per sq cm
Q4383,Axolotl graft ult per sq cm
Q4384,Axolotl dual ult per sq cm
Q4385,Apollo ft per sq cm
Q4386,Acesso trifaca per sq cm
Q4387,Neothelium ft per sq cm
Q4388,Neothelium 4l per sq cm
Q4389,Neothelium 4l+ per sq cm
Q4390,Ascendion per sq cm
Q4391,Amnioplast double per sq cm
Q4392,Grafix duo per sq cm
Q4393,Surgraft ac per sq cm
Q4394,Surgraft aca per sq cm
Q4395,Acelagraft per sq cm
Q4396,Natalin per sq cm
Q4397,Summit aaa per sq cm
Q4398,Summit ac per sq cm
Q4399,Summit fx per sq cm
Q4400,Polygon3 per sq cm
Q4401,Absolv3 per sq cm
Q4402,Xwrap 2.0 per sq cm
Q4403,Xwrap dual plus per sq cm
Q4404,Xwrap hydro plus per sq cm
Q4405,Xwrap fenestra plus sq cm
Q4406,Xwrap fenestra per sq cm
Q4407,Xwrap tribus per sq cm
Q4408,Xwrap hydro per sq cm
Q4409,Amniomatrixf3x per sq cm
Q4410,Amchomatrixdl per sq cm
Q4411,Amniomatrixf4x per sq cm
Q4412,Choriofix per sq cm
Q4413,Cygnus solo per sq cm
Q4414,Simplichor per sq cm
Q4415,Alexiguard st-l per sq cm
Q4416,Alexiguard tl-t per sq cm
Q4417,Alexiguard dl-t per sq cm
Q4418,Biolab wrap flow per sq cm
Q4419,Biolab wrap flw lt per sq cm
Q4420,Nuform per sq cm
Q4421,Biolab wrap solo per sq cm
Q4422,Ac wrap per sq cm
Q4423,Biolab tri wrap fl per sq cm
Q4424,Revive ft per sq cm
Q4425,Revive tl per sq cm
Q4426,"Dermbnd tl+, tlx per sq cm"
Q4427,Dermbnd dln dl+ dlx sq cm
Q4428,Dermbnd sln sl+ slx sq cm
Q4429,"Dermbnd chn, chx per sq cm"
Q4431,"Pma skin substitute product, not otherwise specified (list in addition to primary procedure)"
Q4432,"510(k) skin substitute product, not otherwise specified (list in addition to primary procedure)"
Q4433,"361 hct/p skin substitute product, not otherwise specified (list in addition to primary procedure)"
Q4435,Renati membrane per sq cm
Q4436,Renati ac membrane per sq cm
Q4437,Revival ac per sq cm
Q4438,Pretect per sq cm
Q4439,Instagraft per sq cm
Q4440,Curamatrix per sq cm
Q5001,Hospice or home hlth in home
Q5002,Hospice/home hlth in asst lv
Q5003,Hospice in lt/non-skilled nf
Q5004,Hospice in snf
Q5005,"Hospice, inpatient hospital"
Q5006,Hospice in hospice facility
Q5007,Hospice in ltch
Q5008,Hospice in inpatient psych
Q5009,Hospice or home health care provided in place not otherwise specified (nos)
Q5010,Hospice home care in hospice
Q5098,"Inj ustekinumab-srlf, 1 mg"
Q5099,"Inj ustekinumab-stba, 1 mg"
Q5100,"Inj ustekinumab-kfce, 1 mg"
Q5101,"Injection, zarxio"
Q5102,"Inj., infliximab biosimilar"
Q5103,"Injection, inflectra"
Q5104,"Injection, renflexis"
Q5105,Inj retacrit esrd on dialysi
Q5106,Inj retacrit non-esrd use
Q5107,Inj mvasi 10 mg
Q5108,"Injection, fulphila"
Q5109,"Injection, ixifi, 10 mg"
Q5110,Nivestym
Q5111,"Injection, udenyca 0.5 mg"
Q5112,Inj ontruzant 10 mg
Q5113,Inj herzuma 10 mg
Q5114,Inj ogivri 10 mg
Q5115,Inj truxima 10 mg
Q5116,"Inj., trazimera, 10 mg"
Q5117,"Inj., kanjinti, 10 mg"
Q5118,"Inj., zirabev, 10 mg"
Q5119,"Inj ruxience, 10 mg"
Q5120,Inj pegfilgrastim-bmez 0.5mg
Q5121,"Inj. avsola, 10 mg"
Q5122,"Inj, nyvepria"
Q5123,"Inj. riabni, 10 mg"
Q5124,"Inj. byooviz, 0.1 mg"
Q5125,"Inj, releuko 1 mcg"
Q5126,Inj alymsys 10 mg
Q5127,"Inj, stimufend, 0.5 mg"
Q5128,"Inj, cimerli, 0.1 mg"
Q5129,"Inj, vegzelma, 10 mg"
Q5130,"Inj, fylnetra, 0.5 mg"
Q5131,"Inj, idacio, 20 mg"
Q5132,"Inj, abrilada, 10 mg"
Q5133,"Inj, tofidence, 1 mg"
Q5134,"Inj, tyruko, 1 mg"
Q5135,"Inj, tyenne, 1 mg"
Q5136,"Inj. denosumab-bbdz, 1 mg"
Q5137,"Inj, wezlana, sub cu, 1 mg"
Q5138,"Inj, wezlana, iv, 1 mg"
Q5139,"Inj, eculizumab-aeeb, 10 mg"
Q5140,"Inj adalimumab-fkjp, 1 mg"
Q5141,"Inj adalimumab-aaty, 1 mg"
Q5142,"Inj adalimumab-ryvk, 1 mg"
Q5143,"Inj adalimumab-adbm, 1 mg"
Q5144,"Inj, idacio, 1 mg"
Q5145,"Inj, abrilada, 1 mg"
Q5146,"Inj, hercessi, 10 mg"
Q5147,"Inj, aflibercept-ayyh, 1 mg"
Q5148,"Inj, nyposi 1 mcg"
Q5149,"Inj, aflibercept-abzv, 1 mg"
Q5150,"Inj, aflibercept-mrbb, 1 mg"
Q5151,"Inj, eculizumab-aagh, 2 mg"
Q5152,"Inj, eculizumab-aeeb, 2 mg"
Q5153,"Inj, aflibercept-yszy, 1 mg"
Q5154,"Inj, omlyclo, 5 mg"
Q5155,"Inj, aflibercept-jbvf, 1 mg"
Q5156,"Inj, tocilizumab-anoh, 1 mg"
Q5157,"Inj, denosumab-bmwo, 1 mg"
Q5158,"Inj, denosumab-bnht, 1 mg"
Q5159,"Inj, denosumab-dssb, 1 mg"
Q5160,"Inj, jobevne, 10 mg"
Q5161,"Inj, denosumab-kyqq, 1 mg"
Q5162,"Inj, denosumab-nxxp, 1 mg"
Q5164,"Ustekinumab-hmny, 1 mg"
Q5165,"Inj, denosumab-mobz, 1 mg"
Q5166,"Inj, denosumab-desu, 1 mg"
Q5167,"Inj, denosumab-qbde, 1 mg"
Q5168,"Inj. nufymco, 0.1 mg"
Q5169,"Inj, armlupeg, 0.5 mg"
Q5170,"Inj, aflibercept-boav, 1 mg"
Q5171,"Inj, den (boncres), bio, 1mg"
Q9001,Chaplain assessment
Q9002,Chaplain counsel individu
Q9003,Chaplain counsel group
Q9004,Va whole health partner serv
Q9950,Inj sulf hexa lipid microsph
Q9951,"Locm >= 400 mg/ml iodine,1ml"
Q9953,"Inj fe-based mr contrast,1ml"
Q9954,"Oral mr contrast, 100 ml"
Q9955,"Inj perflexane lip micros,ml"
Q9956,"Inj octafluoropropane mic,ml"
Q9957,"Inj perflutren lip micros,ml"
Q9958,"Hocm <=149 mg/ml iodine, 1ml"
Q9959,"Hocm 150-199mg/ml iodine,1ml"
Q9960,"Hocm 200-249mg/ml iodine,1ml"
Q9961,"Hocm 250-299mg/ml iodine,1ml"
Q9962,"Hocm 300-349mg/ml iodine,1ml"
Q9963,"Hocm 350-399mg/ml iodine,1ml"
Q9964,"Hocm>= 400mg/ml iodine, 1ml"
Q9965,"Locm 100-199mg/ml iodine,1ml"
Q9966,"Locm 200-299mg/ml iodine,1ml"
Q9967,"Locm 300-399mg/ml iodine,1ml"
Q9968,Visualization adjunct
Q9969,Non-heu tc-99m add-on/dose
Q9970,Inj ferric carboxymaltos 1mg
Q9972,Epoetin beta esrd use
Q9973,Epoetin beta non esrd
Q9974,Morphine epidural/intratheca
Q9975,Factor viii fc fusion recomb
Q9976,Inj ferric pyrophosphate cit
Q9977,"Compounded drug, not otherwise classified"
Q9978,Netupitant palonosetron oral
Q9979,"Injection, alemtuzumab"
Q9980,"Genvisc, inj, 1mg"
Q9981,"Rolapitant, oral, 1mg"
Q9982,Flutemetamol f18 diagnostic
Q9983,Florbetaben f18 diagnostic
Q9984,"Kyleena, 19.5 mg"
Q9985,"Injection, hydroxyprogesterone caproate, not otherwise specified, 10 mg"
Q9986,"Makena, 10 mg"
Q9987,Pathogen test for platelets
Q9988,"Platelets, pathogen reduced"
Q9989,"Ustekinumab, iv inject,1 mg"
Q9991,Buprenorph xr 100 mg or less
Q9992,Buprenorphine xr over 100 mg
Q9993,"Inj., triamcinolone ext rel"
Q9994,Enzyme cartridge enteral nut
Q9995,"Inj., emicizumab-kxwh 0.5 mg"
Q9996,Ustekinumab- ttwe sub cu inj
Q9997,Ustekinumab-ttwe iv inj 1 mg
Q9998,"Inj ustekinumab-aekn, 1 mg"
Q9999,Inj ustekinumab-aauz 1 mg
R0070,Transport portable x-ray
R0075,Transport port x-ray multipl
R0076,Transport portable ekg
S0012,"Butorphanol tartrate, nasal"
S0013,"Esketamine, nasal spray"
S0014,"Tacrine hydrochloride, 10 mg"
S0017,"Injection, aminocaproic acid"
S0020,"Injection, bupivicaine hydro"
S0021,"Injection, cefoperazone sod"
S0023,"Injection, cimetidine hydroc"
S0028,"Injection, famotidine, 20 mg"
S0030,"Injection, metronidazole"
S0032,"Injection, nafcillin sodium"
S0034,"Injection, ofloxacin, 400 mg"
S0039,"Injection, sulfamethoxazole"
S0040,"Injection, ticarcillin disod"
S0073,"Injection, aztreonam, 500 mg"
S0074,"Injection, cefotetan disodiu"
S0077,"Injection, clindamycin phosp"
S0078,"Injection, fosphenytoin sodi"
S0080,"Injection, pentamidine iseth"
S0081,"Injection, piperacillin sodi"
S0088,Imatinib 100 mg
S0090,"Sildenafil citrate, 25 mg"
S0091,Granisetron 1mg
S0092,Hydromorphone 250 mg
S0093,Morphine 500 mg
S0104,"Zidovudine, oral, 100 mg"
S0106,Bupropion hcl sr 60 tablets
S0108,Mercaptopurine 50 mg
S0109,Methadone oral 5mg
S0117,Tretinoin topical 5 g
S0119,Ondansetron 4 mg
S0122,Inj menotropins 75 iu
S0126,Inj follitropin alfa 75 iu
S0128,Inj follitropin beta 75 iu
S0132,Inj ganirelix acetat 250 mcg
S0136,"Clozapine, 25 mg"
S0137,"Didanosine, 25 mg"
S0138,"Finasteride, 5 mg"
S0139,"Minoxidil, 10 mg"
S0140,"Saquinavir, 200 mg"
S0142,Colistimethate inh sol mg
S0144,"Inj, propofol, 10 mg"
S0145,Peg interferon alfa-2a/180
S0148,Peg interferon alfa-2b/10
S0155,Epoprostenol dilutant
S0156,"Exemestane, 25 mg"
S0157,"Becaplermin gel 1%, 0.5 gm"
S0160,Dextroamphetamine
S0164,Injection pantroprazole
S0166,Inj olanzapine 2.5mg
S0169,Calcitrol
S0170,Anastrozole 1 mg
S0171,Bumetanide 0.5 mg
S0172,Chlorambucil 2 mg
S0174,Dolasetron 50 mg
S0175,Flutamide 125 mg
S0176,Hydroxyurea 500 mg
S0177,Levamisole 50 mg
S0178,Lomustine 10 mg
S0179,Megestrol 20 mg
S0182,"Procarbazine, oral"
S0183,Prochlorperazine 5 mg
S0187,Tamoxifen 10 mg
S0189,Testosterone pellet 75 mg
S0190,"Mifepristone, oral, 200 mg"
S0191,"Misoprostol, oral, 200 mcg"
S0194,Vitamin suppl 100 caps
S0195,Pneumo vaccine 5-9 yrs
S0197,Prenatal vitamins 30 day
S0199,Med abortion inc all ex drug
S0201,Partial hospitalization serv
S0207,Paramedicintercep nonhospals
S0208,Paramed intrcept nonvol
S0209,Wc van mileage per mi
S0215,Nonemerg transp mileage
S0220,Medical conference by physic
S0221,"Medical conference, 60 min"
S0250,Comp geriatr assmt team
S0255,Hospice refer visit nonmd
S0257,End of life counseling
S0260,H&p for surgery
S0265,Genetic counsel 15 mins
S0270,Home std case rate 30 days
S0271,Home hospice case 30 days
S0272,Home episodic case 30 days
S0273,Md home visit outside cap
S0274,Nurse practr visit outs cap
S0280,"Medical home, initial plan"
S0281,"Medical home, maintenance"
S0285,Cnslt before screen colonosc
S0302,Completed epsdt
S0310,Hospitalist visit
S0311,Comp mgmt care coord adv ill
S0315,Disease management program
S0316,Follow-up/reassessment
S0317,Disease mgmt per diem
S0320,Rn telephone calls to dmp
S0340,Lifestyle mod 1st stage
S0341,Lifestyle mod 2 or 3 stage
S0342,Lifestyle mod 4th stage
S0353,Cancer treatmentplan initial
S0354,Cancer treatment plan change
S0390,Rout foot care per visit
S0395,Impression casting ft
S0400,Global eswl kidney
S0500,Dispos cont lens
S0504,Singl prscrp lens
S0506,Bifoc prscp lens
S0508,Trifoc prscrp lens
S0510,Non-prscrp lens
S0512,Daily cont lens
S0514,Color cont lens
S0515,Scleral lens liquid bandage
S0516,Safety frames
S0518,Sunglass frames
S0580,Polycarb lens
S0581,Nonstnd lens
S0590,"Integral lens service, miscellaneous services reported separately"
S0592,Comp cont lens eval
S0595,New lenses in pts old frame
S0596,Phakic iol refractive error
S0601,Screening proctoscopy
S0610,Annual gynecological examina
S0612,Annual gynecological examina
S0613,Ann breast exam
S0618,Audiometry for hearing aid
S0620,Routine ophthalmological exa
S0621,Routine ophthalmological exa
S0622,Phys exam for college
S0630,Removal of sutures
S0800,Laser in situ keratomileusis
S0810,Photorefractive keratectomy
S0812,Phototherap keratect
S1001,Deluxe item
S1002,Custom item
S1015,Iv tubing extension set
S1016,Non-pvc intravenous administ
S1030,Gluc monitor purchase
S1031,Gluc monitor rental
S1034,Art pancreas system
S1035,Art pancreas inv disp sensor
S1036,Art pancreas ext transmitter
S1037,Art pancreas ext receiver
S1040,Cranial remolding orthosis
S1090,Mometasone sinus implant
S1091,Stent non-coronary propel
S2053,Transplantation of small int
S2054,Transplantation of multivisc
S2055,Harvesting of donor multivis
S2060,Lobar lung transplantation
S2061,Donor lobectomy (lung)
S2065,Simult panc kidn trans
S2066,Breast gap flap reconst
S2067,"Breast ""stacked"" diep/gap"
S2068,Breast diep or siea flap
S2070,Cysto laser tx ureteral calc
S2079,Lap esophagomyotomy
S2080,Laup
S2083,Adjustment gastric band
S2095,Transcath emboliz microspher
S2102,Islet cell tissue transplant
S2103,Adrenal tissue transplant
S2107,Adoptive immunotherapy
S2112,Knee arthroscp harv
S2115,Periacetabular osteotomy
S2117,"Arthroereisis, subtalar"
S2118,Total hip resurfacing
S2120,Low density lipoprotein(ldl)
S2140,Cord blood harvesting
S2142,Cord blood-derived stem-cell
S2150,Bmt harv/transpl 28d pkg
S2152,Solid organ transpl pkg
S2202,Echosclerotherapy
S2205,Minimally invasive direct co
S2206,Minimally invasive direct co
S2207,Minimally invasive direct co
S2208,Minimally invasive direct co
S2209,Minimally invasive direct co
S2225,Myringotomy laser-assist
S2230,Implant semi-imp hear
S2235,Implant auditory brain imp
S2260,Induced abortion 17-24 weeks
S2265,Induced abortion 25-28 wks
S2266,Induced abortion 29-31 wks
S2267,Induced abortion 32 or more
S2300,"Arthroscopy, shoulder, surgi"
S2325,Hip core decompression
S2340,Chemodenervation of abductor
S2341,Chemodenerv adduct vocal
S2342,Nasal endoscop po debrid
S2348,Decompress disc rf lumbar
S2350,"Diskectomy, anterior, with d"
S2351,"Diskectomy, anterior, with d"
S2360,Vertebroplast cerv 1st
S2361,Vertebroplast cerv addl
S2400,Fetal surg congen hernia
S2401,Fetal surg urin trac obstr
S2402,Fetal surg cong cyst malf
S2403,Fetal surg pulmon sequest
S2404,Fetal surg myelomeningo
S2405,Fetal surg sacrococ teratoma
S2409,"Repair, congenital malformation of fetus, procedure performed in utero, not otherwise classified"
S2411,Fetoscop laser ther ttts
S2900,Robotic surgical system
S3000,Bilat dil retinal exam
S3005,Eval self-assess depression
S3600,Stat lab
S3601,Stat lab home/nf
S3620,Newborn metabolic screening
S3630,Eosinophil blood count
S3645,Hiv-1 antibody testing of or
S3650,"Saliva test, hormone level;"
S3652,"Saliva test, hormone level;"
S3655,Antisperm antibodies test
S3708,Gastrointestinal fat absorpt
S3721,Pca3 testing
S3722,Dose optimization auc - 5fu
S3800,Genetic testing als
S3840,Dna analysis ret-oncogene
S3841,Gene test retinoblastoma
S3842,Gene test hippel-lindau
S3844,Dna analysis deafness
S3845,Gene test alpha-thalassemia
S3846,Gene test beta-thalassemia
S3849,Gene test niemann-pick
S3850,Gene test sickle cell
S3852,Dna analysis apoe alzheimer
S3853,Gene test myo musclr dyst
S3854,Gene profile panel breast
S3855,Gene test presenilin-1 gene
S3861,Genetic test brugada
S3865,Comp genet test hyp cardiomy
S3866,Spec gene test hyp cardiomy
S3870,Cgh test developmental delay
S3890,Fecal dna analysis
S3900,Surface emg
S3902,Ballistocardiogram
S3904,Masters two step
S4005,Interim labor facility globa
S4011,Ivf package
S4013,Compl gift case rate
S4014,Compl zift case rate
S4015,"Complete in vitro fertilization cycle, not otherwise specified, case rate"
S4016,Frozen ivf case rate
S4017,Ivf canc a stim case rate
S4018,F emb trns canc case rate
S4020,Ivf canc b4 aspir case rate
S4021,Ivf canc aftr aspr case rate
S4022,Asst oocyte fert case rate
S4023,Incompl donor egg case rate
S4024,Air polymer foam per study
S4025,Donor serv ivf case rate
S4026,Procure donor sperm
S4027,Store prev froz embryos
S4028,Microsurg epi sperm asp
S4030,Sperm procure init visit
S4031,Sperm procure subs visit
S4035,Stimulated iui case rate
S4037,Cryo embryo transf case rate
S4040,Monit store cryo embryo 30 d
S4042,Ovulation mgmt per cycle
S4981,Insert levonorgestrel ius
S4988,Penile contractur devic manu
S4989,Contracept iud
S4990,Nicotine patch legend
S4991,Nicotine patch nonlegend
S4993,Contraceptive pills for bc
S4995,Smoking cessation gum
S5000,"Prescription drug, generic"
S5001,"Prescription drug,brand name"
S5010,5% dextrose and 0.45% saline
S5011,5% dextrose in lactated ring
S5012,5% dextrose with potassium
S5013,5%dextrose/0.45%saline1000ml
S5014,D5w/0.45ns w kcl and mgs04
S5035,Hit routine device maint
S5036,Hit device repair
S5100,Adult daycare services 15min
S5101,Adult day care per half day
S5102,Adult day care per diem
S5105,Centerbased day care perdiem
S5108,Homecare train pt 15 min
S5109,Homecare train pt session
S5110,Family homecare training 15m
S5111,Family homecare train/sessio
S5115,Nonfamily homecare train/15m
S5116,Nonfamily hc train/session
S5120,Chore services per 15 min
S5121,Chore services per diem
S5125,Attendant care service /15m
S5126,Attendant care service /diem
S5130,"Homemaker service, nos; per 15 minutes"
S5131,"Homemaker service, nos; per diem"
S5135,Adult companioncare per 15m
S5136,Adult companioncare per diem
S5140,Adult foster care per diem
S5141,Adult foster care per month
S5145,Child fostercare th per diem
S5146,Ther fostercare child /month
S5150,"Unskilled respite care, not hospice; per 15 minutes"
S5151,"Unskilled respite care, not hospice; per diem"
S5160,Emer response sys instal&tst
S5161,Emer rspns sys serv permonth
S5162,Emer rspns system purchase
S5165,Home modifications per serv
S5170,Homedelivered prepared meal
S5175,"Laundry serv,ext,prof,/order"
S5180,Hh respiratory thrpy in eval
S5181,"Home health respiratory therapy, nos, per diem"
S5185,Med reminder serv per month
S5190,Wellness assessment by nonph
S5199,"Personal care item, nos, each"
S5497,"Home infusion therapy, catheter care / maintenance, not otherwise classified; includes administrative services, professional pharmacy services, care coordination, and all necessary supplies and equipment (drugs and nursing visits coded separately), per diem"
S5498,Hit simple cath care
S5501,Hit complex cath care
S5502,Hit interim cath care
S5517,Hit declotting kit
S5518,Hit cath repair kit
S5520,Hit picc insert kit
S5521,Hit midline cath insert kit
S5522,Hit picc insert no supp
S5523,Hip midline cath insert kit
S5550,Insulin rapid 5 u
S5551,Insulin most rapid 5 u
S5552,Insulin intermed 5 u
S5553,Insulin long acting 5 u
S5560,Insulin reuse pen 1.5 ml
S5561,Insulin reuse pen 3 ml
S5565,Insulin cartridge 150 u
S5566,Insulin cartridge 300 u
S5570,Insulin dispos pen 1.5 ml
S5571,Insulin dispos pen 3 ml
S8030,Tantalum ring application
S8032,Low dose ct lung screening
S8035,Magnetic source imaging
S8037,Mrcp
S8040,Topographic brain mapping
S8042,Mri low field
S8055,Us guidance fetal reduct
S8080,Scintimammography
S8085,Fluorine-18 fluorodeoxygluco
S8092,Electron beam computed tomog
S8096,Portable peak flow meter
S8097,Asthma kit
S8100,Spacer without mask
S8101,Spacer with mask
S8110,Peak expiratory flow rate (p
S8120,O2 contents gas cubic ft
S8121,O2 contents liquid lb
S8130,Interferential stim 2 chan
S8131,Interferential stim 4 chan
S8185,Flutter device
S8186,Swivel adaptor
S8189,"Tracheostomy supply, not otherwise classified"
S8210,Mucus trap
S8262,Mandib ortho repos device
S8265,Haberman feeder
S8270,Enuresis alarm
S8301,"Infection control supplies, not otherwise specified"
S8415,Supplies for home delivery
S8420,Custom gradient sleev/glov
S8421,Ready gradient sleev/glov
S8422,Custom grad sleeve med
S8423,Custom grad sleeve heavy
S8424,Ready gradient sleeve
S8425,Custom grad glove med
S8426,Custom grad glove heavy
S8427,Ready gradient glove
S8428,Ready gradient gauntlet
S8429,Gradient pressure wrap
S8430,Padding for comprssn bdg
S8431,Compression bandage
S8450,Splint digit
S8451,Splint wrist or ankle
S8452,Splint elbow
S8460,Camisole post-mast
S8490,100 insulin syringes
S8930,Auricular electrostimulation
S8940,Hippotherapy per session
S8948,Low-level laser trmt 15 min
S8950,"Complex lymphedema therapy,"
S8990,Pt or manip for maint
S8999,Resuscitation bag
S9001,Home uterine monitor with or
S9002,Intra-vag motion sens biofk
S9007,Ultrafiltration monitor
S9015,Automated eeg monitoring
S9024,Paranasal sinus ultrasound
S9025,Omnicardiogram/cardiointegra
S9034,Eswl for gallstones
S9055,Procuren or other growth fac
S9056,Coma stimulation per diem
S9061,Medical supplies and equipme
S9083,Urgent care center global
S9088,Services provided in urgent
S9090,Vertebral axial decompressio
S9097,Home visit wound care
S9098,Home phototherapy visit
S9110,Telemonitoring/home per mnth
S9117,Back school visit
S9122,Home health aide or certifie
S9123,Nursing care in home rn
S9124,"Nursing care, in the home; b"
S9125,"Respite care, in the home, p"
S9126,"Hospice care, in the home, p"
S9127,"Social work visit, in the ho"
S9128,"Speech therapy, in the home,"
S9129,"Occupational therapy, in the"
S9131,Pt in the home per diem
S9140,"Diabetic management program,"
S9141,"Diabetic management program,"
S9145,Insulin pump initiation
S9150,Evaluation by ocularist
S9152,"Speech therapy, re-eval"
S9208,Home mgmt preterm labor
S9209,Home mgmt pprom
S9211,Home mgmt gest hypertension
S9212,Hm postpar hyper per diem
S9213,Hm preeclamp per diem
S9214,Hm gest dm per diem
S9325,Hit pain mgmt per diem
S9326,Hit cont pain per diem
S9327,Hit int pain per diem
S9328,Hit pain imp pump diem
S9329,Hit chemo per diem
S9330,Hit cont chem diem
S9331,Hit intermit chemo diem
S9335,Ht hemodialysis diem
S9336,Hit cont anticoag diem
S9338,Hit immunotherapy diem
S9339,Hit periton dialysis diem
S9340,Hit enteral per diem
S9341,Hit enteral grav diem
S9342,Hit enteral pump diem
S9343,Hit enteral bolus nurs
S9345,Hit anti-hemophil diem
S9346,Hit alpha-1-proteinas diem
S9347,Hit longterm infusion diem
S9348,Hit sympathomim diem
S9349,Hit tocolysis diem
S9351,Hit cont antiemetic diem
S9353,Hit cont insulin diem
S9355,Hit chelation diem
S9357,Hit enzyme replace diem
S9359,Hit anti-tnf per diem
S9361,Hit diuretic infus diem
S9363,Hit anti-spasmotic diem
S9364,Hit tpn total diem
S9365,Hit tpn 1 liter diem
S9366,Hit tpn 2 liter diem
S9367,Hit tpn 3 liter diem
S9368,Hit tpn over 3l diem
S9370,Ht inj antiemetic diem
S9372,Ht inj anticoag diem
S9373,Hit hydra total diem
S9374,Hit hydra 1 liter diem
S9375,Hit hydra 2 liter diem
S9376,Hit hydra 3 liter diem
S9377,Hit hydra over 3l diem
S9379,"Home infusion therapy, infusion therapy, not otherwise classified; administrative services, professional pharmacy services, care coordination, and all necessary supplies and equipment (drugs and nursing visits coded separately), per diem"
S9381,Hit high risk/escort
S9401,Anticoag clinic per session
S9430,Pharmacy comp/disp serv
S9432,Med food non inborn err meta
S9433,Medical food oral 100% nutr
S9434,Mod solid food suppl
S9435,Medical foods for inborn err
S9436,Lamaze class
S9437,Childbirth refresher class
S9438,Cesarean birth class
S9439,Vbac class
S9441,Asthma education
S9442,Birthing class
S9443,Lactation class
S9444,Parenting class
S9445,"Patient education, not otherwise classified, non-physician provider, individual, per session"
S9446,"Patient education, not otherwise classified, non-physician provider, group, per session"
S9447,Infant safety class
S9449,Weight mgmt class
S9451,Exercise class
S9452,Nutrition class
S9453,Smoking cessation class
S9454,Stress mgmt class
S9455,"Diabetic management program,"
S9460,"Diabetic management program,"
S9465,"Diabetic management program,"
S9470,"Nutritional counseling, diet"
S9472,Cardiac rehabilitation progr
S9473,Pulmonary rehabilitation pro
S9474,Enterostomal therapy by a re
S9475,Ambulatory setting substance
S9476,Vestibular rehab per diem
S9480,Intensive outpatient psychia
S9482,Family stabilization 15 min
S9484,Crisis intervention per hour
S9485,Crisis intervention mental h
S9490,Hit corticosteroid/diem
S9494,Hit antibiotic total diem
S9497,Hit antibiotic q3h diem
S9500,Hit antibiotic q24h diem
S9501,Hit antibiotic q12h diem
S9502,Hit antibiotic q8h diem
S9503,Hit antibiotic q6h diem
S9504,Hit antibiotic q4h diem
S9529,Venipuncture home/snf
S9537,Ht hem horm inj diem
S9538,Hit blood products diem
S9542,"Home injectable therapy, not otherwise classified, including administrative services, professional pharmacy services, care coordination, and all necessary supplies and equipment (drugs and nursing visits coded separately), per diem"
S9558,Ht inj growth horm diem
S9559,Hit inj interferon diem
S9560,Ht inj hormone diem
S9562,Ht inj palivizumab/ab diem
S9563,Ht inj immuno diem
S9590,Ht irrigation diem
S9810,"Home therapy; professional pharmacy services for provision of infusion, specialty drug administration, and/or disease state management, not otherwise classified, per hour (do not use this code with any per diem code)"
S9900,Christian sci pract visit
S9901,Christian sci nurse visit
S9960,Air ambulanc nonemerg fixed
S9961,Air ambulan nonemerg rotary
S9970,Health club membership yr
S9975,Transplant related per diem
S9976,"Lodging, per diem, not otherwise classified"
S9977,"Meals, per diem, not otherwise specified"
S9981,Med record copy admin
S9982,Med record copy per page
S9986,Not medically necessary service (patient is aware that service not medically necessary)
S9988,Serv part of phase i trial
S9989,Services outside us
S9990,Services provided as part of
S9991,Services provided as part of
S9992,Transportation costs to and
S9994,Lodging costs (e.g. hotel ch
S9996,Meals for clinical trial par
S9999,Sales tax
T1000,Private duty/independent nsg
T1001,Nursing assessment/evaluatn
T1002,Rn services up to 15 minutes
T1003,Lpn/lvn services up to 15min
T1004,Nsg aide service up to 15min
T1005,Respite care service 15 min
T1006,Family/couple counseling
T1007,Treatment plan development
T1009,Child sitting services
T1010,Meals when receive services
T1012,Alcohol/substance abuse skil
T1013,Sign lang/oral interpreter
T1014,"Telehealth transmit, per min"
T1015,Clinic service
T1016,Case management
T1017,Targeted case management
T1018,School-based iep ser bundled
T1019,Personal care ser per 15 min
T1020,Personal care ser per diem
T1021,Hh aide or cn aide per visit
T1022,Contracted services per day
T1023,Program intake assessment
T1024,Team evaluation & management
T1025,"Ped compr care pkg, per diem"
T1026,"Ped compr care pkg, per hour"
T1027,Family training & counseling
T1028,Home environment assessment
T1029,Dwelling lead investigation
T1030,Rn home care per diem
T1031,Lpn home care per diem
T1032,Sv doula brth wrk per 15 min
T1033,Sv doula brth wrk per diem
T1040,Comm bh clinic svc per diem
T1041,Comm bh clinic svc per month
T1502,Medication admin visit
T1503,"Med admin, not oral/inject"
T1505,"Electronic medication compliance management device, includes all components and accessories, not otherwise classified"
T1999,"Miscellaneous therapeutic items and supplies, retail purchases, not otherwise classified; identify product in ""remarks"""
T2001,N-et; patient attend/escort
T2002,N-et; per diem
T2003,N-et; encounter/trip
T2004,N-et; commerc carrier pass
T2005,N-et; stretcher van
T2007,Non-emer transport wait time
T2010,Pasrr level i
T2011,Pasrr level ii
T2012,"Habil ed waiver, per diem"
T2013,Habil ed waiver per hour
T2014,"Habil prevoc waiver, per d"
T2015,Habil prevoc waiver per hr
T2016,Habil res waiver per diem
T2017,Habil res waiver 15 min
T2018,Habil sup empl waiver/diem
T2019,Habil sup empl waiver 15min
T2020,Day habil waiver per diem
T2021,Day habil waiver per 15 min
T2022,"Case management, per month"
T2023,Targeted case mgmt per month
T2024,Serv asmnt/care plan waiver
T2025,Waiver services; not otherwise specified (nos)
T2026,Special childcare waiver/d
T2027,Spec childcare waiver 15 min
T2028,"Specialized supply, not otherwise specified, waiver"
T2029,"Specialized medical equipment, not otherwise specified, waiver"
T2030,Assist living waiver/month
T2031,Assist living waiver/diem
T2032,"Residential care, not otherwise specified (nos), waiver; per month"
T2033,"Residential care, not otherwise specified (nos), waiver; per diem"
T2034,Crisis interven waiver/diem
T2035,Utility services waiver
T2036,Camp overnite waiver/session
T2037,Camp day waiver/session
T2038,Comm trans waiver/service
T2039,Vehicle mod waiver/service
T2040,Financial mgt waiver/15min
T2041,Support broker waiver/15 min
T2042,Hospice routine home care
T2043,Hospice continuous home care
T2044,Hospice respite care
T2045,Hospice general care
T2046,"Hospice long term care, r&b"
T2047,Hab prevo waiver per 15
T2048,"Bh ltc res r&b, per diem"
T2049,"N-et; stretcher van, mileage"
T2050,Financial mgt waiver/diem
T2051,Support broker waiver/diem
T2101,Breast milk proc/store/dist
T4521,Adult size brief/diaper sm
T4522,Adult size brief/diaper med
T4523,Adult size brief/diaper lg
T4524,Adult size brief/diaper xl
T4525,Adult size pull-on sm
T4526,Adult size pull-on med
T4527,Adult size pull-on lg
T4528,Adult size pull-on xl
T4529,Ped size brief/diaper sm/med
T4530,Ped size brief/diaper lg
T4531,Ped size pull-on sm/med
T4532,Ped size pull-on lg
T4533,Youth size brief/diaper
T4534,Youth size pull-on
T4535,Disposable liner/shield/pad
T4536,Reusable pull-on any size
T4537,Reusable underpad bed size
T4538,Diaper serv reusable diaper
T4539,Reuse diaper/brief any size
T4540,Reusable underpad chair size
T4541,Large disposable underpad
T4542,Small disposable underpad
T4543,Adult disp brief/diap abv xl
T4544,Adlt disp und/pull on abv xl
T4545,Incon disposable penile wrap
T5001,Position seat spec orth need
T5999,"Supply, not otherwise specified"
U0001,2019-ncov diagnostic p
U0002,Covid-19 lab test non-cdc
U0003,Cov-19 amp prb hgh thruput
U0004,Cov-19 test non-cdc hgh thru
U0005,Infec agen detec ampli probe
V2020,Vision svcs frames purchases
V2025,Eyeglasses delux frames
V2100,Lens spher single plano 4.00
V2101,Single visn sphere 4.12-7.00
V2102,Singl visn sphere 7.12-20.00
V2103,Spherocylindr 4.00d/12-2.00d
V2104,Spherocylindr 4.00d/2.12-4d
V2105,Spherocylinder 4.00d/4.25-6d
V2106,Spherocylinder 4.00d/>6.00d
V2107,Spherocylinder 4.25d/12-2d
V2108,Spherocylinder 4.25d/2.12-4d
V2109,Spherocylinder 4.25d/4.25-6d
V2110,Spherocylinder 4.25d/over 6d
V2111,Spherocylindr 7.25d/.25-2.25
V2112,Spherocylindr 7.25d/2.25-4d
V2113,Spherocylindr 7.25d/4.25-6d
V2114,Spherocylinder over 12.00d
V2115,Lens lenticular bifocal
V2118,Lens aniseikonic single
V2121,"Lenticular lens, single"
V2199,"Not otherwise classified, single vision lens"
V2200,Lens spher bifoc plano 4.00d
V2201,Lens sphere bifocal 4.12-7.0
V2202,Lens sphere bifocal 7.12-20.
V2203,Lens sphcyl bifocal 4.00d/.1
V2204,Lens sphcy bifocal 4.00d/2.1
V2205,Lens sphcy bifocal 4.00d/4.2
V2206,Lens sphcy bifocal 4.00d/ove
V2207,Lens sphcy bifocal 4.25-7d/.
V2208,Lens sphcy bifocal 4.25-7/2.
V2209,Lens sphcy bifocal 4.25-7/4.
V2210,Lens sphcy bifocal 4.25-7/ov
V2211,Lens sphcy bifo 7.25-12/.25-
V2212,Lens sphcyl bifo 7.25-12/2.2
V2213,Lens sphcyl bifo 7.25-12/4.2
V2214,Lens sphcyl bifocal over 12.
V2215,Lens lenticular bifocal
V2218,Lens aniseikonic bifocal
V2219,Lens bifocal seg width over
V2220,Lens bifocal add over 3.25d
V2221,"Lenticular lens, bifocal"
V2299,Lens bifocal speciality
V2300,Lens sphere trifocal 4.00d
V2301,Lens sphere trifocal 4.12-7.
V2302,Lens sphere trifocal 7.12-20
V2303,Lens sphcy trifocal 4.0/.12-
V2304,Lens sphcy trifocal 4.0/2.25
V2305,Lens sphcy trifocal 4.0/4.25
V2306,Lens sphcyl trifocal 4.00/>6
V2307,Lens sphcy trifocal 4.25-7/.
V2308,Lens sphc trifocal 4.25-7/2.
V2309,Lens sphc trifocal 4.25-7/4.
V2310,Lens sphc trifocal 4.25-7/>6
V2311,Lens sphc trifo 7.25-12/.25-
V2312,Lens sphc trifo 7.25-12/2.25
V2313,Lens sphc trifo 7.25-12/4.25
V2314,Lens sphcyl trifocal over 12
V2315,Lens lenticular trifocal
V2318,Lens aniseikonic trifocal
V2319,Lens trifocal seg width > 28
V2320,Lens trifocal add over 3.25d
V2321,"Lenticular lens, trifocal"
V2399,Lens trifocal speciality
V2410,Lens variab asphericity sing
V2430,Lens variable asphericity bi
V2499,Variable asphericity lens
V2500,Contact lens pmma spherical
V2501,Cntct lens pmma-toric/prism
V2502,Contact lens pmma bifocal
V2503,Cntct lens pmma color vision
V2510,Cntct gas permeable sphericl
V2511,Cntct toric prism ballast
V2512,Cntct lens gas permbl bifocl
V2513,Contact lens extended wear
V2520,Contact lens hydrophilic
V2521,Cntct lens hydrophilic toric
V2522,Cntct lens hydrophil bifocl
V2523,Cntct lens hydrophil extend
V2524,Cntct lens hydrophil photoch
V2525,"Cl, hydrophilic, dual focus"
V2526,Cntct lens blue violet
V2530,Contact lens gas impermeable
V2531,Contact lens gas permeable
V2599,Contact lens/es other type
V2600,Hand held low vision aids
V2610,Single lens spectacle mount
V2615,Telescop/othr compound lens
V2623,Plastic eye prosth custom
V2624,Polishing artifical eye
V2625,Enlargemnt of eye prosthesis
V2626,Reduction of eye prosthesis
V2627,Scleral cover shell
V2628,Fabrication & fitting
V2629,Prosthetic eye other type
V2630,Anter chamber intraocul lens
V2631,Iris support intraoclr lens
V2632,Post chmbr intraocular lens
V2700,Balance lens
V2702,Deluxe lens feature
V2710,Glass/plastic slab off prism
V2715,Prism lens/es
V2718,Fresnell prism press-on lens
V2730,Special base curve
V2744,Tint photochromatic lens/es
V2745,"Tint, any color/solid/grad"
V2750,Anti-reflective coating
V2755,Uv lens/es
V2756,Eye glass case
V2760,Scratch resistant coating
V2761,Mirror coating
V2762,"Polarization, any lens"
V2770,Occluder lens/es
V2780,Oversize lens/es
V2781,Progressive lens per lens
V2782,"Lens, 1.54-1.65 p/1.60-1.79g"
V2783,"Lens, >= 1.66 p/>=1.80 g"
V2784,Lens polycarb or equal
V2785,Corneal tissue processing
V2786,Occupational multifocal lens
V2787,Astigmatism-correct function
V2788,Presbyopia-correct function
V2790,Amniotic membrane
V2797,Vis item/svc in other code
V2799,"Vision item or service, miscellaneous"
V5008,Hearing screening
V5010,Assessment for hearing aid
V5011,Hearing aid fitting/checking
V5014,Hearing aid repair/modifying
V5020,Conformity evaluation
V5030,Body-worn hearing aid air
V5040,Body-worn hearing aid bone
V5050,Hearing aid monaural in ear
V5060,Behind ear hearing aid
V5070,Glasses air conduction
V5080,Glasses bone conduction
V5090,"Dispensing fee, unspecified hearing aid"
V5095,Implant mid ear hearing pros
V5100,Body-worn bilat hearing aid
V5110,Hearing aid dispensing fee
V5120,Body-worn binaur hearing aid
V5130,In ear binaural hearing aid
V5140,Behind ear binaur hearing ai
V5150,Glasses binaural hearing aid
V5160,Dispensing fee binaural
V5170,Within ear cros hearing aid
V5171,Hearing aid monaural ite
V5172,Hearing aid monaural itc
V5180,Behind ear cros hearing aid
V5181,Hearing aid monaural bte
V5190,Hearing aid monaural glasses
V5200,Disp fee contralateral monau
V5210,In ear bicros hearing aid
V5211,Hearing aid binaural ite/ite
V5212,Hearing aid binaural ite/itc
V5213,Hearing aid binaural ite/bte
V5214,Hearing aid binaural itc/itc
V5215,Hearing aid binaural itc/bte
V5220,Behind ear bicros hearing ai
V5221,Hearing aid binaural bte/bte
V5230,Hearing aid binaural glasses
V5240,Disp fee contralateral binau
V5241,"Dispensing fee, monaural"
V5242,"Hearing aid, monaural, cic"
V5243,"Hearing aid, monaural, itc"
V5244,"Hearing aid, prog, mon, cic"
V5245,"Hearing aid, prog, mon, itc"
V5246,"Hearing aid, prog, mon, ite"
V5247,"Hearing aid, prog, mon, bte"
V5248,"Hearing aid, binaural, cic"
V5249,"Hearing aid, binaural, itc"
V5250,"Hearing aid, prog, bin, cic"
V5251,"Hearing aid, prog, bin, itc"
V5252,"Hearing aid, prog, bin, ite"
V5253,"Hearing aid, prog, bin, bte"
V5254,"Hearing id, digit, mon, cic"
V5255,"Hearing aid, digit, mon, itc"
V5256,"Hearing aid, digit, mon, ite"
V5257,"Hearing aid, digit, mon, bte"
V5258,"Hearing aid, digit, bin, cic"
V5259,"Hearing aid, digit, bin, itc"
V5260,"Hearing aid, digit, bin, ite"
V5261,"Hearing aid, digit, bin, bte"
V5262,"Hearing aid, disp, monaural"
V5263,"Hearing aid, disp, binaural"
V5264,Ear mold/insert
V5265,"Ear mold/insert, disp"
V5266,Battery for hearing device
V5267,"Hearing aid or assistive listening device/supplies/accessories, not otherwise specified"
V5268,Ald telephone amplifier
V5269,"Alerting device, any type"
V5270,"Ald, tv amplifier, any type"
V5271,"Ald, tv caption decoder"
V5272,Tdd
V5273,Ald for cochlear implant
V5274,"Assistive listening device, not otherwise specified"
V5275,Ear impression
V5281,"Ald fm/dm system, monaural"
V5282,Ald fm/dm system binaural
V5283,"Ald neck, loop ind receiver"
V5284,Ald fm/dm ear level receiver
V5285,Ald fm/dm aud input receiver
V5286,Ald blu tooth fm/dm receiver
V5287,"Assistive listening device, personal fm/dm receiver, not otherwise specified"
V5288,Ald fm/dm transmitter ald
V5289,Ald fm/dm adapt/boot couplin
V5290,Ald transmitter microphone
V5298,"Hearing aid, not otherwise classified"
V5299,"Hearing service, miscellaneous"
V5336,Repair communication device
V5362,Speech screening
V5363,Language screening
V5364,Dysphagia screening
