code,description
100086-8,R cornea Analysis method
100156-9,SARS-CoV-2 variant Spec NAA+probe
100157-7,SARS-CoV-2 lineage Spec Seq
100158-5,Microalbumin ?Tm Ur-mCnc
100213-8,Prostate cancer multigene analysis Bld/T
1003-3,IAT Comp-Sp Reag SerPl Ql
100305-2,IDH1 exon 4 Mut Anl Bld/Mar Ql
100343-3,FLUBV RNA Sal Ql NAA+probe
100344-1,FLUAV RNA Sal Ql NAA+probe
100345-8,Influenza virus A & Influenza virus B & SARS coronavirus 2 RNA panel
100348-2,MELDNa score
100394-6,Decapod crustaceans IgG Qn
1004-1,DAT Comp-Sp Reag RBC Ql
100458-9,OP COVID-19 Intub+Progress
100459-7,OP COVID-19 Progress note
1006-6,DAT IgG-Sp Reag RBC-Imp
100651-9,Hosp COVID-19 Intub+Progress
100658-4,Hosp COVID-19 Progress note
100662-6,Cortisol free & total panel
100695-6,Gene dis anl carrier interp Bld/T-Imp
1007-4,DAT Poly-Sp Reag RBC Ql
100717-8,FCGR3A gene.p.Phe176Val Bld/T Ql
100732-7,Cholesterol.in lipoprotein (little a) & Cholesterol.in LDL panel
100733-5,LDLc cor Lpa Cholest
100735-0,Mannose-6-phosphate isomerase & phosphomannomutase 1 panel
100737-6,AP Macro SerPl Ql
100740-0,Amylase Macro SerPl Ql
100742-6,LDH Macro SerPl Ql
100743-4,Lipase Macro SerPl Ql
100745-9,Chloride BldMV-sCnc
100746-7,Glucose BldMV-sCnc
100754-1,Plt disorder gene anal Bld/T Seq
100761-6,PALB2 Mut Anl Bld/T
100765-7,Homocysteine & Methylmalonate & 2-Methylcitrate panel
100793-9,Testost Fld-mCnc
100795-4,S100 Ca binding protein B Fld-mCnc
100797-0,Testost Free sp1 p chal Ser-mCnc
100798-8,Testost Free sp2 p chal Ser-mCnc
100837-4,IGF-I sp9 p chal SerPl-mCnc
100838-2,Testost sp9 p chal SerPl-mCnc
100847-3,Gas & ammonia panel
100850-7,Neutrophils # Amn Manual
100854-9,Lymphocytes Bld MC IA-NFr
100856-4,CD3+CD4+ Cells Bld MC-NFr
100857-2,CD3+CD8+ Cells Bld MC-NFr
1009-0,Deprecated DAT Poly-Sp Reag RBC Ql
100900-0,Enterobacteriaceae.carbapenem resistance panel
100902-6,Enterobac.carb res OXA-48 Anal Cult
100904-2,Urinary tract pathogens panel
100906-7,Bacteria # Ur Cult
100907-5,VRE Spec Cult
100910-9,Gram neg colistin resist Stl Cult
100911-7,Campylobacter Stl Ql Cult
100912-5,Enterobacteriaceae.extended spectrum beta lactamase resistance phenotype & Enterococcus species.vancomycin resistant panel
100972-9,Influenza virus A & Influenza virus B & SARS coronavirus 2 RNA panel
100973-7,FLUAV RNA Nose Ql NAA+n-prb
100974-5,FLUBV RNA Nose Ql NAA+n-prb
100976-0,EDN SerPl-mCnc
100983-6,HIV RT failed codons Islt Genotyp
100984-4,HIV 1 group M RNA Gentyp Islt Genotyp
100985-1,HIV protease failed codons Islt Genotyp
100986-9,HIV integrase failed codons Islt Genotyp
100987-7,Lymphocyte T-cell & B-cell & Natural killer subsets panel
100998-4,Cortisol post dose insulin IV panel
100999-2,Somatotropin post dose insulin IV panel
101060-2,An^a Ab SerPl Ql
101064-4,C little o3 Ag RBC Ql
101068-5,Cs^b Ag RBC Ql
101070-1,CEAG Ab SerPl Ql
101089-1,Ge3 Ag RBC Ql
101098-2,JMH Ag RBC Ql
101102-2,Kx Ag RBC Ql
101132-9,Glucose post XXX challenge panel
101141-0,NAT2 Mut Anl Bld/T
101146-9,Monocyte subsets panel
101147-7,Monocytes NFr Bld FC
101148-5,MO1/Monocytes NFr Bld
101152-7,Mitochondria whole genome analysis Bld/T
101179-0,BJ Protein Free 24h MFr Ur
101194-9,Mesocolic excision plane CRC spec
101198-0,Albumin SerPl Neph-mCnc
101199-8,M Protein 5 MFr SerPl Elph
101200-4,M Protein 6 MFr SerPl Elph
101207-9,HEV IgG SerPl Ql Line blot
101208-7,HEV IgM SerPl Ql Line blot
101223-6,Normorphine/Creat Ur
101224-4,PKD1 + PKD2 Del+Dup Bld/T MLPA
101289-7,SARS-CoV-2 RNA Throat Ql NAA+n-prb
101292-1,FLUAV RNA Throat Ql NAA+n-prb
101293-9,FLUAV H1 2009 pand RNA Thrt Ql Non-pr
101294-7,FLUAV H3 RNA Throat Ql NAA+n-prb
101295-4,FLUBV RNA Throat Ql NAA+n-prb
1013-2,E sup(w) Ag RBC BPU Ql
101300-2,S pyo DNA Throat Ql NAA+n-prb
101308-5,Glucose post arginine stimulation panel
101310-1,Somatotropin post insulin stimulation panel
101315-0,Cortisol & Cortisone panel
101316-8,Cortisol & 17-Hydroxyprogesterone post corticotropin stimulation panel
101319-2,Cortisol & Cortisone panel
101336-6,Wr sup(b) Ag RBC Ql
101339-0,Cholest Fib Ql Filipin stain
101368-9,B anthracis DNA Bld Pos Ql NAA+n-prb
101369-7,B anthracis plsmd pXO1 DNA Bld Pos Ql
101370-5,B anthracis plsmd pXO2 DNA Bld Pos Ql
101371-3,Y pestis DNA Bld Pos Ql NAA+n-prb
101375-4,Troponin I 2H bs meas SerPl Calc-MCDiff
10138-6,T' wave Amp L-V3
101382-0,FH gene Del+Dup + Full Mut Anl Bld/T
101386-1,RET gene Del+Dup + Full Mut Anl Bld/T
101387-9,HBA1 + HBA2 Full Mut Anl Bld/T
10139-4,T' wave Amp L-V4
101391-1,PAH gene Full Mut Anl Bld/T
101392-9,ADA gene Full Mut Anl Bld/T
101393-7,CLCN7 gene Full Mut Anl Bld/T
101395-2,Translocation analysis Embryo
101396-0,Preimplant multigene analysis Embryo
1014-0,E sup(w) Ag RBC Donr Ql
101409-1,Anaplasma phagocytophilum & Babesia microti & Ehrlichia chaffeensis Ab.IgG panel
101410-9,C peptide post XXX challenge panel
101414-1,Lymphocyte TCR alpha beta double negative subsets panel
101423-2,FLUAV H1 RNA Resp Ql NAA+probe
101437-2,FDA label Int animal genomic alter label
101446-3,CK MB SerPl IA-sCnc
101475-2,Creat BldV-sCnc
101476-0,Glucose p fast BldV-sCnc
101477-8,Ampicillin Bld Pos MIC.VOC det
101478-6,Ampicillin+Sulbac Bld Pos MIC.VOC det
101479-4,Cefotaxime Bld Pos MIC.VOC det
101480-2,Cefotaxime+Clav Bld Pos MIC.VOC det
101481-0,cefTAZidime Bld Pos MIC.VOC det
101482-8,cefTAZidime+Clav Bld Pos MIC.VOC det
101483-6,cefTAZidime+Avibactam Bld Pos MIC.VOC det
101484-4,Ceftolozane+Tazobactam BldPos MICVOC det
101485-1,cefTRIAXone Bld Pos MIC.VOC det
101486-9,Ertapenem Bld Pos MIC.VOC det
101487-7,Imipenem Bld Pos MIC.VOC det
101488-5,Meropenem Bld Pos MIC.VOC det
101489-3,Mero+Vab Bld Pos MIC.VOC det
101490-1,Piperacillin Bld Pos MIC.VOC det
101491-9,Pip+Tazo Bld Pos MIC.VOC det
101492-7,cefOXitin Bld Pos MIC.VOC det
101493-5,Amikacin Bld Pos MIC.VOC det
101494-3,Gentamicin Bld Pos MIC.VOC det
101495-0,TMP SMX Bld Pos MIC.VOC det
101496-8,Tobramycin Bld Pos MIC.VOC det
101497-6,Aztreonam Bld Pos MIC.VOC det
101498-4,Amoxicillin+Clav Bld Pos MIC.VOC det
101499-2,Tigecycline Bld Pos MIC.VOC det
1015-7,E sup(w) Ag RBC Ql
10150-1,T wave Amp L-V3
101500-7,Ciprofloxacin Bld Pos MIC.VOC det
101501-5,levoFLOXacin Bld Pos MIC.VOC det
101502-3,Cefepime Bld Pos MIC.VOC det
101503-1,Cefuroxime Bld Pos MIC.VOC det
101504-9,Tetracycline Bld Pos MIC.VOC det
101506-4,Phosphatidylethanol panel
10151-9,T wave Amp L-V4
101545-2,FCGR3A gene.p.158 Bld
101569-2,Semen & urine analysis fertility panel
101583-3,ESBL cft to cft-clav IC rto Bd Pos Imp
101586-6,Cortis SerPl LC/MS/MS-sCnc
101634-4,HBB gene Del+Dup Bld/T MLPA
101644-3,CD3+CD4+ Cells p COVID NuclCap # Bld
101645-0,CD3+CD8+ Cells p COVID NuclCap # Bld
101647-6,Ehrlichiosis & Anaplasmosis & Babesiosis & Borrelia miyamotoi DNA panel
101652-6,Somatotropin & glucose post glucose stimulation panel
101653-4,Prenatal hepatitis B & C panel
101655-9,Basic metabolic & hematocrit panel
101656-7,Lactate & pyruvate panel
101665-8,Protein electrophoresis & monoclonal protein isotype panel
101666-6,M Protein isotype 24h Ur MS.MALDI-TOF
101667-4,M Protein 24h Ur Ql MS.MALDI-TOF
101668-2,Protein electrophoresis & monoclonal protein isotype panel
101669-0,M Protein isotype Ur MS.MALDI-TOF
101670-8,M Protein Ur Ql MS.MALDI-TOF
101679-9,Neonate blood type & indirect antibody screen panel
101721-9,SARS coronavirus 2 RNA
101734-2,Na Urate cry 24h EngDiff Ur
101736-7,Ca H2 Phos dihyd Cry 24h EngDiff Ur
101751-6,Lithium Bld ICP/OES-sCnc
101787-0,B-cell lymphoma chromosome al Tiss FISH
101820-9,Preimplantation Mut Anl Embryo
101823-3,Apo C-III SerPl IEF
101825-8,Ca H2 Phos dihyd Cry 24h SatFr Ur
101826-6,Na Urate cry 24h SatFr Ur
101845-6,Sweat analys spec rev
101863-9,Comp Fact H Ab SerPl IA-aCnc
101865-4,Troponin T. cardiac 2H &6H 5th generation panel
101902-5,little c Ag RBC Fetus Ql
101903-3,K Ag RBC Fetus Ql
101909-0,Protein monoclonal panel
101910-8,Protein monoclonal panel 24Hr
101911-6,Troponin T 2h 5th gen SerPl-MCnc
101912-4,Troponin T. D 2h SerPl-MCDiff
101913-2,Troponin T. D/Troponin T BS 2h % SerPl
101914-0,Troponin T. D 2h SerPl-Imp
101915-7,Troponin T 6h SerPl-mCnc
101916-5,Troponin T. D 6h SerPl-MCDiff
101917-3,Troponin T. D/Troponin T BS 6h % SerPl
101918-1,Troponin T. D 6h SerPl-Imp
101928-0,SARS-CoV-2 Ag Nasoph Ql IF
101931-4,CaOx cry EngDiff Ur
101932-2,Ca H2 Phos dihyd Cry EngDiff Ur
101935-5,Na Urate Cry EngDiff Ur
101950-4,S pyo DNA Wnd Ql NAA+probe
101952-0,MTTP Mut Anl Bld/T
101953-8,COL4A3 gene Mut Anl Bld/T
101955-3,DNAI1 gene Mut Anl Bld/T
101956-1,COQ4 gene Mut Anl Bld/T
101957-9,RTEL1 gene Mut Anl Bld/T
101961-1,PHGDH gene Mut Anl Bld/T
101964-5,HPS3 gene Mut Anl Bld/T
101976-9,VGCC-P/Q Bind Ab Ser IA-mCnc
101977-7,"Cortisol, glucose and somatotropin post glucagon stimulation panel"
101978-5,Glucose and somatotropin post glucagon stimulation panel
101979-3,Cortisol post arginine stimulation panel
101980-1,"Glucose, somatotropin and cortisol post insulin administration"
101983-5,FLUAV+FLUBV RNA Resp Ql NAA+probe
101990-0,Xanthuren/Creat Ur
101993-4,KYN/Creat Ur
1020-7,E Ag RBC Donr Ql
102023-9,Cortis 30M p Gc SerPl-mCnc
102024-7,Cortis 60M post dose glucagon SerPl-sCnc
102025-4,Cortis 1.5h p Gc SerPl-mCnc
102026-2,Cortis 2h p Gc SerPl-mCnc
102027-0,Cortis 2.5h p Gc SerPl-mCnc
102028-8,Cortis 3h p Gc SerPl-mCnc
102029-6,GH^ post insulin IV post CFst SerPl-mCnc
102032-0,Glucose 2h p Ins IV SerPl-mCnc
102076-7,Insulin 3.5h p 75 g Glc PO SerPl-aCnc
102080-9,CAR-T cell BPU
102097-3,GFR/BSA.pred S/P/B Cr+Cyst+Ur CKD-ArVRat
1021-5,E Ag RBC Ql
102104-7,Gp B Strep Ur Cult
102122-9,pO2/Gas.total BldA+IhG
102123-7,pO2/Gas.total temp adj BldA+IhG
102136-9,A alternata IgE RAST
102193-0,BSA IgE RAST
102387-8,Insulin Bovine IgE RAST
102388-6,Insulin Human IgE RAST
102389-4,Insulin Porcine IgE RAST
102402-5,Ltx Glv Ext Ammon IgE RAST
102453-8,Mouse Urine Prot IgE RAST
1025-6,Fy sup(a) Ag RBC BPU Ql
102554-3,Rabbit Urine Prot IgE RAST
102566-7,Rat Urine Prot IgE RAST
1026-4,Fy sup(a) Ag RBC Donr Ql
102619-4,Swine Urine Prot IgE RAST
102674-9,A alternata IgG RAST
1027-2,Fy sup(a) Ag RBC Ql
102849-7,Alternaria IgE RAST
102872-9,Dog Serum Alb IgE RAST
102888-5,Swine Serum Alb IgE RAST
102893-5,Cat Serum Alb IgE RAST
102923-0,A alternata IgG4 RAST
102975-0,Rat Epith+Ser+Ur IgE RAST
102993-3,Mouse Epith+Ser+Ur Prot IgE RAST
103009-7,Amylase IgE RAST
1031-4,Fy sup(b) Ag RBC BPU Ql
103102-0,A alternata (rAlt a) 1 IgE RAST
103143-4,Genetic ds DNA+RNA anlyss Bld/T Ql
1032-2,Fy sup(b) Ag RBC Donr Ql
103202-8,SARS coronavirus 2 RNA
103209-3,Mean O2 sat
10322-6,Potassium intake 24h
103226-7,FSP PPP LA-mCnc
103227-5,Testost Free SerPl Calc-mCnc
10327-5,Eosinophil NFr Spt Manual
10328-3,Lymphocytes NFr CSF Manual
10329-1,Monocytes NFr CSF Manual
1033-0,Fy sup(b) Ag RBC Ql
10330-9,Monocytes NFr Fld Manual
10331-7,Rh Bld
10332-5,Cortis pre 250 ug ACTH IM SerPl-mCnc
10334-1,Cancer Ag125 SerPl-aCnc
10346-5,Hgb A Bld Elph-aCnc
10351-5,HIV1 RNA SerPl Probe amp-aCnc
103557-5,SARS-CoV-2 Mpro gene mut Spec
103565-8,"HIV1,2+HCV+HEV RNA+HBV DNA S/P/B Dr Napb"
103568-2,Patient’s COVID-19 vaccination is up to date.
103569-0,Resident’s COVID-19 vaccination is up to date
103577-3,Albumin Ser IA-mCnc
103618-5,HBV RNA # SerPl NAA+probe
103627-6,S pyo DNA Spec Ql NAA+probe
103647-4,Cortis 2h p ACTH SerPl-mCnc
103661-5,Camp & Sal & Shig sp Stl Cult
103662-3,"Camp, Sal, Shig,Yers sp Stl Cult"
103663-1,"Sal, Shige, Camp, E. coli sp id Stl Cult"
10367-1,Ethanol Gast-mCnc
103681-3,CD19 Cells/lymph NFr Bld
103682-1,CD3+CD25+ Cells/lymph NFr BAL
103683-9,CD3+HLA-DR+ Cells/lymph NFr BAL
103729-0,Hrd sens neur multi Bld/T
103732-4,Hrd cong mya synd multi Bld/T
103733-2,Hrd emery drei multi Bld/T
103735-7,Erythrocytosis multi Spec Seq
103737-3,CYB5 & CYB5 Red multi Spec Seq
103738-1,RBC membrane multi Spec Seq
103741-5,Dysregulation auto multi Spec
103742-3,Viral Susc multi Spec
103745-6,Time interval trop I.high-sensi Patient
103750-6,Hgb BldCoV-SCnc
103785-2,MCP-4/CCL13 SerPl IA-mCnc
103788-6,Bact Id and susc Bld Pos Doc
103789-4,Aero & plesi sp Stl Cult
10382-0,"Deprecated A,B Var NOS Ag RBC BPU Ql"
10383-8,"Deprecated A,B Var NOS Ag RBC Donr Ql"
10384-6,"Deprecated A,B Var NOS Ag RBC Ql"
10385-3,Albumin Conc Gvn
10386-1,Albumin Gvn Vol
10389-5,Other Bld Prod BPU
10390-3,Bld Prod Special Prep BPU
103951-0,Motor neuron multigene analysis Spec
103952-8,Muscular dystrophy mltgene analysis Spec
103955-1,KRAS Somatic mut analysis Tumor
103957-7,Neuromuscular multigene analysis Spec
10397-8,HBV Ig Gvn Vol
10398-6,I Ag RBC BPU Ql
10399-4,I Ag RBC Donr Ql
1040-5,G Ag RBC Donr Ql
104031-0,Altered elimination
10406-7,little i Ag RBC BPU Ql
10407-5,little i Ag RBC Donr Ql
104074-0,Gas & Lactate panel
104075-7,Gas & Lactate panel
104076-5,Basic metabolic & hemoglobin & hematocrit panel
10408-3,little i Ag RBC Ql
1041-3,G Ag RBC Ql
104133-4,Ethanol ExG Ql
10414-1,Trans Albumin Vol Patient
104166-4,Apo E Phenotype Plas LC/MS/MS
104196-1,Creatine/Creat DBS-sRto
104198-7,Kappa LC gene 22q11.22 Rear Spec FISH
104199-5,Kappa LC gene 2p11.2 Rear Spec FISH
104240-7,Histiocytic neoplasm Bld/T
104242-3,T cell lymphoma Bld/T
104260-5,HAVcr-1 Ur Calcn-Rto
104261-3,EDN Ser IA-mCnc
104265-4,Ethanol CtO VFr ExG
104266-2,Immunoglobulins and heavy-light chain panel
104297-7,CYP3A4 gene c.6C>T Bld/T Ql
104322-3,Lymphs Lambda/lymph NFr Mar
104323-1,IDH1+IDH2 Full Mut Anl Bld/T
10434-9,C3 Ag Tiss Ql ImStn
104349-6,B. recurrentis Bld Ql Cult
104409-8,HAV IgG sp1 Titr Ser IA
104410-6,HAV IgG sp2 Titr Ser IA
104412-2,HAV IgM Titr Ser
104413-0,HEV IgG sp1 Titr Ser IA
104414-8,HEV IgG sp2 Titr Ser IA
10443-0,CD43 Ag Tiss Ql ImStn
104451-0,SARS-CoV-2 RNA Resp Ql
104488-2,HNA rprt Doc
10449-7,Glucose 1h p meal SerPl-mCnc
10450-5,Glucose p 10h fast SerPl-mCnc
104533-5,Immunoglobulin light chains.free panel
104547-5,Monocyte and dendritic cell panel
104548-3,Monocytes # Bld FC
104553-3,Microorganism Bld Pos MS.MALDI-TOF
104555-8,Mephobarbital & PHENobarbital panel
10458-8,ALP Plac Ag Tiss Ql ImStn
104596-2,Phenytoin & Phenobarbital panel
104597-0,Glucose BldV Glucomtr-mCnc
104598-8,Glucose BldA Glucomtr-mCnc
104636-6,CGM RptPeriod Est
104637-4,CGM % time RptPeriod Calc
104638-2,Gluc SD/Gluc mean RptPrd NFr In fld calc
104654-9,Calcium BldA-sCnc
104655-6,Glucose BldMV-mCnc
104656-4,Titanium/Creat Ur
10467-9,B2MG AL Ag Tiss Ql ImStn
104678-8,DMA 18:0/C18:0 RBC
104679-6,DMA 18:1 RBC-mCnc
104680-4,DMA 18:0 RBC-mCnc
104708-3,Deprecated Est. average glucose Bld-sCnc
104714-1,HCV RNA SerPl-Log IU
104715-8,HCV RNA SerPl Ql
104721-6,HCV RNA SerPl-aCnc
104724-0,Gp B Strep DNA Spec Ql
104727-3,FLUAV H1 2009 pand RNA Spec Ql
104730-7,FLUAV H3 RNA Spec Ql
104732-3,HIV1 Ab Patrn Ser-Imp
104734-9,B-Hem Strep Spec Ql
104735-6,FLUBV RNA Spec Ql
104738-0,Hgb Stl gastro lower Ql
104739-8,Prot Pattern Ur-Imp
104741-4,HCV Ab s/co SerPl
104755-4,HCV RNA SerPl-Log#
104762-0,HIV1 RNA SerPl-Log#
10478-6,EMBP Ag Tiss Ql ImStn
104781-0,HIV1 RNA # SerPl
104785-1,HBV core IgM SerPl-aCnc
104798-4,Baso Stipl Bld Ql
1048-8,Deprecated H NOS Ag RBC BPU Ql
10480-2,ERA+PGRA Ag Tiss Ql ImStn
104802-4,Variant Lymphs Bld Ql
104805-7,Creat Cl predicted SerPl-vRate
104814-9,LDH1 CFr Ur
104823-0,Medication alt amt
104826-3,Hct VFr.DF Bld Calc
10486-9,Hgb Ag Tiss Ql ImStn
104873-5,Glucose dumping syndrome panel
104874-3,Hct BS VFr Bld Calc
104875-0,Hct 30M p Glc VFr Bld
104876-8,Hct 1h p Glc VFr Bld
104877-6,Hct 1.5h p Glc VFr Bld
104878-4,Hct 2h p Glc VFr Bld
104879-2,Hct 2.5h p Glc VFr Bld
104880-0,Hct 3h p Glc VFr Bld
1049-6,Deprecated H NOS Ag RBC Donr Ql
104936-0,Noninv colon ca RNA+occ bld scrn Stl Q
10495-0,Insulin Ag Tiss Ql ImStn
10497-6,Kappa AL Ag Tiss Ql ImStn
104995-6,HBV Gentyp SerPl Seq
1050-4,Deprecated H NOS Ag RBC Ql
10500-7,Lambda AL Ag Tiss Ql ImStn
105009-5,Cl.reab ren tub/Cl.tot fil MFr Ur+SerPl
105010-3,Folate alpha Ag Tiss ImStn-Imp
105040-0,Hgb BldMV Calc-mCnc
105049-1,PT 2h p 1:1 NP PPP Cont
105053-3,CaOx Cry UrnS Ql Micro
105061-6,S pyogenes speB Spec Ql
105062-4,S pyo DNA Spec Ql
105063-2,S pyo Spec Ql
105066-5,SARS-CoV+SARS-CoV-2 Ag Spec Ql
10507-2,Prolactin Ag Tiss Ql ImStn
105072-3,ETEC ltA+st1a+st1b Stl Ql
105075-6,FLUAV RNA Spec Ql
105076-4,FLUAV H1 RNA Spec Ql
105080-6,HIV 1+2 Ab+HIV1 p24 Ag SerPl Ql
105081-4,Rheumatoid fact Spec-aCnc
105112-7,Eosinophil NFr UrnS
105121-8,Testost SerPl LC/MS/MS-mCnc
105197-8,HNPCC multi Bld/T
105198-6,Marfan & related cond multi anly Bld/T
105199-4,Noonan syn & rel cond multi anly Bld/T
105200-0,Chloride Sweat Ql Scn
105214-1,FLUAV+FLUBV RNA Bronch Ql NAA+probe
105215-8,FLUAV RNA Bronch Ql NAA+probe
105216-6,FLUBV RNA Bronch Ql NAA+probe
10523-9,Fibrinogen Ag Tiss Ql ImStn
105232-3,FLUAV+FLUBV RNA Spt Ql NAA+probe
105233-1,FLUAV RNA Spt Ql NAA+probe
105234-9,FLUBV RNA Spt Ql NAA+probe
105260-4,Cystinuria multi anl Bld/T
105261-2,GSD multi anl Bld/T
105263-8,LSD multi anl Bld/T
105265-3,Pheny dis multi anl Bld/T
105269-5,Fracti excret of Ca ?Tm Ur+SerPl-Rto
105272-9,Glucose Interstitial fld-sCnc
105273-7,Gluc RptPeriod Mean Intrstl fld calc
105274-5,Hgb BldV Calc-mCnc
105285-1,Neutrophil Ab screen panel
105286-9,Neutrophil membrane Ab SerPl Ql FC
105287-7,Neutrophil membrane Ab SerPl Ql Aggl
105288-5,Neutrophil membrane Ab SerPl-Imp
105300-8,Hgb BldMV-sCnc
105303-2,TC+Mcrphg+Lymphcyt PDL1/TC tiss
105329-7,Heredit angio ed multi analy Bld
10533-8,Propoxyph+APAP SerPl-mCnc
105331-3,Hered bleed fact & Vw multi analy Spec
105332-1,MYH9 gene Full Mut Anl Bld
105335-4,Hered plat pool def multi analy Bld
105343-8,Acute myeloid leuk multi anl Bld/T
105349-5,NCL multi anl Bld/T
10535-3,Digoxin SerPl-mCnc
105351-1,Heredit erythro multi anl Bld/T
105437-8,S pneum DNA Nph Ql NAA+probe
10548-6,Phenytoin Free MFr SerPl
105494-9,Chance prostate cancer
1055-3,Deprecated I (Int) Subtyp RBC BPU Ql
105507-8,Have high bld chol
105508-6,Med high bld chol
105515-1,Total chole from lipid profile
105516-9,LDL from lipid profile
105517-7,HDL from lipid profile
105518-5,Triglycerides from lipid profile
10558-5,Albumin Smn-sCnc
105585-4,DICER1 gene Full Mut Anl Tiss
105586-2,H3C14 gene Mut Anl Tiss
105588-8,Adult type diff gli gene Mut Anl Tiss
105589-6,Bladder & Prostate CA mltgn anlyss Tiss
10559-3,Deprecated Calcium-sCnc
105592-0,Gyne carcinoma multi anl Tiss
105593-8,RCC multigene analysis Tiss
105595-3,MYOD1 targ gene mut anlyss Tiss
105598-7,SDHA & SDHB & SDHC & SDHD mut anl Tiss
1056-1,Deprecated I (Int) Subtyp RBC Donr Ql
105606-8,Bacteria Cath Tip Anaerobe Cult org #2
105620-9,Camp & Sal & Shig sp Stl Cult org #2
105621-7,Camp & Sal & Shig sp Stl Cult org #3
105622-5,Aeromonas Stl Ql Cult
105677-9,Streptococcus DNA Spec Ql NAA+probe
105678-7,S dysgalactiae DNA Spec Ql NAA+probe
105679-5,S. equinus DNA Spec Ql NAA+probe
105680-3,S. gordonii DNA Spec Ql NAA+probe
105681-1,S. mitis DNA Spec Ql NAA+probe
105682-9,S. salivarius DNA Spec Ql NAA+probe
1057-9,Deprecated I (Int) Subtyp RBC Patient Ql
105725-6,FLUAV+FLUBV RNA BAL Ql NAA+probe
105748-8,SARS-CoV-2 RNA Tracheal asp Ql NAA+probe
105749-6,SARS-CoV-2 RNA BAL Ql NAA+probe
105764-5,Enterobacter spp DNA Ct Bld +Qn NAA+prb
105765-2,E coli DNA Ct Bld Pos Qn NAA+probe
105766-0,Klebsiella spp DNA Ct Bld +Qn NAA+prb
105767-8,Proteus sp DNA Ct Bld Pos Qn NAA+probe
105768-6,Salmonella spp DNA Ct Bld +Qn NAA+prb
105769-4,Serratia spp DNA Ct Bld Pos Qn NAA+probe
105770-2,P aerugns DNA Ct Bld Pos Qn NAA+probe
105771-0,N men DNA Ct Bld Pos Qn NAA+probe
105772-8,Haem influ DNA Ct Bld Pos Qn NAA+probe
105773-6,ACB cplx DNA Ct Bld Pos Qn NAA+probe
105774-4,B fragilis DNA Ct Bld Pos Qn NAA+probe
105775-1,S maltophilia DNA Ct Bld +Qn NAA+prb
105776-9,Enterobacterales DNA Ct Bld +Qn NAA+prb
105777-7,AAC(6')-Ib gene Ct Bld Pos Qn NAA+probe
105778-5,Bac b-lactam res AmpC Ct Bld + NAA prb
105779-3,Bac amnglycsde res ArmA Ct Bld + NAA prb
105780-1,blaCTX-M Ct Bld Pos Qn NAA+probe
105781-9,blaGES gene Ct Bld Pos Qn NAA+probe
105782-7,Bact B lct bl ps Q N+Pr
105783-5,Bac b-lactam res KPC Ct Bld + NAA prb
105784-3,Bac b-lactam res NDM Ct Bld +NAA prb
105785-0,blaOXA-23 Ct Bld Pos Qn NAA+probe
105786-8,blaOXA-24+blaOXA-40 Ct Bld +Qn NAA+prb
105787-6,blaOXA-48-like Ct Bld Pos Qn NAA+probe
105788-4,Carbpnm res blaOXA58 Ct Bld +Qn NAA prb
105789-2,P aerug regA Ct Bld Pos Qn NAA+probe
105790-0,ESBL blaSHV gene Ct Bld Pos Qn NAA+probe
105791-8,Carbpnm resist SPM Ct Bld +Qn NAA prb
105792-6,Bac b-ltm resist TEM Ct + NAA prb
105793-4,Bac b-lactam resist VEB Ct
105794-2,blaVIM Ct Bld Pos Qn NAA+probe
105795-9,Microcccs spp DNA Ct Bld +Qn NAA+prb
105796-7,S aureus DNA Ct Bld Pos Qn NAA+probe
105797-5,S epidermidis DNA Ct Bld +Qn NAA+prob
105798-3,S lugdunensis DNA Ct Bld +Qn NAA+prob
105799-1,S. capitis+S. hominis DNA Ct Bld +Qn
105800-7,Gp B Strep DNA Ct Bld Pos Qn NAA+probe
105801-5,S.anginosus grp DNA Ct Bld + Qn NAA+pr
105802-3,S pneum DNA Ct Bld Pos Qn NAA+probe
105803-1,S pyo DNA Ct Bld Pos Qn NAA+probe
105804-9,C gattii+neofor DNA Ct Bld + Qn NAA+pr
105805-6,Fusarium DNA Ct Bld Pos Qn NAA+probe
105806-4,C auris DNA Ct Bld Pos Qn NAA+probe
105807-2,Aac(6') aph(2') Ct Bld +Qn NAA+prb
105808-0,Bac antimicro res CFR Ct Bld +
105809-8,Bac antimicro res CFR Ct Bld +
105810-6,Bac macrolide res ErmA Ct Bld +
105811-4,Bac macrolide res ErmC Ct Bld +
105812-2,Bac macrolide res mecA Ct Bld +
105813-0,MRB mecC Ct Bld Pos Qn NAA+probe
105814-8,tetK Ct Bld Pos Qn NAA+probe
105815-5,tetM Ct Bld Pos Qn NAA+probe
105816-3,vanA Ct Bld Pos Qn NAA+probe
105817-1,vanB Ct Bld Pos Qn NAA+probe
105845-2,QC spec used at begin
105848-6,PhenX - C reactive protein (CRP) protocol 660601
105867-6,p-ANCA atypical Ser Ql
105869-2,Neuts Band Bld Ql
105870-0,Lymphocytes # Spec
105896-5,CaOx Cry #/area UrnS
105897-3,CaOx Cry #/area Ur
105902-1,Astro typ 1-8 RNA Stl Ql
105904-7,VRE Spec Ql
105909-6,SARS-CoV-2 RNA Spec Ql
105910-4,SARS-CoV-2 IgG Spec-aCnc
105911-2,SARS-CoV-2 IgG Spec Ql
105918-7,S pneum DNA BAL Ql NAA+probe
105926-0,Mycobacterium Stl Cult
105933-6,Bacteria Surgical wound Anaerobe Cult
106040-9,Fungus Anal Ql Cult
106053-2,Rheumatoid Factor IgM and IgA antibody panel
106060-7,Hepatitis B and C virus Ab panel
106128-2,HBG1 gene mut anl Bld/T
106158-9,Insulin DBS IA-aCnc
10631-0,Testost Smn-sCnc
10634-4,C1INH Functional/C1INH Total MFr SerPl
1064-5,Deprecated I NOS Ag RBC BPU Ql
106410-4,Cand spp. 1 Ct Bld + Qn NAA+prb
106411-2,Candida spp. 2 DNA Ct Bld +Qn NAA+prb
10643-5,Amoeba Stl Cult
10646-8,HAstV Stl EM
1065-2,Deprecated I NOS Ag RBC Donr Ql
106519-2,"t(14;19)(q32;q13) (IGH, BCL3) Bld/Mr fsh"
106530-9,Albumin Glycated SerPl IA-sRto
106574-7,M hominis DNA Anal Ql NAA+probe
106576-2,T palldm DNA Anal Ql NAA+probe
106594-5,Gp B Strep DNA Fld Ql NAA+n-prb
1066-0,Deprecated I NOS Ag RBC Ql
106608-3,S pyo DNA Fld Ql NAA+n-prb
106609-1,Streptococcus DNA Fld Ql NAA+n-prb
106618-2,Deprecated FLUBV NS gene Nph Ql NAA+probe
106634-9,Deprecated HbA1c Bld IFCC-sRto
10670-8,G lamblia Stl Ql Cult
10673-2,HBV core Ag Tiss Ql ImStn
106733-9,Troponin I SerPlBld IA.rapid-mCnc
106734-7,Troponin T SerPlBld IA.rapid-mCnc
106735-4,NT-proBNP SerPlBld IA.rapid-mCnc
10674-0,HBV surface Ag Tiss Ql ImStn
10675-7,HBV surface Ag Tiss Ql Orcein Stn
10676-5,HCV RNA SerPl Probe amp-aCnc
106762-8,HIV pre exposure prophylaxis monitoring panel
106780-0,Heredit thyr cancer multi analy Bld/T
106781-8,Hered renal cancer multi analy Bld/T
106782-6,Hered pan cancer multi analy Bld/T
106783-4,Myelodysplast neo chom anly Bld/Mar FISH
106786-7,LDL rcp rel protein 4 Ab Ser Ql CB IF
106791-7,Analytical tests in the 3 trim preg
106793-3,Continuous glucose monitoring time in ranges panel
10682-3,Deprecated HIV1 RNA SerPl Amp Prb-aCnc
106876-6,Hp-Hb complex Stl-mCnc
106883-2,HIV1+2 T. pallidum Ab SPB IA
106905-3,GN bact DNA Ct Bld Pos Qn NAA+probe
106906-1,Troponin I SerPlBld HS-mCnc
106910-3,CD3+CD4+ Cells/CD3+CD8+ Cll BAL FC
106911-1,CD3+CD8+ Cells/lymph NFr BAL FC
106912-9,CD3+CD4+ Cells/lymph NFr BAL FC
106913-7,CD3 Cells/lymph NFr BAL FC
106914-5,Monocytes NFr BAL
106916-0,Basophils NFr BAL
106917-8,Eosinophil NFr BAL
106918-6,Lymphocytes NFr BAL
106919-4,Neutrophils NFr BAL
106937-6,HDV Ab SerPl Ql IA
106938-4,HBV core Ab SerPl IA-aCnc
106948-3,T Lymphocytes.CD3+CD19- NFr Spec FC
106949-1,T Lymphocytes.CD3+CD19- NFr Mar FC
106950-9,T Lymphocytes.CD3+CD19- NFr Bld FC
106982-2,pH adj eucapnic lvl BldCoA Calc
106991-3,Methyl-1-testosterone Ur Ql GC-MS
1070-2,Jk sup(a) Ag RBC BPU Ql
10703-7,O+P Stl Kinyoun IH Stn
107036-6,Lymphocytes # Spec FC
107037-4,CD3 Cells/lymph NFr Spec FC
107038-2,CD3 Cells/lymph NFr Mar FC
107042-4,Lymphocytes # Mar FC
107061-4,Cells.CD3+CD19- (T cells)/lymph NFr Spec FC
107062-2,Cells.CD3+CD19- (T cells)/lymph NFr Mar FC
107064-8,Cells.CD3+CD19- (T cells)/lymph NFr Bld FC
1071-0,Jk sup(a) Ag RBC Donr Ql
107105-9,PROMIS pediatric depressive symptoms - version 3.0 T-score
107155-4,Lymphocytes # HPC BPU
107159-6,Chrom analy Bld Microarray
107162-0,LPa DBS-sCnc
10717-7,S pneum Ab Ser LA-aCnc
107175-2,Hct VFr Prt
107185-1,NT-proBNP Fld IA-mCnc
107186-9,Fungus Bld Cult org #2
107187-7,Fungus Bld Cult org #3
107189-3,Hgb sp3 Stl gastro-mCnc
107190-1,Hgb sp2 Stl gastro-mCnc
107191-9,Hgb sp1 Stl gastro-mCnc
107193-5,Platelet # Bld Auto
1072-8,Jk sup(a) Ag RBC Ql
107231-3,BNP adjusted for eGFR SerPl-mCnc
107238-8,CD169 monocytes/Monocytes NFr Bld
107241-2,MRD analysis Spec Ql Seq
107243-8,Rh antigens C little c E little e panel
107257-8,Naloxone/Creat Ur
107286-7,HRD status analysis Tiss Ql
10730-0,Trypanos Bld Cult
107344-4,FLUAV+FLUBV RNA Nph Ql NAA+probe
107357-6,S pneum DNA Bronch Ql NAA+probe
107364-2,FLUBV RNA Spt Ql NAA+n-prb
107365-9,FLUAV RNA Spt Ql NAA+n-prb
107446-7,CK MM DBS-cCnc
107456-6,DAT IgG-Sp Reag RBC Fetus-Imp
10746-6,Calcium Tiss von Kossa Stn
107474-9,p-ANCA.IgG Ser Ql IF
107492-1,p-ANCA.IgA Ser Ql IF
107500-1,Testost 3h p chal SerPl LC/MS/MS-mCnc
107501-9,Testost 4h p chal SerPl LC/MS/MS-mCnc
107541-5,Heredi hemo multi anl Bld/T
107542-3,RBC enzyme dis multi anl Bld/T
107544-9,Chronic eosin chrom anly Bld/T FISH
107547-2,Comp cardio multi anl Bld/T
107550-6,Lymphocyte subset Bld/T
107553-0,Ig gene rearr Spec
107559-7,Lipase Drain-cCnc
10758-1,Iron Bone Histomorph Stn
10759-9,Iron Spt Gomori Stn
10760-7,Iron Tiss Gomori Stn
107603-3,LPT CA Bld-nRate
107604-1,LPT TT Bld-nRate
107605-8,LPT Tuberc Bld-nRate
107606-6,LPT CA Bld-aCnc
107607-4,LPT PW Bld-aCnc
10761-5,Iron Tiss Other Stn
1077-7,Jk sup(b) Ag RBC Donr Ql
1078-5,Jk sup(b) Ag RBC Ql
107930-0,Cont glu mon summary report Doc
107931-8,Continuous glucose monitoring summary panel
107946-6,Lipase Pcar-cCnc
108007-6,FLUAV Ab Msmt Ser
108010-0,D Dimer Msmt PPP
108011-8,Phosphate Msmt Ur
108014-2,Calcium Msmt Ur
108015-9,Bilirub Msmt Ur
108018-3,LDLc Msmt SerPl
108021-7,Prot Msmt Ur
108024-1,Creat Msmt Ur
108027-4,Glucose Msmt Ur
108029-0,Albumin Msmt Ur
108085-2,SARS-CoV-2 lineage Nph Seq
108087-8,FLUAV + FLUBV RNA Nph NAA+probe
108103-3,HAV RNA Bld Ql NAA+probe
108141-3,C peptide sp5 SerPl-mCnc
108142-1,C peptide sp4 SerPl-mCnc
108143-9,C peptide sp3 SerPl-mCnc
108144-7,C peptide sp1 SerPl-mCnc
108145-4,Cortis sp5 SerPl-sCnc
108146-2,Cortis sp4 SerPl-sCnc
108147-0,Cortis sp3 SerPl-sCnc
108148-8,Cortis sp2 SerPl-sCnc
108149-6,Cortis sp1 SerPl-sCnc
108158-7,Resp path DNA+ RNA Spec NAA+n-prb
108159-5,Resp path DNA+ RNA Spec Ql NAA+n-prb
108160-3,Respiratory pathogens DNA & RNA panel
108161-1,Resp path DNA+ RNA Resp NAA+n-prb
108162-9,Resp path DNA+ RNA Resp Ql NAA+n-prb
108173-6,FLUBV RNA Spec Ql NAA+n-prb
108174-4,FLUAV H3 RNA Spec Ql NAA+n-prb
108176-9,FLUAV H1 RNA Spec Ql NAA+n-prb
108177-7,FLUAV RNA Spec Ql NAA+n-prb
108180-1,SARS-CoV-2 RNA Spec Ql NAA+n-prb
1082-7,Js sup(a) Ag RBC BPU Ql
108266-8,Monocytes.CD169 mean fluorescence intensity Act/Nor Bld FC
108267-6,Neutrophil CD64 MFI ratio in Blood FC
108286-6,LDL recep related protein 4 Ab Titr Ser
108287-4,Ret-He-RBC-He (Delta) EntMassDiff Bld
1083-5,Js sup(a) Ag RBC Donr Ql
10833-2,Insulin 7h p 75 g Glc PO SerPl-mCnc
108346-8,Trigl Msmt Ur
10835-7,LPa SerPl-mCnc
108357-5,Ethylmalonate/Creat Msmt Ur
108359-1,Etiocholanolone/Creat Msmt Ur
108385-6,Formate/Creat Msmt Ur
108386-4,FSH/Creat Msmt Ur
10839-9,Troponin I SerPl-mCnc
108392-2,Hcys/Creat Msmt Ur
1084-3,Js sup(a) Ag RBC Ql
108408-6,Cystatin C Msmt Ur
108420-1,Catechols/Creat Msmt Ur
108428-4,Benzoate/Creat Msmt Ur
108435-9,Boron/Creat Msmt Ur
108440-9,C peptide/Creat Msmt Ur
108443-3,Carn esters/Creat Msmt Ur
108470-6,MetanephS/Creat Msmt Ur
108477-1,LH/Creat Msmt Ur
108479-7,BJ Protein Free Msmt Ur
108481-3,Isocitrate/Creat Msmt Ur
108484-7,Lactate/Creat Msmt Ur
108495-3,Phenyllactate/Creat Msmt Ur
108504-2,Oxalate/Creat Msmt Ur
108508-3,Phenylacetate/Creat Msmt Ur
108509-1,Phenylpyruvate/Creat Msmt Ur
10851-4,E coli O157H7 Stl Ql Cult
108510-9,PBG/Creat Msmt Ur
108516-6,Pregntrl/Creat Msmt Ur
108517-4,Porphyrins/Creat Msmt Ur
10852-2,Deprecated Fungus Bld
108520-8,Lipase Msmt Ur
108525-7,Succinate/Creat Msmt Ur
108526-5,Suberate/Creat Msmt Ur
108527-3,Tellurium/Creat Msmt Ur
108528-1,Testost/Creat Msmt Ur
108533-1,GH/Creat Msmt Ur
108534-9,Pyruvate/Creat Msmt Ur
108537-2,Salicylates Msmt Ur
108545-5,4OH-phenylacetate/Creat Msmt Ur
108547-1,3Me-tyramine/Creat Msmt Ur
108570-3,17KS/Creat Msmt Ur
108577-8,17OHCS/Creat Msmt Ur
108583-6,Androsterone/Creat Msmt Ur
108586-9,Argininosuccinate/Creat Msmt Ur
108594-3,Aldost/Creat Msmt Ur
108600-8,S pyo Ag Msmt Throat
108602-4,FLUBV Ag Msmt Throat
108603-2,FLUAV+FLUBV+FLUCV Ag Msmt Throat
108604-0,FLUAV+FLUBV Ag Msmt Throat
108605-7,FLUAV Ag Msmt Throat
10861-3,PR Tiss-mCnt
108610-7,LDH Msmt Snv
108632-1,Hgb Msmt Stl gastro
108639-6,Chloride Msmt Sweat
108668-5,Calcium Msmt Stl
108679-2,HIV1 Ab Msmt SerPlBld
108689-1,BUN Msmt SerPl
108692-5,HBV core IgM Msmt SerPl
108704-8,Folate Msmt SerPl
108714-7,HEV RNA Msmt SerPl
108715-4,HDV RNA Msmt SerPl
108717-0,HIV1 Ab Msmt SerPl
108718-8,Hcys Msmt SerPl
108719-6,HIV 2 RNA Msmt SerPl
108720-4,HIV 1+2 Ab+HIV1 p24 Ag Msmt SerPl
10873-8,B2 Microglob 24h Ur-mRate
108737-8,UIBC Msmt SerPl
108738-6,TIBC Msmt SerPl
108752-7,C2 Msmt SerPl
108754-3,CH50 Msmt SerPl
108758-4,Calcium Msmt SerPl
108779-0,Testosterone.free+WB Msmt SerPl
108785-7,SARS-CoV-2 IgM Msmt SerPl
108788-1,SARS-CoV-2 IgA Msmt SerPl
108797-2,Potassium Msmt SerPl
1088-4,Js sup(b) Ag RBC BPU Ql
10880-3,Magnesium Stl-mCnt
108801-2,Phosphate Msmt SerPl
10881-1,Penta-CP RBC-mCnc
108824-4,Lithium Msmt SerPl
108826-9,LDH Msmt SerPl
108827-7,Lactate Msmt SerPl
108829-3,Insulin Free Msmt SerPl
108834-3,Magnesium Msmt SerPl
10884-5,Phosphate Stl-mCnt
108862-4,BNP Msmt SerPl
108865-7,RF IgM Msmt Ser
10888-6,Lipase Ur-cCnc
108883-0,Porcine FLUAV Ab Msmt Ser
1089-2,Js sup(b) Ag RBC Donr Ql
108983-8,p-ANCA atypical Msmt Ser
108997-8,Atyp ANCA Msmt Ser
108998-6,ANCA IgG Msmt Ser
10900-9,HBV surface Ab Ser Ql IA
10901-7,HIV2 gp125 Ab Ser Ql IB
10902-5,HIV2 gp36 Ab Ser Ql IB
109036-4,S pneum Da 9V IgG Msmt Ser
109037-2,S pneum Da 12F Ab Msmt Ser
109041-4,S pneum Da 6B IgG Msmt Ser
109042-2,S pneum Da 6A IgG Msmt Ser
109055-4,TSH BII Msmt Ser
109063-8,Bilirub Msmt SerPl
109066-1,Bilirub Indirect Msmt SerPl
109070-3,Cancer Ag19-9 Msmt SerPl
109075-2,C peptide Msmt SerPl
10908-2,Deprecated S pneum7 IgG Ser IA-aCnc
109088-5,ALP Bone Msmt SerPl
109124-8,VGCC-P/Q Bind Ab Msmt Ser
109125-5,VGCC IgG Msmt Ser
109209-7,A alternata Ab Msmt Ser
10922-3,BSA IgE Qn
109236-0,Testost Msmt Sal
109239-4,SARS-CoV-2 N gene Msmt Sal
109297-2,Insulin Recep Ab Msmt Ser
109298-0,Insulin Porcine Ab Msmt Ser
109299-8,Insulin Bovine Ab Msmt Ser
109300-4,FLUAV H5 Ab Msmt Ser
109305-3,BJ Protein Free Msmt Ser
109317-8,HIV 2 Ab Msmt Ser
109333-5,HBV core Ab Msmt Ser
109334-3,HBV core IgM Msmt Ser
109335-0,HBV surface Ag Msmt Ser
109365-7,FSP Msmt Ser
1094-2,K Ag RBC BPU Ql
109410-1,LDH Msmt Fld
109411-9,HIV1 Ab Msmt Fld
109417-6,Glucose Msmt Fld
109420-0,Iron Msmt Fld
109424-2,Bilirub Msmt CSF
109425-9,B2 Microglob Msmt CSF
109484-6,Hgb Msmt BldA
109485-3,Glucose Msmt BldA
109501-7,T4 Msmt DBS
109515-7,Phe Msmt Bld
10952-0,Swine Urine Prot IgE Qn
109529-8,Glucose Msmt BldV
109532-2,ALP Msmt Fld
109564-5,Ca-I Msmt Bld
109565-2,Calcium Msmt Bld
109569-4,Folate Msmt Bld
109575-1,Hgb H Msmt Bld
109581-9,HIV 1 pro DNA Msmt Bld
109594-2,Magnesium Msmt Bld
1096-7,K Ag RBC Ql
109600-7,Ammonia Msmt Plas
109606-4,LDH Msmt Plr
10961-1,Rabbit Urine Prot IgE Qn
109623-9,Hgb Free Msmt Plas
109627-0,PK Msmt RBC
109628-8,Porphyrins Msmt RBC
109630-4,Magnesium Msmt RBC
109631-2,Lead Msmt RBC
109632-0,GR Msmt RBC
109633-8,Gal1PO4 Msmt RBC
109634-6,CyB5 Reduct Msmt RBC
109635-3,Copper Msmt RBC
109636-1,Cadmium Msmt RBC
109637-9,"2,3DPG Msmt RBC"
109638-7,Zinc Msmt RBC
109641-1,Ethanol Msmt Sal
109644-5,Cortis Msmt Sal
109654-4,APAP Msmt Gast
10966-0,Glucose 2.5h p 75 g Glc PO Ur Ql Strip
10967-8,Glucose 3.5h p 75 g Glc PO Ur Ql Strip
109671-8,Salicylates Msmt Gast
109679-1,Iron Msmt Hair
10968-6,Glucose 4.5h p 75 g Glc PO Ur Ql Strip
109686-6,LDH Msmt Pcar
10969-4,Cys+HCys Ur Ql
109690-8,FLUBV Ag Msmt Nph
109691-6,FLUAV Ag Msmt Nph
109694-0,FLUBV Ag Msmt Nose
109695-7,FLUAV Ag Msmt Nose
10970-2,Gal1PUT Bld-cCnc
109701-3,LDH Msmt Prt
109706-2,Bilirub Msmt Prt
109721-1,Phosphate Msmt Dial fld
109723-7,Glucose Msmt Dial fld
109729-4,Glucose Msmt DiafP
109765-8,FLUAV Ab Msmt CSF
109769-0,HIV1 RNA Msmt CSF
109785-6,LDH Msmt CSF
109805-2,HCV RNA Msmt CSF
109806-0,HBV DNA Msmt CSF
109828-4,S pneum Ag Msmt CSF
109834-2,Glucose Msmt Interstitial fld
109844-1,Ethanol Msmt Gast
109851-6,FSP Msmt PPP
109857-3,HIV1 RNA Msmt Plas
109874-8,Creat Msmt Fld
109883-9,Bilirub Msmt Fld
109884-7,Albumin Msmt Fld
109886-2,Hgb Msmt BldV
109887-0,Hgb Msmt BldMV
109888-8,Glucose Msmt BldC
109891-2,Retics Msmt
109913-4,HCV RNA Msmt Mar
109914-2,HBV DNA Msmt Mar
109920-9,Albumin Msmt CSF
109962-1,HCV IgG Msmt Ser
109963-9,HCV Ab Msmt Ser
109964-7,HEV Ab Msmt Ser
109965-4,HDV Ag Msmt Ser
109966-2,HDV IgM Msmt Ser
109967-0,HDV IgG Msmt Ser
109968-8,HBV e Ab Msmt Ser
109969-6,HBV core IgG Msmt Ser
109972-0,HAV Ab Msmt Ser
109978-7,HIV1 Ab Msmt Ser
1100-7,Kp sup(a) Ag RBC BPU Ql
110018-9,Gal1PUT Msmt RBC
110026-2,A alternata IgG Msmt Ser
110028-8,Alternaria IgG Msmt Ser
110107-0,Cancer Ag125 Msmt SerPl
11011-4,HCV RNA SerPl NAA+probe-aCnc
110110-4,Bilirub Direct Msmt SerPl
110111-2,B2 Microglob Msmt SerPl
110118-7,TSI Msmt Ser
11012-2,Reovirus Ab Titr Ser CF
110128-6,S pneum Da 4 IgG Msmt Ser
110129-4,S pneum Da 3 IgG Msmt Ser
110130-2,S pneum Da 23F IgG Msmt Ser
110131-0,S pn Da sero 19F IgG Msmt Ser
110132-8,S pneum Da 18C IgG Msmt Ser
110133-6,S pneum Da 14 IgG Msmt Ser
110134-4,S pneum Da 12F IgG Msmt Ser
110137-7,S pneum Da 1 IgG Msmt Ser
110138-5,S pneum IgG Msmt Ser
110139-3,S pneum Da 9N IgG Msmt Ser
110140-1,S pneum Da 9N Ab Msmt Ser
110141-9,S pneum Da 8 IgG Msmt Ser
110142-7,S pneum Da 8 Ab Msmt Ser
110143-5,S pneum Da 7F IgG Msmt Ser
1102-3,Kp sup(a) Ag RBC Ql
11020-5,TRAP Stn Bld/Mar
110215-1,NT-proBNP Msmt SerPl
110246-6,Phenytoin Msmt SerPl
110252-4,SARS-CoV-2 IgG Msmt SerPl
110258-1,Cholest Msmt SerPl
110262-3,C4 Msmt SerPl
110269-8,Iron Msmt SerPl
110270-6,IGF-I Msmt SerPl
110280-5,Ferritin Msmt SerPl
110283-9,Glucose Msmt SerPl
110288-8,Troponin T Msmt SerPl
110289-6,Troponin I Msmt SerPl
110298-7,Chloride Msmt Stl
110300-1,HBV core Ab Msmt Ser Donr
11031-2,Lymphocytes NFr Fld
110321-7,Antimony/Creat Msmt Ur
110325-8,Aluminum/Creat Msmt Ur
110346-4,Silver/Creat Msmt Ur
110347-2,Strontium/Creat Msmt Ur
110349-8,Selenium/Creat Msmt Ur
11035-3,Adenylate kinase RBC-cCnc
110354-8,Propionylgly/Creat Msmt Ur
110356-3,Thallium/Creat Msmt Ur
110358-9,Tin/Creat Msmt Ur
110362-1,PPG/Creat Msmt Ur
110363-9,Orotate/Creat Msmt Ur
110364-7,Phenol/Creat Msmt Ur
110366-2,Lead/Creat Msmt Ur
110369-6,LDH Msmt Ur
110371-2,Iron/Creat Msmt Ur
110374-6,Lithium Msmt Ur
110375-3,Manganese/Creat Msmt Ur
110381-1,Molybdenum/Creat Msmt Ur
110386-0,Me-histamine/Creat Msmt Ur
110395-1,Normetanephrine/Creat Msmt Ur
11040-3,Cortis F Ur-mCnc
110401-7,Bismuth/Creat Msmt Ur
110406-6,Beryllium/Creat Msmt Ur
110408-2,HCO3 Msmt Ur
110410-8,Barium/Creat Msmt Ur
110414-0,Citrate/Creat Msmt Ur
110420-7,Cortis F/Creat Msmt Ur
110422-3,Cobalt/Creat Msmt Ur
110423-1,Copper/Creat Msmt Ur
110431-4,Hexanoylgly/Creat Msmt Ur
110434-8,Glutarate/Creat Msmt Ur
11044-5,DPGM RBC-cCnc
110445-4,Fluoride/Creat Msmt Ur
110449-6,u Estradiol Msmt Ur
11045-2,Enolase RBC-cCnc
110463-7,Urate/Creat Msmt Ur
110465-2,Uranium/Creat Msmt Ur
110467-8,Vanadium/Creat Msmt Ur
11047-8,GPI RBC-cCnc
110470-2,VMA/Creat Msmt Ur
110476-9,Zinc/Creat Msmt Ur
11048-6,GAPD RBC-cCnc
110488-4,Urea/Creat Msmt Ur
110502-2,Estradiol Msmt Ur
110508-9,DOPamine/Creat Msmt Ur
110511-3,Epineph/Creat Msmt Ur
110518-8,D-ALA/Creat Msmt Ur
110522-0,Glucose/Creat Msmt Ur
110525-3,Hippurate/Creat Msmt Ur
110526-1,GAG/Creat Msmt Ur
110527-9,Histamine/Creat Msmt Ur
110528-7,HVA/Creat Msmt Ur
110529-5,Hcys Msmt Ur
11053-6,LDH RBC-cCnc
110536-0,Calcium/Creat Msmt Ur
110538-6,Chloride/Creat Msmt Ur
11054-4,LDLc/HDLc SerPl
110540-2,Cr/Creat Msmt Ur
110544-4,Arsenic/Creat Msmt Ur
110547-7,B2 Microglob/Creat Msmt Ur
110555-0,Cadmium/Creat Msmt Ur
110561-8,Norepineph/Creat Msmt Ur
110565-9,Nickel/Creat Msmt Ur
110569-1,Methylmalonate/Creat Msmt Ur
11057-7,MPGM RBC-cCnc
110576-6,Mercury/Creat Msmt Ur
110577-4,Magnesium/Creat Msmt Ur
11058-5,PFK RBC-cCnc
110580-8,BJ Protein Msmt Ur
110582-4,Lactate Msmt Ur
11059-3,PGK RBC-cCnc
1106-4,Kp sup(b) Ag RBC BPU Ql
11062-7,T4 Alb Bnd SerPl-mCnc
11063-5,TPI RBC-cCnc
110636-8,APAP Msmt Ur
110637-6,Phosphate Msmt Stl
110638-4,HCV RNA Msmt Tiss
110639-2,HBV DNA Msmt Tiss
11064-3,BUN p dialysis SerPl-mCnc
110643-4,Glucose Msmt Stl
110646-7,T3 Msmt SerPl
110647-5,Progest Msmt SerPl
110648-3,Haptoglob Msmt SerPl
11065-0,BUN pre dial SerPl-mCnc
110653-3,Digoxin Msmt SerPl
11066-8,URO-S RBC-cCnc
110664-0,T4 Msmt SerPl
110676-4,Insulin Msmt SerPl
1107-2,Kp sup(b) Ag RBC Donr Ql
11076-7,HCV5-1-1 Ab Ser Ql IB
110769-7,APAP Msmt SerPl
11077-5,HCV SOD Ab Ser Ql IB
11078-3,HIV2 gp80 Ab Ser Ql IB
11079-1,HIV2 p26 Ab Ser Ql IB
110797-8,A phagocytoph IgM Msmt Ser
110799-4,A phagocytoph Ab Msmt Ser
1108-0,Kp sup(b) Ag RBC Ql
11080-9,HIV2 p53 Ab Ser Ql IB
110802-6,HIV1 Ab Msmt Sal
11081-7,HIV2 p56 Ab Ser Ql IB
110819-0,FLUCV Ab Msmt Ser
11082-5,HIV2 p68 Ab Ser Ql IB
110820-8,FLUBV IgM Msmt Ser
110821-6,FLUBV IgG Msmt Ser
110822-4,FLUAV IgM Msmt Ser
110823-2,FLUAV IgG Msmt Ser
110828-1,HBV e Ag Msmt Ser
110832-3,HAV IgM Msmt Ser
110833-1,HAV IgG Msmt Ser
110834-9,HDV Ab Msmt Ser
110855-4,EIV A2 Ab Msmt Ser
110856-2,EIV A1 Ab Msmt Ser
11086-6,S pneum Ag Ser Ql
11087-4,Insulin Ab Titr Ser
110885-1,Hgb Msmt Bld
110886-9,Ethanol Msmt Bld
110888-5,Fibrinogen Msmt PPP
110889-3,SARS-CoV-2 RNA Msmt Resp
110891-9,ZPP Msmt RBC
110902-4,Creat Msmt DiafP
110903-2,Creat Msmt Dial fld
110933-9,TPMT Msmt RBC
110934-7,G6PD Msmt RBC
110938-8,Hgb F Msmt Bld
110939-6,Glucose Msmt Bld
110942-0,Bilirub Msmt Amn
110964-4,HBV surface Ab Msmt Ser
110965-1,HBV DNA Msmt Ser
110977-6,FLUAV+FLUBV Ab Msmt Ser
111005-5,Ca-I Msmt SerPl
111010-5,S pneum Ab Msmt Ser
111012-1,S pyog.enz Ab Msmt Ser
111019-6,p-ANCA Msmt Ser
111020-4,c-ANCA Msmt Ser
11103-9,Neuts Band NFr Mar Manual
11104-7,Baso Normoblasts NFr Mar Manual
11105-4,Basophils NFr Mar Manual
111053-5,Prolactin Msmt SerPl
111054-3,Salicylates Msmt SerPl
111058-4,CK MB Msmt SerPl
11106-2,Eosinophil NFr Mar Manual
111060-0,Cortis Msmt SerPl
111061-8,HBV surface Ag Msmt SerPl
111062-6,Ethanol Msmt SerPl
111063-4,T3Free Msmt SerPl
111065-9,Trigl Msmt SerPl
111069-1,Rheumatoid fact Msmt Snv
11107-0,Variant Lymphs NFr Mar Manual
111078-2,Ammonia Msmt Ur
11108-8,Lymphocytes NFr Mar Manual
111088-1,PYD/Creat Msmt Ur
111089-9,Prot/Creat Msmt Ur
111097-2,Sodium/Creat Msmt Ur
111108-7,Potassium/Creat Msmt Ur
111119-4,Phe/Creat Msmt Ur
11112-0,Monocytes NFr Mar Manual
111148-3,C peptide Msmt Ur
11115-3,Neutrophils NFr Mar Manual
111179-8,Cystine/Creat Msmt Ur
111208-5,Ethanol Msmt Ur
111211-9,DPD/Creat Msmt Ur
111224-2,OH-Proline/Creat Msmt Ur
111254-9,Testost Msmt Ur
111263-0,Sodium Msmt Stl
111266-3,Potassium Msmt Stl
111267-1,Estradiol Msmt SerPl
111268-9,HBV DNA Msmt SerPl
111273-9,HDLc Msmt SerPl
111274-7,T4 Free Msmt SerPl
11128-6,Neuts Seg NFr Mar
111291-1,ANCA Ab Msmt Ser
1113-0,Le sup(a) Ag RBC BPU Ql
11130-2,B Lymphocytes # Bld
11131-0,Deprecated Erythroblasts early Fr Mar
11132-8,Deprecated Bilirub Fld-mCnc
111329-9,Insulin Ab Msmt Ser
111375-2,Neutrophil Ab Msmt Ser
111384-4,Testost Free Msmt SerPl
111385-1,Testost Msmt SerPl
111386-9,Magnesium Msmt Stl
111390-1,M Protein Msmt Ur
111392-7,Iron Msmt Ur
111399-2,UUN Msmt Ur
1114-8,Le sup(a) Ag RBC Donr Ql
111406-5,Cortis Msmt Ur
111408-1,B2 Microglob Msmt Ur
11141-9,Phosphate/Creat Ur
111417-2,Rheumatoid fact Msmt Ser
111419-8,Albumin Msmt SerPl
11142-7,Glucose 15M p 100 g Glc PO SerPl-mCnc
111424-8,FLUBV Ab Msmt Ser
111428-9,Rheumatoid fact Msmt Fld
11143-5,Glucose 45M p 100 g Glc PO SerPl-mCnc
111453-7,Chloride Msmt Ur
111459-4,Potassium Msmt Ur
111464-4,Amylase Msmt Ur
111465-1,Magnesium Msmt Ur
111466-9,Sodium Msmt Ur
111467-7,Albumin/Creat Msmt Ur
111468-5,HIV1 RNA Msmt SerPl
111469-3,HCV RNA Msmt SerPl
11147-6,Myoglobin/Creat Ur
111471-9,Cortis F Msmt Ur
111478-4,FLUAV whole genome ID Spec Seq
11148-4,Potassium/Creat Ur
11149-2,Sodium/Creat Ur
1115-5,Le sup(a) Ag RBC Ql
111506-2,HBV BCP Mut SerPl Seq
111507-0,HBV preC mut SerPl Seq
11151-8,Hct VFr BldCo Calc
111511-2,HBV RT gene mut SerPl Ql Seq
111512-0,HBV surface Ag DNA mut SerPl Ql Seq
111519-5,LDL.oxidized SerPl-mCnc
11152-6,Eosinophil NFr Mar
111525-2,Hereditary PGL/PCC multi anl Bld/T-mCnc
11153-4,Hct VFr Fld Calc
111535-1,Albumin transudation rate Patient Calc
111538-5,BVA report Patient Doc
111539-3,Hct adj to ideal bv VFr Patient Calc
11155-9,Cortis/Creat Ur
111559-1,FLUBV RNA BAS Ql NAA+n-prb
111560-9,FLUAV RNA BAS Ql NAA+n-prb
111567-4,S pyo DNA BAS NAA+n-prb-NCncRng
111568-2,S pneum DNA BAS NAA+n-prb-NCncRng
111569-0,Gp B Strep DNA BAS NAA+n-prb-NCncRng
111737-3,Glu mntr sum 72h Imp OP Doc
111766-2,D Dimer SerPlBld IA.FEU-mCnc
111767-0,NT-proBNP SerPlBld IA-mCnc
1119-7,Le sup(b) Ag RBC BPU Ql
111906-4,Amlse nxt D RptPeriod Msmt Endscpy
1120-5,Le sup(b) Ag RBC Donr Ql
112078-1,FLUABV + SARS-CoV-2 Ag Nose Ql IA.rapid
11210-2,Cancer Ag125 Fld-aCnc
11214-4,Deprecated Creat Ur Ql
112157-3,A alternata IgE Qn IA
11218-5,Microalbumin Ur Test Str-mCnc
11219-3,BJ Protein Ser Ql
112295-1,Influenza virus A & Influenza virus B & SARS coronavirus 2 & Respiratory syncytial virus Ag panel
11231-8,Astemizole SerPl-mCnc
112330-6,IEI multigene analysis Bld/T
112331-4,Phagocytic disorder and CGD multigene analysis Bld/T
112424-7,t10;19;10p11.21;19p13.3;CUL2 Bld/T Ql
11258-1,HBV DNA Ser-aCnc
11259-9,HCV RNA SerPl Ql NAA+probe
11266-4,Gp B Strep Ag Spec Ql
11267-2,B-Hem Strep Genital Ql Cult
11268-0,S pyo Throat Ql Cult
11269-8,S pyo Ag Ser Ql Aggl
11271-4,Hct VFr BldCo Auto
11275-5,Lg Gran Lymphs NFr Bld Manual
1130-4,Deprecated Le NOS Ag RBC BPU Ql
1132-0,Deprecated Le NOS Ag RBC Ql
1136-1,Lu sup(a) Ag RBC BPU Ql
1137-9,Lu sup(a) Ag RBC Donr Ql
1138-7,Lu sup(a) Ag RBC Ql
1145-2,Lu sup(b) Ag RBC BPU Ql
1146-0,Lu sup(b) Ag RBC Donr Ql
1151-0,Deprecated Lu NOS Ag RBC BPU Ql
1152-8,Deprecated Lu NOS Ag RBC Donr Ql
11554-3,Deprecated Magnesium SerPl-sCnc
11558-4,pH Bld
11567-5,Deprecated ANCA Ab Ser-aCnc
1157-7,little c Ag RBC BPU Ql
11572-5,Rheumatoid fact SerPl-aCnc
11573-3,RF IgM Ser-aCnc
1158-5,little c Ag RBC Donr Ql
1159-3,little c Ag RBC Ql
1163-5,little e Ag RBC BPU Ql
1164-3,little e Ag RBC Donr Ql
1175-9,Deprecated little i1 Ag RBC BPU Ql
1183-3,Deprecated little i2 Ag RBC Patient Ql
1187-4,Deprecated little i NOS Ag RBC BPU Ql
1193-2,little k Ag RBC BPU Ql
1194-0,little k Ag RBC Donr Ql
1195-7,little k Ag RBC Ql
1202-1,Deprecated pk Ag RBC BPU Ql
1205-4,Deprecated little p Ag RBC BPU Ql
1206-2,Deprecated little p Ag RBC Donr Ql
12061-8,US Head.IC Anatomy Fetus Study
12062-6,US Head.IC Anatomy Fetus Study
1211-2,little s Ag RBC BPU Ql
1212-0,little s Ag RBC Donr Ql
1213-8,little s Ag RBC Ql
12174-9,Albumin/Glob Fld
12175-6,Deprecated Alb/Glob Ser-mRto
12179-8,Basophils NFr Fld Manual
1218-7,LW Ag RBC Donr Ql
12180-6,Ca-I SerPl ISE-sCnc
12181-4,Calcium Fld-sCnc
12183-0,Cholest Fld-mCnc
12187-1,CK MB CFr SerPl Elph
12188-9,Deprecated CK MB/CK Fr SerPl EIA
12189-7,CK MB CFr SerPl Calc
1219-5,LW Ag RBC Ql
12208-5,Eosinophil NFr CSF Manual
12209-3,Eosinophil NFr Fld Manual
12210-1,Eosinophil NFr UrnS Manual
12213-5,Deprecated Estradiol Ser RIA-mCnc
12214-3,Deprecated Estradiol Ser-mCnc
12219-2,Glucose 4h p PD Prt-mCnc
12220-0,Glucose 12h p PD Prt-mCnc
12228-3,Trigl Fld-mCnc
12231-7,Prolactin BS SerPl-mCnc
12238-2,Neutrophils NFr Fld Manual
1224-5,Mg Ag RBC Donr Ql
12242-4,Phosphate Fld-mCnc
1225-2,Mg Ag RBC Ql
12250-7,Retics/1000 RBC Hct adj NFr
12252-3,Deprecated Somatomedin C Ser-mCnc
12259-8,S pyog.enz Ab Ser Ql Shp Aggl
12265-5,Urea nit Prt-mCnc
12266-3,Urea nit 2h p PD Prt-mCnc
12267-1,Urea nit 4h p PD Prt-mCnc
12268-9,Urea nit 12h p PD Prt-mCnc
12276-2,Deprecated E coli O157H7 Stl Cult
12278-8,Neuts Band NFr CSF Manual
1229-4,M Ag RBC BPU Ql
1230-2,M Ag RBC Donr Ql
1231-0,M Ag RBC Ql
12310-9,Phenytoin Ur Ql
1233-6,Mi sup(a) Ag RBC Donr Ql
1234-4,Mi sup(a) Ag RBC Ql
1241-9,Deprecated M NOS Ag RBC BPU Ql
1242-7,Deprecated M NOS Ag RBC Donr Ql
12442-0,APAP Spec-mCnc
12453-7,Amorph Phos Cry UrnS Ql Micro
12465-1,Ethanol Vitf-mCnc
1247-6,M1 Ag RBC BPU Ql
12470-1,Hcys Ur-mCnc
12476-8,Bilirub Amn Spectrp dir-mCnc
1248-4,M1 Ag RBC Donr Ql
12503-9,Hgb sp4 Stl gastro Ql
12504-7,Hgb sp5 Stl gastro Ql
12505-4,Cadmium RBC-mCnc
12506-2,Calcit sp2 p chal SerPl-mCnc
12507-0,Calcit sp3 p chal SerPl-mCnc
12508-8,Calcit sp4 p chal SerPl-mCnc
12509-6,Calcit sp5 p chal SerPl-mCnc
12510-4,Calcit sp6 p chal SerPl-mCnc
12511-2,Calcium 4h Ur-mCnc
12512-0,Ca H2 Phos dihyd Cry UrnS Ql Micro
12513-8,HCO3 Wat-sCnc
12514-6,HCO3 Dial fld-sCnc
12515-3,CEA Fld-mCnc
12516-1,Catechols sp2 p chal Ur-mCnc
12517-9,Catechols sp3 p chal Ur-mCnc
12518-7,Catechols sp4 p chal Ur-mCnc
12519-5,Catechols sp5 p chal Ur-mCnc
12520-3,Catechols sp6 p chal Ur-mCnc
12521-1,Catechols sp7 p chal Ur-mCnc
12522-9,Catechols sp2 p chal Plas-mCnc
12523-7,Catechols sp3 p chal Plas-mCnc
12524-5,Catechols sp4 p chal Plas-mCnc
12530-2,Chloride Wat-sCnc
12531-0,Deprecated Cholest Fld-mCnc
12533-6,TTCA Ur-mCnc
12534-4,TTCA/Creat Ur
12557-5,Cortis sp2 p chal SerPl-mCnc
12558-3,Cortis sp3 p chal SerPl-mCnc
12559-1,Cortis sp4 p chal SerPl-mCnc
12560-9,Cortis sp5 p chal SerPl-mCnc
12561-7,Cortis sp6 p chal SerPl-mCnc
12562-5,Cortis sp7 p chal SerPl-mCnc
12563-3,Cortis sp8 p chal SerPl-mCnc
12564-1,Cortis sp9 p chal SerPl-mCnc
12565-8,Cortis sp10 p chal SerPl-mCnc
12566-6,Cortis 30M p chal SerPl-mCnc
12567-4,Cortis 1h p chal SerPl-mCnc
12568-2,Cortis 20M p chal SerPl-mCnc
12569-0,Cortis 2.5h p chal SerPl-mCnc
12570-8,Cortis p chal SerPl-mCnc
12584-9,Creat Vitf-mCnc
1259-1,N Ag RBC BPU Ql
12595-5,Estradiol Ur-mCnc
12596-3,Estradiol 3h p chal SerPl-mCnc
1260-9,N Ag RBC Donr Ql
12607-8,Glucose pre dial DiafP-mCnc
12608-6,Glucose 2H dwell spec DiafP-mCnc
12609-4,Glucose 4H dwell spec DiafP-mCnc
12611-0,Glucose 4h spec SerPl-mCnc
12612-8,Glucose 2h spec Dial fld-mCnc
12613-6,Glucose 4h spec Dial fld-mCnc
12614-4,Glucose 7h p meal SerPl-mCnc
12628-4,Glucose DiafP-mCnc
12629-2,Glucose 24h DiafP-mCnc
12630-0,Glucose sp1 DiafP-mCnc
12631-8,Glucose sp2 DiafP-mCnc
12632-6,Glucose sp3 DiafP-mCnc
12633-4,Glucose sp4 DiafP-mCnc
12634-2,Glucose sp5 DiafP-mCnc
12635-9,Glucose sp6 DiafP-mCnc
12636-7,Glucose sp7 DiafP-mCnc
1265-8,Deprecated N NOS Ag RBC BPU Ql
1266-6,Deprecated N NOS Ag RBC Donr Ql
1267-4,Deprecated N NOS Ag RBC Ql
12710-0,Hgb Fract Bld-Imp
12711-8,Hgb A Reg Bld Ql Elph Alk
12712-6,Hgb S+D+G Reg Bld Ql Elph Alk
12713-4,Hgb C+E+O+A2 Bld Ql Elph Alk
12722-5,IGF BP1 SerPl-mCnc
12723-3,IGF BP2 SerPl-mCnc
12724-1,VGCC IgG Ser-aCnc
12738-1,Insulin pre chal SerPl-mCnc
12739-9,Insulin sp2 p chal SerPl-mCnc
12740-7,Insulin sp3 p chal SerPl-mCnc
12741-5,Insulin sp4 p chal SerPl-mCnc
12742-3,Insulin sp5 p chal SerPl-mCnc
12743-1,Insulin sp6 p chal SerPl-mCnc
12744-9,Insulin sp7 p chal SerPl-mCnc
12745-6,Insulin sp8 p chal SerPl-mCnc
12746-4,Insulin sp9 p chal SerPl-mCnc
12747-2,Insulin 3.5h p chal SerPl-mCnc
12748-0,Insulin 4.5h p chal SerPl-mCnc
12749-8,Insulin 5.5h p chal SerPl-mCnc
1275-7,Deprecated O Ag RBC Donr Ql
12750-6,Insulin 7h p chal SerPl-mCnc
12751-4,Insulin 7.5h p chal SerPl-mCnc
12752-2,Insulin 8h p chal SerPl-mCnc
12753-0,Insulin 9h p chal SerPl-mCnc
12754-8,Insulin 10h p chal SerPl-mCnc
12755-5,Insulin 11h p chal SerPl-mCnc
12756-3,Insulin 12h p chal SerPl-mCnc
12757-1,Insulin 30M pre chal SerPl-mCnc
12758-9,Insulin 15M pre chal SerPl-mCnc
12759-7,Insulin 2M p chal SerPl-mCnc
1276-5,Deprecated O Ag RBC Patient Ql
12760-5,Insulin 4M p chal SerPl-mCnc
12761-3,Insulin 8M p chal SerPl-mCnc
12762-1,Insulin 15M p chal SerPl-mCnc
12763-9,Insulin 19M p chal SerPl-mCnc
12764-7,Insulin 22M p chal SerPl-mCnc
12765-4,Insulin 40M p chal SerPl-mCnc
12766-2,Insulin 45M p chal SerPl-mCnc
12767-0,Insulin 50M p chal SerPl-mCnc
12768-8,Insulin 70M p chal SerPl-mCnc
12771-2,HDLc SerPl Ql Elph
12772-0,HDLc SerPl Elph-aCnc
12773-8,LDLc SerPl Elph-aCnc
12774-6,Mercury RBC-mCnc
12803-3,Phe Bld Guthrie
12805-8,ALP Iso SerPl-aCnc
12806-6,ALP Lung SerPl-cCnc
12812-4,Potassium sp2 SerPl-sCnc
12813-2,Potassium sp3 SerPl-sCnc
12814-0,Potassium Vitf-sCnc
12815-7,Progest sp2 p chal SerPl-mCnc
12816-5,Progest sp3 p chal SerPl-mCnc
12817-3,Progest sp4 p chal SerPl-mCnc
12818-1,Progest sp5 p chal SerPl-mCnc
12819-9,Progest sp6 p chal SerPl-mCnc
12820-7,Progest 24h Ur-mCnc
12821-5,Progest 30M p chal SerPl-mCnc
12822-3,Progest 1h p chal SerPl-mCnc
12823-1,Prolactin sp2 p chal SerPl-mCnc
12824-9,Prolactin sp3 p chal SerPl-mCnc
12825-6,Prolactin sp4 p chal SerPl-mCnc
12826-4,Prolactin sp5 p chal SerPl-mCnc
12827-2,Prolactin sp6 p chal SerPl-mCnc
12828-0,Prolactin sp7 p chal SerPl-mCnc
12829-8,Prolactin sp8 p chal SerPl-mCnc
1283-1,Deprecated P NOS Ag RBC BPU Ql
12830-6,Prolactin sp9 p chal SerPl-mCnc
12831-4,Prolactin sp10 p chal SerPl-mCnc
12832-2,Prolactin 10M p chal SerPl-mCnc
12833-0,Prolactin 20M p chal SerPl-mCnc
12834-8,Prolactin 15M p chal SerPl-mCnc
12835-5,Prolactin 45M p chal SerPl-mCnc
12842-1,Prot 12h Ur-mCnc
1285-6,Deprecated P NOS Ag RBC Ql
12855-3,HIV1 p23 Ab Ser Ql IB
12856-1,HIV1 p65 Ab Ser Ql IB
12857-9,HIV1 p28 Ab Ser Ql IB
12858-7,HIV1 p32 Ab Ser Ql IB
12859-5,HIV1 p18 Ab Ser Ql IB
12870-2,HIV1 gp34 Ab Ser Ql IB
12871-0,HIV1 p26 Ab Ser Ql IB
12872-8,HIV1 p15 Ab Ser Ql IB
12875-1,HIV1 p64 Ab Ser Ql IB
12876-9,HIV1 p53 Ab Ser Ql IB
1289-8,P1 Ag RBC BPU Ql
12893-4,HIV1 gp105 Ab Ser Ql IB
12894-2,HIV1 p68 Ab Ser Ql IB
12895-9,HIV1 p58 Ab Ser Ql IB
12898-3,Chloride Vitf-sCnc
12907-2,Sodium RBC-sCnc
12908-0,Sodium Vitf-sCnc
12909-8,IGF-I 30M p chal SerPl-mCnc
1291-4,P1 Ag RBC Ql
12910-6,IGF-I 1h p chal SerPl-mCnc
12911-4,IGF-I 1.5h p chal SerPl-mCnc
12921-3,Testost 3h p chal SerPl-mCnc
12922-1,Testost 1h p chal SerPl-mCnc
12923-9,T4 sp2 p chal SerPl-mCnc
12924-7,T4 sp3 p chal SerPl-mCnc
12925-4,T4 sp4 p chal SerPl-mCnc
12926-2,T4 sp5 p chal SerPl-mCnc
12927-0,T4 sp6 p chal SerPl-mCnc
12928-8,T4 sp7 p chal SerPl-mCnc
12929-6,T4 sp8 p chal SerPl-mCnc
1293-0,Deprecated P2 Ab SerPl Donr Ql
12930-4,T4 sp9 p chal SerPl-mCnc
12931-2,T4 1h p chal SerPl-mCnc
1295-5,Deprecated P2 Ag RBC BPU Ql
12950-2,Deprecated Trigl Fld-mCnc
12951-0,Trigl SerPl Calc-mCnc
12952-8,Deprecated T4U 1h p chal SerPl-mCnc
12953-6,T3 sp2 p chal SerPl-mCnc
12954-4,T3 sp3 p chal SerPl-mCnc
12955-1,T3 sp4 p chal SerPl-mCnc
12956-9,T3 sp5 p chal SerPl-mCnc
12957-7,T3 sp6 p chal SerPl-mCnc
12958-5,T3 sp7 p chal SerPl-mCnc
12959-3,T3 sp8 p chal SerPl-mCnc
12960-1,A1AT Cl SerPl+Stl-aCnc
12961-9,BUN BldA-mCnc
12962-7,BUN BldV-mCnc
12963-5,BUN BldP-mCnc
12964-3,BUN BS Bld-mCnc
12965-0,BUN 70M spec SerPl-mCnc
12966-8,BUN 2h spec SerPl-mCnc
12967-6,UUN 24h Ur-mCnc
12968-4,Urea nit 4h spec Dial fld-mCnc
12969-2,Urea nit BS DiafP-mCnc
12970-0,Urea nit 2H dwell spec DiafP-mCnc
12971-8,Urea nit 4H dwell spec DiafP-mCnc
12972-6,Urea nit sp1 DiafP-mCnc
12973-4,Urea nit sp4 DiafP-mCnc
12974-2,Urea nit sp3 DiafP-mCnc
12975-9,Urea nit sp5 DiafP-mCnc
12976-7,Urea nit sp6 DiafP-mCnc
12977-5,Urea nit sp8 DiafP-mCnc
12978-3,Urea nit sp7 DiafP-mCnc
12979-1,Urea nit 24h sp DiafP-mCnc
12981-7,Urea nit post/pre dialysis DiafP
12998-1,DCM Bld-mCnc
13001-3,Mandelate/Creat Ur
13032-8,C peptide sp2 p chal SerPl-mCnc
13033-6,C peptide sp3 p chal SerPl-mCnc
13034-4,C peptide sp4 p chal SerPl-mCnc
13035-1,C peptide sp5 p chal SerPl-mCnc
13036-9,C peptide sp6 p chal SerPl-mCnc
13037-7,C peptide p fast SerPl-mCnc
13038-5,C peptide 30M p chal SerPl-mCnc
13039-3,C peptide 1h p chal SerPl-mCnc
13040-1,C peptide 1.5h p chal SerPl-mCnc
13041-9,C peptide 2h p chal SerPl-mCnc
13042-7,C peptide 2.5h p chal SerPl-mCnc
13043-5,C peptide 3h p chal SerPl-mCnc
13044-3,C peptide 5h p chal SerPl-mCnc
13045-0,C peptide 6h p chal SerPl-mCnc
13046-8,Variant Lymphs NFr Bld
13054-2,FSP Ur-aCnc
13056-7,Platelet # Plas Auto
13087-2,AH50 SerPl-aCnc
13088-0,CH100 SerPl-aCnc
1310-2,Deprecated D NOS Ag RBC BPU Ql
1311-0,Deprecated D NOS Ag RBC Donr Ql
13117-7,SC5b9 Ab SerPl-aCnc
1312-8,Deprecated D NOS Ag RBC Ql
13125-0,Deprecated HCV C33c Ab SerPl Ql IB
13126-8,Deprecated HBV DNA Bld Ql IB
13131-8,Deprecated S pneum 1 Ab Ser-aCnc
13132-6,Deprecated S pneum4 Ab Ser-aCnc
13133-4,S pneum Da 6B Ab Ser-aCnc
13134-2,Deprecated S pneum8 Ab Ser-aCnc
13135-9,Deprecated S pneum12 Ab Ser-aCnc
13136-7,S pneum Da 18C Ab Ser-aCnc
13137-5,Deprecated S pneum19 Ab Ser-aCnc
13138-3,Deprecated S pneum23 Ab Ser-aCnc
13139-1,Deprecated S pneum 1 Ab sp1 Ser-aCnc
13140-9,Deprecated S pneum 1 Ab sp2 Ser-aCnc
13141-7,Deprecated S pneum3 Ab sp1 Ser-aCnc
13142-5,Deprecated S pneum3 Ab sp2 Ser-aCnc
13143-3,Deprecated S pneum4 Ab sp1 Ser-aCnc
13144-1,Deprecated S pneum4 Ab sp2 Ser-aCnc
13149-0,Deprecated S pneum8 Ab sp1 Ser-aCnc
13150-8,Deprecated S pneum8 Ab sp2 Ser-aCnc
13151-6,Deprecated S pneum9 Ab sp1 Ser-aCnc
13152-4,Deprecated S pneum9 Ab sp2 Ser-aCnc
13153-2,Deprecated S pneum12 Ab sp1 Ser-aCnc
13155-7,Deprecated S pneum14 Ab sp1 Ser-aCnc
13159-9,Deprecated S pneum19 Ab sp1 Ser-aCnc
13160-7,Deprecated S pneum19 Ab sp2 Ser-aCnc
13161-5,Deprecated S pneum23 Ab sp1 Ser-aCnc
13162-3,Deprecated S pneum23 Ab sp2 Ser-aCnc
13163-1,Deprecated S pneum12 Ab Ser-aCnc
13165-6,Deprecated S pneum19 Ab Ser-aCnc
13166-4,Deprecated S pneum23 Ab Ser-aCnc
13167-2,S pneum Da 7F Ab Ser-aCnc
13168-0,Deprecated S pneum6+26 Ab Ser-aCnc
1318-5,S Ag RBC BPU Ql
1319-3,S Ag RBC Donr Ql
13191-2,Deprecated Rheumatoid fact SerPl-aCnc
1320-1,S Ag RBC Ql
13248-0,HDV Ab Ser Ql
1326-8,U Ag RBC BPU Ql
1327-6,U Ag RBC Donr Ql
1328-4,U Ag RBC Ql
13294-4,HEV Ab Ser Ql
13309-0,Duffy Group Ag RBC
13310-8,Kell Group Ag RBC
13311-6,MNSS Group Ag RBC
13315-7,Bacteria 24h Ur Cult
13316-5,VRE Spec Ql Cult
13318-1,E coli EIEC Stl Cult
1333-4,V Ag RBC Donr Ql
1334-2,V Ag RBC Ql
13350-4,Deprecated Eosinophil Fr CSF Manual
13352-0,Deprecated Neutrophils Fr Fld Manual
13353-8,Deprecated Eosinophil Fr Fld Manual
13354-6,Neuts Band NFr Fld Manual
13361-1,Semen analysis panel
1341-7,Xg sup(a) Ag RBC Ql
13438-7,Prot Pattern Ur Elph-Imp
13444-5,Calcium/Alb SerPl
13448-6,Calcium/Osmolality SerPl-Rto
13451-0,Creat Cl Dial fld+SerPl-vRate
13452-8,Iron/Transferrin SerPl
13453-6,Deprecated Mean Glucose Bld gHb Est-aCnc
13454-4,CaxP SerPl-SCncSq
13455-1,Lithium SerPl/RBC Bld
13457-7,LDLc SerPl Calc-mCnc
13458-5,VLDLc SerPl Calc-mCnc
13459-3,LDLc SerPl
13460-1,Deprecated LDLc/HDLc SerPl-mRto
13462-7,Apo A-I/Apo B SerPl
13465-0,Mercury/Creat Ur
13466-8,Lead/Creat Ur
13467-6,Selenium/Creat Ur
13470-0,Aluminum/Creat Ur
13472-6,Nickel/Creat Ur
13473-4,Zinc/Creat Ur
13474-2,Magnesium/Creat Ur
13475-9,Fluoride/Creat Ur
13478-3,THC/Creat Ur
13483-3,Oxalate/Creat Ur
13484-1,Creatine/Creat Ur
13485-8,B2 Microglob/Creat Ur
13486-6,Testost/Creat Ur
13487-4,Phenol/Creat Ur
13496-5,Tri-Phos Cry Stone Micro
13499-9,HIV1 Ab Patrn Ser IB-Imp
13506-1,UUN Cl Ur+SerPl-vRate
13508-7,Hct VFr CSF Spun
1351-6,Yt sup(b) Ag RBC BPU Ql
13513-7,Iron Mar K Ferrocyanide Stn
13514-5,Hgb Fract Bld Elph-Imp
13515-2,Hgb Fract Bld Elph Citrate-Imp
13516-0,Neutrophils NFr CSF Manual
13517-8,Variant Lymphs NFr CSF Manual
13518-6,Variant Lymphs NFr Fld Manual
13519-4,Basophils NFr CSF Manual
13520-2,Deprecated Basophils Fr Fld Manual
13535-0,Sucrose Hemolysis NFr RBC
13539-2,Phosphate Ur-sCnc
13542-6,Phosphate CSF-mCnc
13543-4,Deprecated Phosphate Fld-mCnc
13561-6,Gentamicin CSF-mCnc
13562-4,Gentamicin Fld-mCnc
1358-1,ACTH 1.5h p Ins IV Plas-mCnc
13586-3,Vancomycin CSF-mCnc
13587-1,Vancomycin Fld-mCnc
13595-4,Basophils NFr Nose
13597-0,Neutrophils NFr Nose
1360-7,ACTH 1h p Ins IV Plas-mCnc
13608-5,Insulin 1.5h p 75 g Glc PO SerPl-mCnc
13609-3,Insulin 2.5h p 75 g Glc PO SerPl-mCnc
13613-5,Ethanolamine CSF-mCnc
13622-6,APAP Ur-mCnc
1363-1,ACTH 30M p Ins IV Plas-mCnc
13632-5,Insulin Recep Ab Titr Ser
13633-3,Insulin Recep Ab Ser Ql
13634-1,Rheumatoid fact Snv-aCnc
13640-8,Vinyl Chloride Ur-mCnc
13647-3,Deprecated DCM Bld-mCnc
1365-6,ACTH 45M p Ins IV Plas-mCnc
13656-4,Amorph Phos Cry # UrnS
1368-0,ACTH pre Ins IV Plas-mCnc
13701-8,Acetoacet/Creat Ur
13703-4,Adipate/Creat Ur
13705-9,Albumin/Creat 24h Ur
13706-7,Amylase/Creat Ur
13707-5,Anserine/Creat Ur
13711-7,Aspartate/Creat Ur
13713-3,Benzoate/Creat Ur
13715-8,C peptide/Creat 24h Ur
13716-6,C peptide/Creat Ur
13717-4,Calcium/Creat 24h Ur
13719-0,Carnitine/Creat Ur
13721-6,Chloride/Creat 24h Ur
13723-2,Citrulline/Creat Ur
13724-0,Cystathionin/Creat Ur
13725-7,Cystine/Creat Ur
13726-5,Decadienediate/Creat Ur
13727-3,Decenedioate/Creat Ur
13729-9,DPD/Creat Ur
1373-0,Calcit 10M p 2.4 mg/kgCa sIV SerPl-mCnc
13733-1,DOPamine/Creat Ur
13736-4,Estradiol/Creat 24h Ur
1374-8,Calcit 3h p 15 mg/kg CaG IV SerPl-mCnc
13740-6,Ethanolamine/Creat Ur
13741-4,Ethylmalonate/Creat Ur
13744-8,Galactose/Creat Ur
13745-5,Glutaconate/Creat Ur
13748-9,Glutarate/Creat Ur
1375-5,Calcit 4h p 15 mg/kg CaG IV SerPl-mCnc
13751-3,Glycolate/Creat Ur
13752-1,Glyoxylate/Creat Ur
13753-9,Hexanoylgly/Creat Ur
13757-0,Histidine/Creat Ur
13758-8,Hcys/Creat Ur
13759-6,(Hcys)2/Creat Ur
13761-2,OH-Decanedioate/Creat Ur
13763-8,OH-Proline/Creat Ur
13764-6,Isocitrate/Creat Ur
13765-3,Isoleucine/Creat Ur
13767-9,Lactate/Creat Ur
13769-5,Lysine/Creat Ur
1377-1,Calcit 5M p 2.4 mg/kgCa sIV SerPl-mCnc
13770-3,Malate/Creat Ur
13771-1,MetanephS/Creat Ur
13772-9,Methionine/Creat Ur
13777-8,Me-succinate/Creat Ur
13778-6,Mevalonate/Creat Ur
13782-8,Norepineph/Creat Ur
13786-9,Ornithine/Creat Ur
13787-7,Orotate/Creat Ur
1379-7,Calcit pre 2.4 mg/kgCa sIV SerPl-mCnc
13791-9,Phenylacetate/Creat Ur
13795-0,Phosphate/Creat 24h Ur
13796-8,Phosphoserine/Creat Ur
13798-4,Potassium/Creat 24h Ur
13799-2,Proline/Creat Ur
1380-5,Calcium/Phos PTH Chall Ser
13801-6,Prot/Creat 24h Ur
13805-7,Pyruvate/Creat Ur
13808-1,Serine/Creat Ur
13809-9,Sodium/Creat 24h Ur
1381-3,Calcium 10M p 2.4 mg/kgCa sIV SerPl-sCnc
13810-7,Suberate/Creat Ur
13812-3,Succinate/Creat Ur
13814-9,Taurine/Creat Ur
13818-0,Tyrosine/Creat Ur
13819-8,Uracil/Creat Ur
1382-1,Calcium 5M p 2.4 mg/kgCa sIV SerPl-sCnc
13821-4,UUN/Creat 24h Ur
13822-2,Valine/Creat Ur
13826-3,Barium/Creat Ur
13827-1,Beryllium/Creat Ur
13829-7,Copper/Creat Ur
1383-9,Calcium pre 2.4 mg/kgCa sIV SerPl-sCnc
13831-3,Vanadium/Creat Ur
13832-1,DMB/Creat Ur
13835-4,Monocytes NFr Prt Manual
13836-2,Neutrophils NFr Prt Manual
1384-7,Calcium p Ca inf Bld-sCnc
13859-4,C peptide 10M p 1 mg Gc IV SerPl-mCnc
13860-2,C peptide 15M p 1 mg Gc PO SerPl-mCnc
13861-0,C peptide 5M p 1 mg Gc IV SerPl-mCnc
13873-5,Albumin Glycated MFr SerPl
13874-3,ALP Liver 1 SerPl-cCnc
13875-0,ALP Liver 2 SerPl-cCnc
13877-6,Bilirub Amn Ql
13883-4,Estradiol Bioavail MFr SerPl
13884-2,Estradiol Bioavail SerPl-mCnc
13886-7,LDH1 CFr Ur Elph
13887-5,LDH2 CFr Ur Elph
13888-3,LDH3 CFr Ur Elph
13889-1,LDH4 CFr Ur Elph
1389-6,Cortis F 1D p 40 ug ACTH IM 24h Ur-mCnc
13890-9,LDH5 CFr Ur Elph
13895-8,Sodium Mlk-sCnc
13896-6,IGF-I Bld-aCnc
13899-0,Deprecated Trigl Fld-mCnc
1390-4,Cortis F 2D p 40 ug ACTH IM 24h Ur-mCnc
1391-2,Cortis F 48h p 500 ug Dex 24h Ur-mCnc
13917-0,C immitis Ab Titr CSF CF
13919-6,HBV core IgG Ser IA-aCnc
1392-0,Cortis F 48h p 2 mg Dex 24h Ur-mCnc
13920-4,HIV2 p41 Ab Ser Ql IB
13929-5,Rheumatoid fact Titr Snv Shp Aggl
1393-8,Cortis F 72h p 40 ug ACTH IM 24h Ur-mCnc
13930-3,Rheumatoid fact Titr Snv Aggl
1394-6,Cortis F pre 50 ug ACTH IM 24h Ur-mCnc
13941-0,Lymphocytes NFr Fld Manual
13946-9,Comp+Ig RBC Ql
1395-3,Cortis F pre 500 ug Dex 24h Ur-mCnc
13950-1,HAV IgM SerPl Ql IA
13951-9,HAV Ab Ser Ql IA
13952-7,HBV core Ab SerPl Ql IA
13953-5,HBV e Ab SerPl Ql IA
13954-3,HBV e Ag SerPl Ql IA
13955-0,HCV Ab SerPl Ql IA
13959-2,Ca-I SerPl Calc-sCnc
1396-1,Cortis F pre 2 mg Dex high 24h Ur-mCnc
13965-9,Hcys SerPl-sCnc
13969-1,CK MB SerPl-mCnc
1397-9,Cortis 1.5h p U/kg Ins IV SerPl-mCnc
13972-5,Alpha1 Glob MFr CSF Elph
13973-3,Prealb MFr CSF Elph
13974-1,Albumin MFr CSF Elph
13975-8,Alpha2 Glob MFr CSF Elph
13976-6,B-Globulin MFr CSF Elph
13977-4,Gamma glob MFr CSF Elph
13978-2,Alpha1 Glob MFr SerPl Elph
13979-0,Prealb MFr SerPl Elph
1398-7,Cortis 1.5h p Ins IV SerPl-mCnc
13980-8,Albumin MFr SerPl Elph
13981-6,Alpha2 Glob MFr SerPl Elph
13982-4,B-Globulin MFr SerPl Elph
13983-2,Gamma glob MFr SerPl Elph
13984-0,Alpha1 Glob 24h MFr Ur Elph
13985-7,Prealb 24h MFr Ur Elph
13986-5,Albumin 24h MFr Ur Elph
13987-3,Alpha2 Glob 24h MFr Ur Elph
13988-1,B-Globulin 24h MFr Ur Elph
13989-9,Gamma glob 24h MFr Ur Elph
1399-5,Cortis 1h p U/kg Ins IV SerPl-mCnc
13990-7,Alpha1 Glob MFr Ur Elph
13991-5,Prealb MFr Ur Elph
13992-3,Albumin MFr Ur Elph
13993-1,Alpha2 Glob MFr Ur Elph
13994-9,B-Globulin MFr Ur Elph
13995-6,Gamma glob MFr Ur Elph
1400-1,Cortis 1h p 1 ug/kg CRH IV SerPl-mCnc
14000-4,Urea nit CSF-mCnc
1401-9,Cortis 1h p 250 ug ACTH rIM SerPl-mCnc
14014-5,T4 PA Bnd SerPl-mCnc
14015-2,T4 PA Bnd/Prealb SerPl
1402-7,Cortis 1h p 250 ug ACTH rIV SerPl-mCnc
1403-5,Cortis 1h p 250 ug ACTH IM SerPl-mCnc
14034-3,Rheumatoid fact CSF-aCnc
14039-2,Neutrophils NFr CSF Micro
1404-3,Cortis 1h p Ins IV SerPl-mCnc
14043-4,Cortis F 12h Ur-mRate
14045-9,D-Lactate SerPl-sCnc
14046-7,D-Lactate Ur-sCnc
1405-0,Deprecated Cortis 1H p U/kg Ins IV Plas-
14055-8,Sodium Stl-sCnt
1406-8,Cortis 1M p 1 u/kg CRH IV SerPl-mCnc
1407-6,Cortis 24h p 2 mg Dex SerPl-mCnc
14073-1,Phenytoin Sal-mCnc
1408-4,Cortis 1D p 40 ug ACTH IM SerPl-mCnc
1409-2,Cortis 24h p 500 ug ACTH IM SerPl-mCnc
14092-1,HIV1 Ab Ser Ql IF
1410-0,Cortis 24h p 500 ug Dex SerPl-mCnc
14106-9,Lymphocytes # CSF Manual
14107-7,Neuts Seg NFr CSF Manual
1411-8,Cortis 26h p 500 ug Dex SerPl-mCnc
14111-9,Deprecated Lymphocytes.CD23 Fr Bld
14117-6,IgG/Alb clear Ser+CSF-Rto
14118-4,Lactate SerPl-mCnc
14119-2,LDH1/LDH2 SerPl-cRto
1412-6,Cortis 26h p 2 mg Dex SerPl-mCnc
14123-4,T4 Alb Bnd/Alb SerPl
14126-7,HIV1 gp120+gp160 Ab Ser Ql IB
1413-4,Cortis 2D p 500 ug ACTH IM SerPl-mCnc
14134-1,Deprecated Hgb Free Ser-mCnc
14135-8,CD3+CD8+ Cells # Bld
14137-4,Glucose 5.5h p 75 g Glc PO SerPl-mCnc
1414-2,Cortis 30M p U/kg Ins IV SerPl-mCnc
1415-9,Cortis 30M p 1 ug/kg CRH IV SerPl-mCnc
14151-5,HCO3 BldCo-sCnc
14152-3,Bilirub Direct Fld-mCnc
14154-9,Cholest Sulf Ser-mCnc
14155-6,LDLc Prctl SerPl
14158-0,Cortis 24h Ur-mRate
1416-7,Cortis 30M p 250 ug ACTH rIM SerPl-mCnc
14165-5,Lactate Fld-sCnc
1417-5,Cortis 30M p 250 ug ACTH rIV SerPl-mCnc
14172-1,Potassium Snv-sCnc
14173-9,Progest Free 24h Ur-mRate
1418-3,Cortis 30M p 250 ug ACTH IM SerPl-mCnc
14180-4,Uropor RBC-mCnc
1419-1,Cortis 30M p Ins IV SerPl-mCnc
14190-3,Phenytoin Free Sal-mCnc
14195-2,C3b Inactive Plas-mCnc
14196-0,Retics #
1420-9,Deprecated Cortis 30M p U/kg Ins IV Plas
1421-7,Cortis 32h p 40 ug ACTH IM SerPl-mCnc
14211-7,HEV IgG Ser Ql
14212-5,HEV IgM Ser Ql
1422-5,Cortis 3D p 500 ug ACTH IM SerPl-mCnc
1423-3,Cortis 45M p 1 ug/kg CRH IV SerPl-mCnc
14230-7,PR+ cells NFr Tiss ImStn
1424-1,Cortis 45M p Ins IV SerPl-mCnc
1425-8,Cortis 48h p 2 mg Dex SerPl-mCnc
1426-6,Cortis 2D p 40 ug ACTH IM SerPl-mCnc
1427-4,Cortis 48h p 500 ug Dex SerPl-mCnc
14276-0,Hgb F Dist Bld Kleih Betke-Imp
14277-8,c-ANCA Titr Ser IF
14278-6,p-ANCA Titr Ser IF
1428-2,Cortis 50H p 500 ug Dex SerPl-mCnc
1429-0,Cortis 50H p 2 mg Dex SerPl-mCnc
14293-5,Insulin BS SerPl-sCnc
1430-8,Cortis 56h p 40 ug ACTH IM SerPl-mCnc
1431-6,Cortis 5M p 1 ug/kg CRH IV SerPl-mCnc
1432-4,Cortis 72h p 2 mg Dex SerPl-mCnc
14320-6,Deprecated Bacteria Ur Cult @1:100
14322-2,S pneum Ag CSF Ql LA
14323-0,Gp B Strep Ag CSF Ql LA
14326-3,Eosinophil NFr Stl Manual
1433-2,Cortis 72h p 500 ug Dex SerPl-mCnc
14334-7,Lithium SerPl-sCnc
14336-2,Ethanol SerPl GC-mCnc
14337-0,Phenytoin Total/Free SerPl
14339-6,IgG MFr CSF
1434-0,Cortis 8h p 1 mg Dex SerPl-mCnc
14341-2,Globulin 24h MFr Ur Elph
14343-8,Eosinophil NFr Prt Manual
14344-6,Eosinophil NFr Plr Manual
1435-7,Cortis 8h p 2 mg Dex SerPl-mCnc
1436-5,Cortis 8h p 30 mg/kg MTP PO SerPl-mCnc
1437-3,Cortis 8h p 500 ug Dex SerPl-mCnc
1438-1,Cortis 8h p 40 ug ACTH IM SerPl-mCnc
14386-7,Glucose Gast-mCnc
14388-3,Amylase Snv-cCnc
14389-1,Amylase CSF-cCnc
1439-9,Cortis 9.5h p 8 mg Dex SerPl-mCnc
14390-9,Amylase Dial fld-cCnc
14391-7,Amylase Gast-cCnc
14392-5,Amylase Amn-cCnc
14393-3,Urea nit Amn-mCnc
14394-1,Urea nit Plr-mCnc
14395-8,Deprecated Urea Nit Prt-mCnc
14396-6,Urea nit Snv-mCnc
14397-4,Urea nit Gast-mCnc
1440-7,Cortis 9h p 1 mg Dex SerPl-mCnc
14401-4,Creat Snv-mCnc
14403-0,LDH Gast-cCnc
14404-8,Phosphate Plr-mCnc
14405-5,Phosphate Prt-mCnc
14406-3,Phosphate Snv-mCnc
14407-1,Phosphate Gast-mCnc
14408-9,Phosphate Amn-mCnc
1441-5,Cortis 9h p 3 g MTP PO ON SerPl-mCnc
14415-4,Calcium Amn-sCnc
14416-2,Calcium Plr-sCnc
14417-0,Calcium Prt-sCnc
14418-8,Calcium Snv-sCnc
14419-6,Calcium Gast-sCnc
1442-3,Cortis 9h p 8 mg Dex SerPl-mCnc
14420-4,Bilirub Dial fld-mCnc
14421-2,Bilirub Plr-mCnc
14422-0,Bilirub Prt-mCnc
14423-8,Bilirub Snv-mCnc
14424-6,Bilirub Gast-mCnc
1443-1,Cortis pre 1 ug/kg CRH IV SerPl-mCnc
14432-9,Albumin/Glob Amn
14433-7,Albumin/Glob CSF
14434-5,Albumin/Glob Plr
14435-2,Albumin/Glob Prt
14436-0,Albumin/Glob Smn
14437-8,Albumin/Glob Snv
14438-6,Cholest Amn-mCnc
14439-4,Cholest CSF-mCnc
1444-9,Cortis pre 12h fast SerPl-mCnc
14440-2,Deprecated Cholest Plr-mCnc
14441-0,Cholest Prt-mCnc
14442-8,Cholest Smn-mCnc
14443-6,Cholest Snv-mCnc
14444-4,Cholest Ur-mCnc
14445-1,Trigl Amn-mCnc
14446-9,Trigl CSF-mCnc
14447-7,Trigl Prt-mCnc
14448-5,Trigl Smn-mCnc
14449-3,Trigl Snv-mCnc
1445-6,Cortis pre 1 mg Dex SerPl-mCnc
14450-1,Trigl Ur-mCnc
14457-6,Virus Ur Cult
1446-4,Cortis pre 3 g MTP PO ON SerPl-mCnc
14461-8,C trach Bld Ql Cult
14467-5,C trach UrnS Ql Cult
1447-2,Cortis pre 40 ug ACTH IM SerPl-mCnc
1448-0,Cortis pre 500 ug Dex SerPl-mCnc
1449-8,Cortis pre 8 mg Dex SerPl-mCnc
1450-6,Cortis pre 2 mg Dex high SerPl-mCnc
1451-4,Cortis pre Ins IV SerPl-mCnc
14563-1,Hgb sp1 Stl gastro Ql
14564-9,Hgb sp2 Stl gastro Ql
14565-6,Hgb sp3 Stl gastro Ql
14577-1,ABO + Rh Bld Donr
14578-9,ABO Group Bld BPU
14579-7,ABO Group Bld Donr
14580-5,ABO Group Bld NB
14581-3,APAP SerPl-sCnc
14585-4,Albumin/Creat Ur-sRto
14588-8,ALP Isos SerPl-Imp
14589-6,Amylase Isos SerPl-Imp
1460-5,Vit B12 p B12 24h Ur-mRate
14625-8,Basophils NFr Bronch Manual
14626-6,B2 Microglob Ser-sCnc
14627-4,HCO3 BldV-sCnc
14629-0,Bilirub Direct SerPl-sCnc
14630-8,Bilirub Indirect SerPl-sCnc
14631-6,Bilirub SerPl-sCnc
14633-2,C peptide SerPl-sCnc
14636-5,Calcium Stone Ql
14637-3,Calcium 24h Ur-sRate
14646-4,HDLc SerPl-sCnc
14647-2,Cholest SerPl-sCnc
14675-3,Cortis SerPl-sCnc
14676-1,Cortis F 24h Ur-sRate
14677-9,Cortis 24h p 500 ug Dex SerPl-sCnc
14678-7,Cortis PM SerPl-sCnc
14679-5,Cortis AM peak SerPl-sCnc
14680-3,CK Isos SerPl Elph-Imp
14683-7,Creat Ur-sCnc
14685-2,Vit B12 SerPl-sCnc
14698-5,Digoxin SerPl-sCnc
14709-0,Eosinophil NFr Bronch Manual
14715-7,Estradiol SerPl-sCnc
14719-9,Ethanol SerPl-sCnc
14723-1,Ferritin SerPl-sCnc
14724-9,Ferritin Bld-Imp
14731-4,Folate RBC-sCnc
14732-2,Folate SerPl-sCnc
14733-0,Folate+Vit B12 SerBld-Imp
14743-9,Glucose BldC Glucomtr-sCnc
14744-7,Glucose CSF-sCnc
14745-4,Glucose Fld-sCnc
14746-2,Glucose DiafP-sCnc
14747-0,Glucose Plr-sCnc
14748-8,Glucose Prt-sCnc
14749-6,Glucose SerPl-sCnc
14750-4,Glucose Snv-sCnc
14752-0,Glucose 1.5h p Glc SerPl-sCnc
14753-8,Glucose 1h p 100 g Glc PO SerPl-sCnc
14754-6,Glucose 1h p 50 g Glc PO SerPl-sCnc
14756-1,Glucose 1h p Glc SerPl-sCnc
14757-9,Glucose 2h p 100 g Glc PO SerPl-sCnc
14759-5,Glucose 2h p Glc SerPl-sCnc
14760-3,Glucose 2h p meal BldC-sCnc
14761-1,Glucose 2h p meal SerPl-sCnc
14763-7,Glucose 30M p Glc SerPl-sCnc
14764-5,Glucose 3h p 100 g Glc PO SerPl-sCnc
14765-2,Glucose 3h p Glc SerPl-sCnc
14766-0,Glucose 4h p Glc SerPl-sCnc
14767-8,Glucose 5h p Glc SerPl-sCnc
14768-6,Glucose BS SerPl-sCnc
14769-4,Glucose pre 12h fast SerPl-sCnc
14770-2,Glucose p fast BldC Glucomtr-sCnc
14771-0,Glucose p fast SerPl-sCnc
14775-1,Hgb BldA Oximetry-mCnc
14795-9,BJ Protein Ur-Imp
14796-7,Insulin SerPl-sCnc
14797-5,Iron SerPl-Imp
14798-3,Iron SerPl-sCnc
14799-1,Iron 24h Ur-sRate
14800-7,TIBC SerPl-sCnc
14801-5,Iron Satn SFr SerPl
14803-1,LDH Fld L to P-cCnc
14804-9,LDH SerPl L to P-cCnc
14805-6,LDH SerPl P to L-cCnc
14813-0,HDL SerPl Elph-sCnc
14814-8,LDL SerPl Elph-sCnc
14815-5,LDL SerPl Calc-sCnc
14816-3,VLDL SerPl Elph-sCnc
14818-9,Lymphocytes NFr Pcar Manual
14819-7,Lymphocytes NFr Bronch Manual
14820-5,Lymphocytes NFr Plr Manual
14821-3,Lymphocytes NFr Prt Manual
14822-1,Lymphocytes NFr Snv Manual
14824-7,Magnesium Stone Ql
14831-2,Metaneph/Creat Ur-sRto
14841-1,IH Stn Spec
14842-9,Kinyoun IH Stn Spec
14847-8,Neutrophils NFr Pcar Manual
14848-6,Neutrophils NFr Plr Manual
14873-4,pH BldCo
14877-5,Phenytoin SerPl-sCnc
14878-3,Phosphate Stone Ql
14879-1,Phosphate SerPl-sCnc
14880-9,Deprecated Phosphate Ur-sCnc
14881-7,Phosphate 24h Ur-sRate
14890-8,Progest SerPl-sCnc
14896-5,Prot Pattern Ur IFE-Imp
14903-9,Folate Bld-Imp
14906-2,Rh BldCo
14907-0,Rh Bld BPU
14908-8,Rh Bld NB
14909-6,Salicylates SerPl-sCnc
1491-0,Glucose 30M p 100 g Glc PO Ur-mCnc
14913-8,Testost SerPl-sCnc
14914-6,Testost Free SerPl-sCnc
14919-5,TSH BII Ser Ql
1492-8,Glucose 1.5h p .5 g/kg Glc IV SerPl-mCnc
14920-3,T4 Free SerPl-sCnc
14921-1,T4 SerPl-sCnc
14927-8,Trigl SerPl-sCnc
14928-6,T3Free SerPl-sCnc
14929-4,T3Reverse SerPl-sCnc
1493-6,Glucose 1.5h p U/kg Ins IV SerPl-mCnc
14930-2,T3 SerPl-sCnc
14936-9,Urea nit DiafP-sCnc
14937-7,BUN SerPl-sCnc
14938-5,UUN Ur-sCnc
14939-3,UUN 24h Ur-sRate
1494-4,Glucose 1.5h p 100 g Glc PO SerPl-mCnc
14948-4,VMA/Creat Ur-sRto
1495-1,Glucose 1.5h p 100 g Glc PO Ur-mCnc
14956-7,Microalbumin 24h Ur-mRate
14957-5,Microalbumin Ur-mCnc
14958-3,Microalbumin/Creat 24h Ur
14959-1,Microalbumin/Creat Ur
1496-9,Glucose 1.5h p 75 g Glc PO SerPl-mCnc
14960-9,Estradiol Free MFr SerPl
1497-7,Glucose 1.5h p Ins IV SerPl-mCnc
14977-3,BJ Protein Free Ur
1498-5,Glucose 10M p .5 g/kg Glc IV SerPl-mCnc
14985-6,I (Int) Subtyp RBC Ql
14989-8,little i2 subtype RBC BPU Ql
1499-3,Glucose 1h p .5 g/kg Glc IV SerPl-mCnc
14990-6,little i2 subtype RBC Donr Ql
14991-4,little i2 subtype RBC Ql
14993-0,O Group RBC Donr Ql
14994-8,O Group RBC Ql
14995-5,Glucose 2h p 75 g Glc PO SerPl-sCnc
14996-3,Glucose pre 75 g Glc PO SerPl-sCnc
15007-8,"2,3DPG RBC-sCnc"
1501-6,Glucose 1h p 100 g Glc PO SerPl-mCnc
15013-6,ALP Bone CFr SerPl
15014-4,ALP Intest CFr SerPl
15015-1,ALP Liver CFr SerPl
15016-9,ALP Plac CFr SerPl
15017-7,ALP Regan CFr SerPl
15018-5,ALP Renal CFr SerPl
1502-4,Deprecated Glucose 1H p 100 g Glc PO Ser
15020-1,Amylase P1 CFr SerPl
15021-9,Amylase P2 CFr SerPl
15022-7,Amylase P3 CFr SerPl
15023-5,Amylase S1 CFr SerPl
15024-3,Amylase S2 CFr SerPl
15025-0,Amylase S3 CFr SerPl
1503-2,Glucose 1h p 100 g Glc PO Ur-mCnc
1504-0,Glucose 1h p 50 g Glc PO SerPl-mCnc
15043-3,Cortis Ur-sCnc
15044-1,Cortis F SerPl-sCnc
15048-2,CK BB CFr SerPl Elph
15049-0,CK MM CFr SerPl Elph
1505-7,Glucose 1h p 50 g Glc PO Ur-mCnc
15050-8,Creat Amn-sCnc
15051-6,Creat Dial fld-sCnc
15052-4,Vit B12 USB SerPl-sCnc
15062-3,u Estradiol 24h Ur-sRate
1507-3,Glucose 1h p 75 g Glc PO SerPl-mCnc
15074-8,Glucose Bld-sCnc
15075-5,Glucose Dial fld-sCnc
15076-3,Glucose Ur-sCnc
15077-1,Glucose 24h Ur-sRate
15078-9,Lactate 24h Ur-sRate
1508-1,Deprecated Glucose 1H p 75 g Glc PO Ser-
15081-3,Prolactin SerPl-aCnc
1509-9,Glucose 1h p 75 g Glc PO Ur-mCnc
15094-6,Testost Ur-sCnc
15095-3,Testost 24h Ur-sRate
1510-7,Glucose 1h p Ins IV SerPl-mCnc
15106-8,Gentamicin Rand SerPl-sCnc
1511-5,Deprecated Glucose 1H p U/kg Ins IV Plas
1512-3,Glucose 1M p .5 g/kg Glc IV SerPl-mCnc
15120-9,Ethanol Bld-sCnc
15121-7,HDL MFr SerPl
15122-5,LDL MFr SerPl
15123-3,VLDL MFr SerPl
15124-1,Albumin MFr Snv Elph
15125-8,Alpha1 Glob MFr Snv Elph
15126-6,Alpha2 Glob MFr Snv Elph
15127-4,B-Globulin MFr Snv Elph
15128-2,Gamma glob MFr Snv Elph
15129-0,Deprecated D Dimer PPP EIA-mCnc
1513-1,Glucose 20M p .5 g/kg Glc IV SerPl-mCnc
15137-3,Ala+Etn SerPl Ql
1514-9,Glucose 2h p 100 g Glc PO SerPl-mCnc
15142-3,Ala+Etn Ur Ql
15148-0,ALP Fld-cCnc
15149-8,Ammonia Fld-sCnc
1515-6,Deprecated Glucose 2H p 100 g Glc PO Ser
15152-2,Bilirub Conj SerPl-mCnc
15153-0,Deprecated Bilirub Indirect SerPl-mCnc
15155-5,Calcium Fld-mCnc
15156-3,Cancer Ag125 Fld Dil-aCnc
15157-1,Cancer Ag125 SerPl Dil-aCnc
15158-9,Chloride Stl-sCnc
1516-4,Glucose 2h p 100 g Glc PO Ur-mCnc
15161-3,C1INH Functional SerPl Ql
15162-1,C1q Fld-mCnc
15163-9,C2 Fld-mCnc
15164-7,C3 Snv-mCnc
15165-4,C4 Snv-mCnc
15166-2,C5 Fld-mCnc
15167-0,C6 Fld-mCnc
15168-8,Comp C50 Fld IA-aCnc
15169-6,Comp C50 SerPl IA-aCnc
15170-4,Comp C50 Snv IA-aCnc
15178-7,Comp Fact B Fld-mCnc
15179-5,D Dimer PPP Ql
1518-0,Glucose 2h p 75 g Glc PO SerPl-mCnc
1519-8,Deprecated Glucose 2H p 75 g Glc PO Ser-
15192-8,Variant Lymphs Bld Ql Auto
15197-7,Cleft Lymphs NFr Bld Manual
1520-6,Glucose 2h p 75 g Glc PO Ur-mCnc
15201-7,Platelets Lg Frg # Bld Manual
15202-5,Potassium Stl-sCnc
15203-3,Rheumatoid fact Fld Neph-aCnc
15204-1,Rheumatoid fact Titr Ser Neph
15205-8,Rheumatoid fact Ser Neph-aCnc
15206-6,Rheumatoid fact Snv Neph-aCnc
15207-4,Sodium Stl-sCnc
1521-4,Glucose 2h p meal SerPl-mCnc
15212-4,Lipase Fld-cCnc
1522-2,Glucose 30M p .5 g/kg Glc IV SerPl-mCnc
15233-0,Mold Allerg Mix A IgE Ql
15234-8,Mold Allerg Mix2 IgE Ql
15237-1,Occup Allerg Mix3 IgE Ql
15238-9,Occup Allerg Mix4 IgE Ql
1524-8,Glucose 30M p 0.1 U/kg Ins SerPl-mCnc
1525-5,Glucose 30M p 100 g Glc PO SerPl-mCnc
15257-9,Region Allerg Mix2 IgE Ql
1527-1,Glucose 30M p 75 g Glc PO SerPl-mCnc
1528-9,Glucose 30M p Ins IV SerPl-mCnc
1529-7,Deprecated Glucose 30M p U/kg Ins IV Pla
1530-5,Glucose 3h p 100 g Glc PO SerPl-mCnc
1531-3,Deprecated Glucose 3H p 100 g Glc PO Ser
1532-1,Glucose 3h p 100 g Glc PO Ur-mCnc
1533-9,Glucose 3h p 75 g Glc PO SerPl-mCnc
1534-7,Glucose 3M p .5 g/kg Glc IV SerPl-mCnc
15348-6,ALP Liver 1 CFr SerPl
15349-4,ALP Liver 2 CFr SerPl
1535-4,Glucose 40M p .5 g/kg Glc IV SerPl-mCnc
15350-2,Amylase 2h Ur-cRate
15351-0,Apo E2 Bld Ql
15352-8,Apo E3 Bld Ql
15353-6,Apo E4 Bld Ql
15357-7,Iron Tiss-mCnt
1536-2,Glucose 45M p Ins IV SerPl-mCnc
15369-2,Lithium Sal/SerPl
1537-0,Glucose 4h p 100 g Glc PO SerPl-mCnc
15373-4,Phenyltoloxamine Bld-mCnc
1538-8,Glucose 4h p 100 g Glc PO Ur-mCnc
1539-6,Glucose 4h p 75 g Glc PO SerPl-mCnc
1540-4,Glucose 5h p 100 g Glc PO SerPl-mCnc
15402-1,Ethanol Mec Ql
1541-2,Glucose 5h p 100 g Glc PO Ur-mCnc
1542-0,Glucose 5h p 75 g Glc PO SerPl-mCnc
1543-8,Glucose 5M p .5 g/kg Glc IV SerPl-mCnc
15432-8,Testost Free MFr SerPl
15433-6,A marginale Ab Ser Ql Aggl
1544-6,Glucose 6h p 100 g Glc PO SerPl-mCnc
15444-3,FLUAV Ab Ser Ql ID
1545-3,Deprecated Glucose 6H p 100 g Glc PO Ser
1546-1,Glucose 6h p 100 g Glc PO Ur-mCnc
15469-0,EIV A1 Ab Titr Ser HAI
1547-9,Glucose BS SerPl-mCnc
15470-8,EIV A2 Ab Ser Ql
15471-6,EIV A2 Ab Titr Ser HAI
15472-4,EIV Ag Nose Ql IA
1548-7,Glucose pre .5 g/kg Glc IV SerPl-mCnc
1549-5,Glucose pre 100 g Glc PO SerPl-mCnc
1550-3,Glucose pre 12h fast SerPl-mCnc
1552-9,Glucose pre 75 g Glc PO SerPl-mCnc
1553-7,Glucose pre Ins IV SerPl-mCnc
15530-9,Deprecated A alternata IgE RAST Ql
15531-7,Deprecated A alternata IgE RAST Ql
1554-5,Glucose p 12h fast SerPl-mCnc
1555-2,Glucose p 12h fast Ur-mCnc
1556-0,Glucose p fast BldC-mCnc
1557-8,Glucose p fast BldV-mCnc
1558-6,Glucose p fast SerPl-mCnc
1559-4,Insulin 1.5M p TBM IV SerPl-mCnc
15590-3,Deprecated BSA IgE RAST Ql
1560-2,Insulin 1h p TBM IV SerPl-mCnc
1561-0,Insulin 1h p 75 g Glc PO SerPl-mCnc
1562-8,Insulin 2.5h p TBM IV SerPl-mCnc
1563-6,Insulin 2h p TBM IV SerPl-mCnc
1564-4,Insulin 2h p 75 g Glc PO SerPl-mCnc
1565-1,Insulin 30M p TBM IV SerPl-mCnc
1566-9,Insulin 3h p TBM IV SerPl-mCnc
1567-7,Insulin 3h p 75 g Glc PO SerPl-mCnc
1568-5,Insulin 4h p 75 g Glc PO SerPl-mCnc
1569-3,Insulin 5h p 75 g Glc PO SerPl-mCnc
1570-1,Insulin BS SerPl-mCnc
1571-9,Insulin pre TBM IV SerPl-mCnc
1572-7,Insulin pre 75 g Glc PO SerPl-mCnc
1573-5,Insulin p 12h fast SerPl-mCnc
15792-5,Deprecated Insulin Bovine IgE RAST Ql
15793-3,Deprecated Insulin Human IgE RAST Ql
15794-1,Deprecated Insulin Porcine IgE RAST Ql
15808-9,Deprecated Ltx Glv Ext Ammon IgE RAST Ql
15861-8,Deprecated Mouse Urine Prot IgE RAST Ql
15973-1,Deprecated Rabbit Urine Prot IgE RAST Ql
15986-3,Deprecated Rat Urine Prot IgE RAST Ql
16044-0,Deprecated Swine Urine Prot IgE RAST Ql
1609-7,Prolactin 1.5h p Ins IV SerPl-mCnc
1610-5,Prolactin 1h p L-D PO SerPl-mCnc
16109-1,Prolactin 2h p chal SerPl-mCnc
1611-3,Prolactin 1h p TRH IV SerPl-mCnc
16113-3,PR Tiss-Imp
1612-1,Prolactin 1h p Ins IV SerPl-mCnc
16128-1,HCV Ab Ser Ql
16129-9,HCV IgG Ser Ql
1613-9,Prolactin 2h p L-D PO SerPl-mCnc
16132-3,HIV1 p15+p18 Ab Ser Ql IB
1614-7,Prolactin 30M p TRH IV SerPl-mCnc
1615-4,Prolactin 30M p Ins IV SerPl-mCnc
1616-2,Deprecated Prolactin 30M p U/kg Ins IV P
16165-3,Glucose 10 AM SerPl-mCnc
16166-1,Glucose 11 AM SerPl-mCnc
16167-9,Glucose 2 PM SerPl-mCnc
16168-7,Glucose 3 PM SerPl-mCnc
16169-5,Glucose 4 PM SerPl-mCnc
1617-0,Prolactin 3h p L-D PO SerPl-mCnc
16170-3,Glucose 5 PM SerPl-mCnc
16172-9,Magnesium Hair-mCnt
1618-8,Prolactin 45M p Ins IV SerPl-mCnc
16182-8,ALP Isos SerPl HS-cCnc
1619-6,Prolactin pre L-D PO SerPl-mCnc
1620-4,Prolactin pre TRH IV SerPl-mCnc
1621-2,Prolactin pre Ins IV SerPl-mCnc
16255-2,Troponin I SerPl-aCnc
16257-8,Na Urate Cry Stone Ql IR
16261-0,Ca Bilirub Cry Stone Ql IR
16263-6,COD Cry Stone Ql IR
16264-4,COM Cry Stone Ql IR
16265-1,Tri-Phos Cry Stone Ql IR
16266-9,CaHPO4 Cry Stone Ql IR
16267-7,Ca Carbonate Cry Stone Ql IR
16268-5,Ca Phos Cry Stone Ql IR
1627-9,GH 1.5h p Ins IV SerPl-mCnc
16270-1,Calcium 1h p chal SerPl-mCnc
16271-9,Calcium 30M p chal SerPl-mCnc
16272-7,Calcium 2h p chal SerPl-mCnc
16273-5,Calcium RBC-mCnt
16282-6,APAP Ur-aCnc
16285-9,Creat/Prot Ur
16286-7,Deprecated Testost Free Fr SerPl
1629-5,GH 1h p Ins IV SerPl-mCnc
16290-9,Neutrophils Stl Ql
1631-1,GH 30M p Ins IV SerPl-mCnc
16315-4,ACP Bld Tart Inhib-cCnc
16316-2,ACP TRAP Bld-cCnc
16324-6,ALT RBC-cCnc
1633-7,GH 45M p Ins IV SerPl-mCnc
16336-0,Deprecated ALP Plac SerPl-cCnc
16337-8,ALP Ur-cCnc
16362-6,Ammonia Plas-sCnc
16363-4,Ammonia Tiss-sCnt
1637-8,GH pre Ins IV SerPl-mCnc
1638-6,Testost 96h p 5000 U HCG IM SerPl-mCnc
1639-4,Testost pre 5000 U CG IM SerPl-mCnc
16412-9,AST RBC-cCnc
1644-4,Trigl p 12h fast SerPl-mCnc
16459-0,HCO3 Fld-sCnc
16460-8,HCO3 CSF-sCnc
16461-6,HCO3 RBC-sCnc
16462-4,HCO3 Amn-sCnc
16470-7,B dermat Ab Ser Ql CF
16474-9,B pert Ab Ser CF-aCnc
16488-9,B abortus IgG Ser CF-aCnc
16501-9,C peptide sp7 p chal SerPl-mCnc
16502-7,C peptide sp8 p chal SerPl-mCnc
16512-6,Ca-I sp2 p chal SerPl-sCnc
16513-4,Ca-I sp3 p chal SerPl-sCnc
16514-2,Ca-I sp4 p chal SerPl-sCnc
16515-9,Ca-I sp5 p chal SerPl-sCnc
16516-7,Ca-I sp6 p chal SerPl-sCnc
16517-5,Ca-I sp7 p chal SerPl-sCnc
16518-3,Calcium 2h Ur-mRate
16519-1,Calcium 10M p chal SerPl-sCnc
16520-9,Calcium sp2 p chal Ur-sCnc
16521-7,Calcium sp3 p chal Ur-sCnc
16522-5,Calcium sp4 p chal Ur-sCnc
16523-3,Calcium 5M p chal SerPl-sCnc
16524-1,Calcium 6h p chal SerPl-sCnc
16525-8,Calcium/Phosphate SerPl
16526-6,Calcium/Prot SerPl
16527-4,Calcium/Sodium SerPl
16590-2,Chlamydia Ab Ser CF-aCnc
16613-2,Cholest Cry Stone Ql IR
16614-0,Cholest Cry Fld Ql Micro
16615-7,Cholest/LDLc SerPl
16616-5,HDLc/LDLc SerPl
16649-6,COPROgen-oxidase RBC-cCnc
16667-8,Cortis F 48h Ur-mRate
16668-6,Cortis F 72h Ur-mRate
16669-4,Cortis 10M p chal SerPl-mCnc
16670-2,Cortis 15M p chal SerPl-mCnc
16671-0,Cortis 1M p chal SerPl-mCnc
16672-8,Cortis 40M p chal SerPl-mCnc
16673-6,Cortis 50M p chal SerPl-mCnc
16674-4,Cortis 70M p chal SerPl-mCnc
16675-1,Cortis 80M p chal SerPl-mCnc
16688-4,CK Fld-cCnc
16695-9,Vit B12 Bld-mCnc
16696-7,Vit B12 p chal Ur-mCnc
1675-8,"2,3DPG RBC-mCnc"
16796-5,ECV Ab Ser CF-aCnc
16797-3,ECV1 Ab Ser CF-aCnc
16799-9,Deprecated Echovirus 140 Ab Ser CF-aCnc
16800-5,ECV19 Ab Ser CF-aCnc
16801-3,ECV3 Ab Ser CF-aCnc
16803-9,ECV4 Ab Ser CF-aCnc
16805-4,ECV6 Ab Ser CF-aCnc
16807-0,ECV9 Ab Ser CF-aCnc
16820-3,E histolyt Ab Ser CF-aCnc
16832-8,E coli ETEC Stl Cult
16835-1,E coli SXT Stl Cult
16836-9,E coli VT Stl Cult
16842-7,Ethanol Usub-mCnc
16843-5,Ethanol Fld-mCnc
16859-1,Fibrinogen PPP Ql
16903-7,Glucose Vitf-mCnc
16904-5,Glucose sp1 p chal Ur Ql
16905-2,Glucose sp2 p chal Ur Ql
16906-0,Glucose sp3 p chal Ur Ql
16907-8,Glucose sp4 p chal Ur Ql
16908-6,Glucose sp5 p chal Ur Ql
16909-4,Glucose sp6 p chal Ur Ql
16910-2,Glucose sp7 p chal Ur Ql
16911-0,Glucose sp8 p chal Ur Ql
16912-8,Glucose sp9 p chal Ur Ql
16913-6,Glucose p fast Ur Ql
16914-4,Glucose p chal SerPl-mCnc
16915-1,Glucose p meal SerPl-mCnc
16931-8,Hct/Hgb Bld Auto-Rto
16932-6,Hgb A3 MFr Bld Elph
16933-4,HBV core Ab Ser Ql
16934-2,HBV DNAp Bld Ql NAA+probe
16935-9,HBV surface Ab Ser-aCnc
16936-7,HCV IgG Ser-aCnc
16937-5,HGV RNA Ser Ql NAA+probe
1696-4,5MTHF-Hcys-MT Ser-cCnc
16967-2,Hexokinase1 RBC-cCnc
16968-0,Hexokinase3 RBC-cCnc
1697-2,6PGD RBC-cCnc
16970-6,H capsul Ab Ser Ql CF
16974-8,HIV1 Ab CSF Ql
16975-5,HIV1 IgG Ser Ql
16976-3,HIV1 Ag Ser-aCnc
16977-1,HIV1 Ag CSF Ql
16978-9,HIV1 p24 Ab Ser-aCnc
16979-7,HIV1 p24 Ag CSF-aCnc
17012-6,FLUAV Ab CSF-aCnc
17013-4,FLUAV+FLUBV Ab Ser IF-aCnc
17014-2,FLUBV Ab CSF-aCnc
17015-9,FLUBV IgG Ser-aCnc
17016-7,FLUBV IgM Ser-aCnc
17017-5,Insulin 10M p chal SerPl-mCnc
17018-3,Insulin 20M p chal SerPl-mCnc
17019-1,IGF-I 2h p chal SerPl-mCnc
17025-8,Iron Wat-mCnc
17041-5,LDH Ur Ql
17049-8,Ltx Glv Ext Ammon IgE Bld Qn
17081-1,Deprecated Trigl p fast Ser-mCnc
17082-9,HDL Fld-mCnc
17083-7,LDL Fld-mCnc
17084-5,VLDL Fld-mCnc
17085-2,LP SerPl Ql
17086-0,Lithium Fld-mCnc
1709-5,AChE RBC-cCnc
17096-9,Lymphs Kappa/lymph NFr Bld
1711-1,ACP Bld-cCnc
1720-2,APRT RBC-cCnc
17215-5,Lymphs CV/lymph NFr Bld
17222-1,Lymphs HLE/lymph NFr Bld
17224-7,Lymphs Lambda/lymph NFr Bld
17225-4,Lymphs SmIg/lymph NFr Bld
17227-0,Lymphocytes NFr Snv Auto
1723-6,Adenosine deaminase BP Ur-mCnc
17234-6,Magnesium SerPl/RBC Bld-sRto
17235-3,Magnesium WBC-sCnc
17236-1,Magnesium Stl-sCnc
17237-9,Magnesium Hair-sCnt
17241-1,Prolactin 3h p chal SerPl-mCnc
17242-9,Prolactin 40M p chal SerPl-mCnc
17243-7,Prolactin pre chal SerPl-mCnc
17286-6,Monocytes NFr Snv Manual
17287-4,Monocytes NFr Ur Manual
1729-3,ATPase RBC-cCnc
17300-5,M hominis Ab Titr Ser CF
17334-4,Neopterin/Creat Ur
17345-0,Deprecated Neutrophil Ab Ser-aCnc
17346-8,Neutrophil Ab Ser Ql IF
17347-6,Neutrophil Ab Ser IF-aCnc
17348-4,Neutrophil IgA Ser-aCnc
17349-2,Neutrophil IgG Ser-aCnc
17350-0,Neutrophil IgM Ser-aCnc
17351-8,ANCA Ab Ser Ql
17352-6,ANCA Ab Ser-Imp
17353-4,c-ANCA Ser Ql IF
17354-2,ANCA IgA Ser Ql
17355-9,ANCA IgG Ser Ql
17356-7,ANCA IgM Ser Ql
17357-5,p-ANCA Ser Ql IF
17358-3,Atyp ANCA Ser-aCnc
17359-1,Neutrophils # Smn Manual
17438-3,Phenolphthalein Bld-mCnc
17439-1,Phenols Bld-mCnc
17444-1,Phenytoin Ur-mCnc
17447-4,Phosphate Stl Ql
1745-9,Albumin Amn-mCnc
1746-7,Albumin CSF-mCnc
1747-5,Albumin Fld-mCnc
17476-3,Porphyrins RBC-aCnc
1748-3,Albumin Plr-mCnc
17483-9,Progest Ur-mCnc
17484-7,Progest 1.5h p chal SerPl-mCnc
17485-4,Progest 15M p chal SerPl-mCnc
17486-2,Progest 2h p chal SerPl-mCnc
17487-0,Progest 45M p chal SerPl-mCnc
17488-8,Progest sp7 p chal SerPl-mCnc
17489-6,Progest sp8 p chal SerPl-mCnc
1749-1,Albumin Prt-mCnc
17490-4,Progest sp9 p chal SerPl-mCnc
1750-9,Albumin Smn-mCnc
1751-7,Albumin SerPl-mCnc
1752-5,Albumin Snv-mCnc
1753-3,Albumin Ur Ql
17534-9,Rheumatoid fact Fld IA-aCnc
1754-1,Albumin Ur-mCnc
1755-8,Albumin 24h Ur-mRate
17559-6,Salicylates Bld Ql
1756-6,Alb CSF/SerPl
17560-4,Salicylates Gast Ql
1757-4,Albumin Cl 24h Ur+SerPl-vRate
1758-2,Albumin Glycated SerPl-mCnc
1759-0,Albumin/Glob SerPl
17612-3,Deprecated S pneum1 Ab sp1 Ser-aCnc
17613-1,Deprecated S pneum1 Ab sp2 Ser-aCnc
17614-9,Deprecated S pneum12 Ab Ser Ql
17620-6,Deprecated S pneum18c Ab sp1 Ser-aCnc
17621-4,Deprecated S pneum18c Ab sp2 Ser-aCnc
17623-0,Deprecated S pneum19f Ab sp2 Ser-aCnc
17624-8,Deprecated S pneum23f Ab sp1 Ser-aCnc
17625-5,Deprecated S pneum23f Ab sp2 Ser-aCnc
17626-3,Deprecated S pneum3 Ab sp1 Ser-aCnc
17628-9,Deprecated S pneum3 Ab sp2 Ser-aCnc
17631-3,Deprecated S pneum36a+6b IgG Ser-aCnc
17632-1,Deprecated S pneum4 IgG Ser-aCnc
17633-9,Deprecated S pneum4 Ab sp1 Ser-aCnc
17634-7,Deprecated S pneum4 Ab sp2 Ser-aCnc
17635-4,S pneum Da 18C IgG Ser-aCnc
17636-2,Deprecated S pneum6b Ab sp1 Ser-aCnc
17637-0,Deprecated S pneum6b Ab sp2 Ser-aCnc
17641-2,Deprecated S pneum8 Ab Ser Ql
17642-0,Deprecated S pneum8 Ab Ser Ql IA
17643-8,Deprecated S pneum9 Ab Ser Ql IA
17647-9,S pneum Ab Ser-aCnc
17648-7,S pneum Ab Ser IA-aCnc
17650-3,S pneum IgG sp1 Ser IA-aCnc
17651-1,S pneum IgG sp2 Ser IA-aCnc
17652-9,S pneum Ag Spec Ql LA
17653-7,Deprecated S pneumA Ag XXX Ql
17654-5,Deprecated S pneumB Ab Ser Ql EIA
17655-2,Deprecated S pneumB Ag Ur Ql IF
17656-0,S pyo Spec Ql Cult
17685-9,Testost Free Dial fld-mCnc
17686-7,Testost Wkly Bnd SerPl-mCnc
17687-5,Testost/Epitestost SerPl
17688-3,Testost 1.5h p chal SerPl-mCnc
17689-1,Testost 15M p chal SerPl-mCnc
17690-9,Testost 2h p chal SerPl-mCnc
17691-7,Testost 30M p chal SerPl-mCnc
17692-5,Testost 45M p chal SerPl-mCnc
17693-3,Testost 4D p chal SerPl-mCnc
17708-9,TSI Ser Ql
17710-5,Tin/Creat Ur
17743-6,T3RU 1h p chal NFr SerPl
1775-6,ALP Fld-mCnc
17757-6,Urea nit DiafP-mCnc
17758-4,Urea nit Vitf-mCnc
17759-2,BUN p dialysis BldA-mCnc
1776-4,ALP Ur-mCnc
17760-0,BUN pre dial BldV-mCnc
17768-3,Vinyl Chloride Bld-mCnc
1777-2,ALP Bone SerPl-cCnc
1778-0,ALP Intest SerPl-cCnc
17782-4,LDL SerPl Qn
1779-8,ALP Liver SerPl-cCnc
17793-1,BJ Protein 24h Ur-mCnc
17795-6,Potassium Hyperal Soln-sCnc
17796-4,Sodium Hyperal Soln-sCnc
1780-6,ALP Plac SerPl-cCnc
17809-5,Hct VFr Ur Calc
1781-4,ALP Regan SerPl-cCnc
17810-3,Prealb MFr Fld Elph
17811-1,Alpha1 Glob ?Tm MFr Ur Elph
17812-9,Alpha1 Glob MFr Fld Elph
17813-7,Alpha2 Glob ?Tm MFr Ur Elph
17814-5,Alpha2 Glob MFr Fld Elph
17815-2,B-Globulin ?Tm MFr Ur Elph
17816-0,B-Globulin MFr Fld Elph
17817-8,Gamma glob ?Tm MFr Ur Elph
17818-6,Gamma glob MFr Fld Elph
17819-4,Albumin ?Tm MFr Ur Elph
1782-2,ALP Renal SerPl-cCnc
17820-2,Albumin MFr Fld Elph
17822-8,CD3+CD4+ Cells NFr Fld
17824-4,CD3+CD8+ Cells NFr Fld
1783-0,ALP Bld-cCnc
17833-5,Basophils NFr Snv
17834-3,Eosinophil NFr Snv
17835-0,Monocytes NFr Snv
17836-8,Neutrophils NFr Snv
17838-4,ALP Bone SerPl-mCnc
17841-8,Amylase 12h Ur-cRate
17844-2,Estradiol Albumin Bnd SerPl-mCnc
17845-9,HDL SerPl Ql
17846-7,LDL SerPl Ql
17847-5,VLDL SerPl Ql
17848-3,Retics/1000 RBC NFr Manual
17849-1,Retics/RBC NFr Auto
17855-8,HbA1c MFr Bld Calc
17856-6,HbA1c MFr Bld HPLC
17857-4,Rheumatoid fact Titr Ser
17861-6,Calcium SerPl-mCnc
17862-4,Calcium Ur-mCnc
17863-2,Ca-I SerPl-mCnc
17864-0,Ca-I SerPl ISE-mCnc
17865-7,Glucose p 8h fast SerPl-mCnc
17866-5,Carnitine/Creat Ur-Rto
17868-1,Acylcarnitine/Creat Ur-Rto
17869-9,Orotate/Creat Ur-sRto
17870-7,Orotidine/Creat Ur-sRto
17871-5,Hgb H Bld Ql Heat Denat
17923-4,Bacteria Tiss Anaerobe Cult org #2
17924-2,Bacteria Tiss Anaerobe Cult org #3
17925-9,Bacteria Deep Wnd Anaerobe Cult
17926-7,Bacteria Deep Wnd Anaerobe Cult org #2
17928-3,Bacteria Bld Aerobe Cult
17929-1,Bacteria Bld Aerobe Cult org #2
17930-9,Bacteria Bld Aerobe Cult org #3
17931-7,Bacteria Bld Aerobe Cult org #4
17932-5,Bacteria Bld Aerobe Cult org #5
17933-3,Bacteria Bld Aerobe Cult org #6
17934-1,Bacteria Bld Anaerobe Cult
17935-8,Bacteria Bld Anaerobe Cult org #2
17936-6,Bacteria Bld Anaerobe Cult org #3
1794-7,Amylase Duod fl-cCnc
1795-4,Amylase Fld-cCnc
1796-2,Amylase Plr-cCnc
17964-8,Bacteria Stl Cult org #2
17965-5,Bacteria Stl Cult org #3
17966-3,Bacteria Stl Cult org #4
17967-1,Bacteria Stl Cult org #5
17968-9,Bacteria Stl Cult org #6
17969-7,Deprecated Bacteria Ur Aerobe Cult
1797-0,Amylase Prt-cCnc
17970-5,Bacteria Ur Cult org #2
17971-3,Bacteria Ur Cult org #3
17972-1,Bacteria Ur Cult org #4
17973-9,Bacteria Ur Cult org #5
17974-7,Bacteria Ur Cult org #6
1798-8,Amylase SerPl-cCnc
1799-6,Amylase Ur-cCnc
1800-2,Amylase 24h Ur-cRate
1801-0,Amylase Cl 24h Ur+SerPl-vRate
1802-8,Amylase P1 SerPl-cCnc
1803-6,Amylase P2 SerPl-cCnc
1804-4,Amylase P3 SerPl-cCnc
1805-1,Amylase P SerPl-cCnc
1806-9,Amylase S1 SerPl-cCnc
1807-7,Amylase S2 SerPl-cCnc
1808-5,Amylase S3 SerPl-cCnc
1809-3,Amylase S SerPl-cCnc
1810-1,Amylase/Creat SerPl
1811-9,Amylase/Cr Cl 24h Ur+SerPl-Rto
18180-0,Deprecated Albumin 2H Ser-mRate
18184-2,Erythrocyte Sed Rat Bld Westrgrn 2h
18186-7,Calcium 12h Ur-mRate
18210-5,C1INH Bnd IgG SerPl-mCnc
18227-9,Glucose 6h Ur-mRate
18228-7,G6PD Tiss Ql
18233-7,Deprecated FLUV Ab CSF-aCnc
18234-5,Insulin Usub Ql
18238-6,Lithium Tiss-mCnt
18261-8,LDLc SerPl.Ultracent-mCnc
18262-6,LDLc SerPl Direct Assay-mCnc
18263-4,HDLc SerPl.Ultracent-mCnc
18264-2,Deprecated Bilirub Direct SerPl 1m Inc-m
18265-9,APAP Fld Ql
18266-7,CD3+CD4+ Cells/CD3+CD8+ Cll Fld
18271-7,A1AT Cl 24h SerPl+Stl-vRate
18275-8,Antigens Present RBC Donr
18276-6,Antigens Absent RBC Donr
18277-4,Hgb F Gast Ql Apt-Downey
18278-2,Hgb F Mec Ql Apt-Downey
18279-0,Deprecated Hgb F Stl Ql Apt-Downey
18281-6,Calcium TP cor SerPl-sCnc
18291-5,Hgb F MFr Bld NB
18292-3,Deprecated Hgb F Fr Bld Kleih Betke
18293-1,Deprecated Hgb F p partum Fr Bld KB
18294-9,Deprecated Hgb F Fr Bld Kleih Betke
18295-6,Deprecated Hgb F pre partum Fr Bld KB
18296-4,Glucose p Glc SerPl-Imp
18297-2,Acid hemolysis RBC-mCnc
18305-3,Amoeba Aspirate IH Stn
18306-1,Hydatid Cyst Aspirate IH Stn
18307-9,O+P Stl IH Stn
18310-3,Deprecated Hgb Other Bld-Imp
18319-4,Neuts Vac Bld Ql Smear
18329-3,ANCA IgA Ser-aCnc
18330-1,ANCA IgG Ser-aCnc
18331-9,ANCA IgM Ser-aCnc
18346-7,Deprecated S pneum18c IgG Ser-aCnc
18347-5,Deprecated S pneum12 Ab sp2 Ser-aCnc
18362-4,Retinol Bind Prot 24h Ur-mRate
18365-7,Cortis F Sal-mCnc
18368-1,Magnesium 2h Ur-sRate
18369-9,Magnesium 4h Ur-sRate
18372-3,Potassium 6h Ur-sRate
18373-1,Prot 6h Ur-mRate
18376-4,Sodium 6h Ur-sRate
18377-2,Sodium 12h Ur-sRate
18380-6,URO-D RBC Qn
1839-0,Ammonia Bld-sCnc
18396-2,HIV1 p24 Ag SerPl Ql IA
18397-0,PV1 Ab Titr CSF CF
18398-8,PV2 Ab Titr CSF CF
18399-6,PV3 Ab Titr CSF CF
1840-8,Ammonia CSF-sCnc
1841-6,Ammonia Ser-sCnc
1842-4,Ammonia Ur-sCnc
1843-2,Ammonia nitrogen 24h Ur-mRate
18475-4,Phe/Creat Ur-sRto
18476-2,URO-D RBC Ql
18477-0,Lithium 24h Ur-sRate
18481-2,S pyo Ag Throat Ql
18488-7,Calcium 24h Ur-mCnc
18540-5,Q-T interval L-V3
18541-3,Q-T interval L-V4
1869-7,Apo A-I SerPl-mCnc
1870-5,Apo A-II SerPl-mCnc
1871-3,Apo B100 SerPl-mCnc
1872-1,Apo B150 SerPl-mCnc
18729-4,Urinalysis studies
1873-9,Apo B48 SerPl-mCnc
1874-7,Apo B/Apo A-I SerPl
1875-4,Apo C-I SerPl-mCnc
1876-2,Apo C-II SerPl-mCnc
1877-0,Apo C-III SerPl-mCnc
1878-8,Apo A-III SerPl-mCnc
1879-6,Apo E2 SerPl-mCnc
1881-2,Apo Lp(a) SerPl-mCnc
1882-0,Deprecated Apo Lp(q) SerPl-mCnc
1883-8,Apo A SerPl-mCnc
1884-6,Apo B SerPl-mCnc
1885-3,Apo C SerPl-mCnc
1886-1,Apo E SerPl-mCnc
1890-3,Arginase RBC-cCnc
18928-2,Gentamicin Susc Islt
18929-0,Gentamicin Islt High potency
19000-9,Vancomycin Susc Islt
19046-2,Deprecated BSA IgE RAST Ql
19057-9,ABO + Rh Bld NB
19072-8,Ca-I adj pH7.4 SerPl-sCnc
19104-9,Glucose 1h p Glc SerPl-Imp
19105-6,Glucose 3h p Glc SerPl-Imp
19110-6,HIV1 gp41+gp43 Ab Ser Ql IB
19123-9,Magnesium SerPl-mCnc
19124-7,Magnesium Ur-mCnc
19158-5,UUN 24h Ur-Imp
19159-3,Urn Spec Collect Meth Ur
19163-5,Cancer Ag19-9 Plr-aCnc
19165-0,Cancer Ag125 Plr-aCnc
19213-8,pH BldMV
19214-6,pO2 satn adj to 0.5 BldA
19215-3,pO2 satn adj to 0.5 BldC
19216-1,pO2 satn adj to 0.5 BldV
19217-9,pO2 satn adj to 0.5 BldMV
19224-5,SaO2 % BldMV
19225-2,DO-Hgb MFr BldA
19226-0,DO-Hgb MFr BldC
19227-8,DO-Hgb MFr BldV
19228-6,DO-Hgb MFr BldMV
19229-4,HCO3 BldMV-sCnc
19230-2,HCO3 std BldA-sCnc
19231-0,HCO3 std BldC-sCnc
19232-8,HCO3 std BldV-sCnc
19233-6,HCO3 std BldMV-sCnc
19239-3,Lactate BldC-sCnc
19240-1,Lactate BldMV-sCnc
19248-4,LDH2 SerPl Elph-cCnc
19250-0,HDL Plr-mCnc
19251-8,Prolactin p chal SerPl-mCnc
1928-1,BJ Protein Ur Ql
1929-9,BJ Protein Ur-mCnc
1938-0,B-Fructofuranosidase RBC-cCnc
1940-6,B-Galactosidase RBC-cCnc
1951-3,B2 Microglob CSF-mCnc
1952-1,B2 Microglob SerPl-mCnc
1953-9,B2 Microglob Ur-mCnc
1959-6,HCO3 Bld-sCnc
1960-4,HCO3 BldA-sCnc
1961-2,HCO3 BldC-sCnc
1962-0,Deprecated HCO3 Plas-sCnc
1963-8,HCO3 SerPl-sCnc
1964-6,HCO3 Ur-sCnc
1968-7,Bilirub Direct SerPl-mCnc
1969-5,Bilirub Cl 24h Ur+SerPl-vRate
1970-3,Bilirub Delta SerPl-mCnc
1971-1,Bilirub Indirect SerPl-mCnc
1972-9,Bilirub Amn-mCnc
1973-7,Bilirub CSF-mCnc
19732-7,Cat Serum Alb IgE Qn
19738-4,Dog Serum Alb IgE Qn
1974-5,Bilirub Fld-mCnc
1975-2,Bilirub SerPl-mCnc
19751-7,Mouse Epith+Ser+Ur Prot IgE Qn
19753-3,Rat Epith+Ser+Ur IgE Qn
19759-0,Swine Serum Alb IgE Qn
1976-0,Bilirub Stl Ql
1977-8,Bilirub Ur Ql
1978-6,Bilirub Ur-mCnc
19801-0,Specimen obtained UGI EGD
1986-9,C peptide SerPl-mCnc
1987-7,C peptide Ur-mCnc
19894-5,pCO2 during chest PT BldC TcCo2
19895-2,pCO2 during chest PT BldC
19900-0,pCO2 p chest PT BldC TcCo2
19901-8,pCO2 p chest PT BldC
19906-7,pCO2 pre chest PT BldC TcCo2
19907-5,pCO2 pre chest PT BldC
19912-5,Diff cap.CO Hgb adj He SB
19913-3,Diff cap.CO Hgb adj
1993-5,Calcium Cl 24h Ur+SerPl-vRate
1994-3,Ca-I Bld-sCnc
19949-7,OxyHgb 8h Max % BldA
1995-0,Ca-I SerPl-sCnc
19951-3,OxyHgb 8h Min % BldA
1996-8,Calcium Bld-sCnc
19969-5,OxyHgb pre PT % BldA
1997-6,Calcium CSF-sCnc
1998-4,Calcium Dial fld-sCnc
1999-2,Calcium Smn-sCnc
19995-0,FIO2 on vent O2 Analyzer
19999-2,pO2 during chest PT BldC TcO2
2000-8,Calcium SerPl-sCnc
20000-6,pO2 during chest PT BldC
2001-6,Calcium 24h Stl-sCnc
2002-4,Calcium Stl-sCnc
20022-0,pO2 p chest PT BldC TcO2
20023-8,pO2 p chest PT BldC
20028-7,pO2 pre chest PT BldC TcO2
20029-5,pO2 pre chest PT BldC
2003-2,Deprecated Calcium Ur Ql
2004-0,Calcium Ur-sCnc
2005-7,Calcium p 12h fast 2h Ur-sRate
2006-5,Cancer Ag125 SerPl Ql
2009-9,Cancer Ag19-9 SerPl Ql
2010-7,Deprecated Cancer Ag19-9 SerPl Ql
2016-4,CPS Ser-cCnc
2017-2,CPS (ammonia) Tiss-cCnt
2025-5,dis CO2 RBC-sCnc
2030-5,COHgb MFr BldA
2031-3,COHgb MFr BldC
2032-1,COHgb MFr BldV
20406-5,Deprecated Glucose Fr Ur Strip
20416-4,HCV RNA # SerPl NAA+probe
20426-3,ALP Bile SerPl-cCnc
20434-7,Prolactin SerPl 3rd IS-aCnc
20436-2,Glucose 2h p Glc SerPl-mCnc
20437-0,Glucose 3h p Glc SerPl-mCnc
20438-8,Glucose 1h p Glc SerPl-mCnc
20439-6,Glucose 30M p Glc SerPl-mCnc
20440-4,Glucose 1.5h p Glc SerPl-mCnc
20441-2,Glucose p 50 g Glc SerPl-mCnc
20442-0,HBV DNA # Ser Probe+sig amp
20447-9,HIV1 RNA # SerPl NAA+probe
20448-7,Insulin SerPl-aCnc
20451-1,T4 Bld Ql
20454-5,Prot Ur Ql Strip
20459-4,Gp B Strep Ag Spec Ql LA
20470-1,Ethanol SerPl Ql Scn
20472-7,Eosinophil Spec Ql Wright Stn
20488-3,Gp B Strep Ag CSF Ql
20489-1,S pneum Ag CSF Ql
20492-5,Deprecated Hgb Bld Elph-Imp
20494-1,Deprecated Lymphocytes Fr Fld Manual
20497-4,H capsul Myc Ab Ser CF-aCnc
20498-2,H capsul Yst Ab Ser CF-aCnc
20505-4,Bilirub Ur Strip-mCnc
20509-6,Hgb Bld Calc-mCnc
20510-4,LP SerPl Elph-Imp
20511-2,Creat Ur-Imp
2054-5,Catalase RBC-cCnc
20563-3,COHgb MFr Bld
20564-1,SaO2 % Bld
20567-4,Ferritin SerPl IA-mCnc
20568-2,Prolactin SerPl IA-mCnc
20569-0,CK MB CFr SerPl
20570-8,Hct VFr Bld Calc
20571-6,HCV RNA # SerPl Probe+sig amp
20572-4,Hgb A MFr Bld Elph
20573-2,H capsul Myc Ab Titr Ser CF
20574-0,H capsul Yst Ab Titr Ser CF
20575-7,HAV Ab Ser Ql
20576-5,Gal1PUT Bld Ql
20578-1,Vancomycin SerPl-mCnc
20585-6,Lymphocytes # Spec Auto
20607-8,CD3+CD4+ Cells/CD3+CD8+ Cll Spec
20615-1,Lymphs IgD/lymph NFr Spec
20616-9,Lymphs IgM/lymph NFr Spec
20617-7,Lymphs Kappa/lymph NFr Spec
20618-5,Lymphs Lambda/lymph NFr Spec
20619-3,Lymphocytes NFr Spec Auto
20621-9,Albumin/Creat Ur Strip
20622-7,Cortis 24h Ur-mCnc
20631-8,Activ T Lymphs NFr Bld
20632-6,Activ T Lymphs NFr Spec
2068-5,Chloride Amn-sCnc
20682-1,Ammonia Ur-mCnc
20683-9,Ammonia Ingesta-mCnc
20684-7,Ammonia Ser-mCnc
20686-2,A marginale Ab Ser Ql CF
20689-6,B caballi Ab Ser Ql CF
2069-3,Chloride Bld-sCnc
20690-4,T equi Ab Ser Ql CF
20699-5,BTV Ab Ser Ql CF
2070-1,Chloride CSF-sCnc
2071-9,Chloride Dial fld-sCnc
2072-7,Chloride Fld-sCnc
20728-2,B abortus Ab Ser Ql CF
2073-5,Chloride RBC-sCnc
20733-2,B ovis Ab Ser Ql CF
2074-3,Chloride Sal-sCnc
2075-0,Chloride SerPl-sCnc
20754-8,C psittaci Ab Ser Ql CF
2076-8,Chloride Stl-sCnt
20762-1,C diff Stl Ql Aerobe Cult
20768-8,C immitis Ab Ser Ql CF
2077-6,Chloride Sweat-sCnc
20777-9,Caprine Parapox Ab Ser Ql CF
2078-4,Chloride Ur-sCnc
2079-2,Chloride 24h Ur-sRate
20793-6,EEEV Ab Ser Ql CF
20794-4,EEEV Ab CSF Ql CF
20807-4,EAV Bld Ql Cult
2083-4,Cholest Est Ser-cCnc
2084-2,Cholest Ester SerPl-mCnc
2085-9,HDLc SerPl-mCnc
2086-7,Deprecated HDLc SerPl-mCnc
20862-9,FLUAV Ab Ser Ql HAI
2087-5,IDLc SerPl-mCnc
20872-8,Magnesium Ocflu-mCnc
20878-5,Bacteria Islt Anaerobe Cult
2088-3,Deprecated IDLc SerPl-mCnc
2089-1,LDLc SerPl-mCnc
20893-4,M avium paraTB Stl Ql Cult
20894-2,M avium paraTB Ab Ser Ql CF
2090-9,Deprecated LDLc SerPl-mCnc
2091-7,VLDLc SerPl-mCnc
2092-5,Deprecated VLDLc SerPl-mCnc
2093-3,Cholest SerPl-mCnc
2094-1,NE Cholest SerPl-mCnc
20941-1,Deprecated Phosphate SerPl-mCnc
2095-8,HDLc SerPl
20955-1,Salmonella Stl Cult
2096-6,Cholest/Trigl SerPl
20963-5,S hyodysenter Stl Ql Cult
20985-8,WEEV Ab Ser Ql CF
2099-0,Cholinesterase RBC-cCnc
20995-7,Cortis 1h p ACTH SerPl-Imp
21002-1,Fibrinogen PPP-Imp
21004-7,GTT SerPl-Imp
21005-4,HBV core Ab Ser Donr IA-aCnc
21006-2,HBV surface Ab Ser Donr IA-aCnc
21007-0,HIV1 Ab Ser Donr Ql
21008-8,HIV1 RNA # SerPl Probe
21009-6,Deprecated HIV1 Ser IB-Imp
21023-7,ANCA Ab Titr Ser
21028-6,Prot 24h Ur-Imp
21056-7,Amino Acids mixA Ur Ql
21058-3,Albumin 2h p PD SerPl-mCnc
21059-1,Albumin 24h Ur-mCnc
21065-8,Deprecated A alternata IgG RAST Ql
21094-8,Basophils NFr Spt Manual
21194-6,Chloride 24h Ur-sCnc
21197-9,Cholest Ester MFr SerPl
21217-5,C4d Plas-mCnc
21218-3,CH50 CSF-aCnc
21222-5,Cortis 11 PM SerPl-mCnc
21223-3,Cortis sp1 p chal SerPl-mCnc
21224-1,Cortis 2h p chal SerPl-mCnc
21225-8,Cortis 3h p chal SerPl-mCnc
21226-6,Cortis 4 PM SerPl-mCnc
21232-4,Creat BldA-mCnc
21263-9,Estradiol 24h Ur-mRate
21305-8,Glucose 24h Ur-mCnc
21306-6,Glucose 8h Ur-mRate
21307-4,Glucose 10h Ur-mRate
2132-9,Vit B12 SerPl-mCnc
21331-4,HIV1 p24 Ab Titr Ser IB
21332-2,HIV1 p41 Ab Titr Ser IB
21333-0,HIV1 RNA # Ser
21334-8,HIV2 gp105 Ab Ser Ql IB
21335-5,HIV 2 gp120 Ab Ser Ql IB
21336-3,HIV2 gp15 Ab Ser Ql IB
21337-1,HIV2 gp34 Ab Ser Ql IB
21338-9,HIV2 p31 Ab Ser Ql IB
21339-7,HIV2 p55 Ab Ser Ql IB
2134-5,Copro RBC-sCnc
21340-5,HIV2 p58 Ab Ser Ql IB
21372-8,Lymph Abn NFr CSF Manual
21373-6,Lymph Abn NFr Snv Manual
21375-1,Lymphs Kappa/Lambda Bld
21377-7,Magnesium Bld-mCnc
21380-1,Prolactin 24h Ur-mRate
21381-9,Prolactin 1.5h p chal SerPl-mCnc
21394-2,Monos+Macros NFr Fld Manual
21395-9,Monos+Macros NFr Snv Manual
21418-9,Neutrophil Ab Ser Ql
21419-7,ANCA Ab pattern Ser IF-Imp
2142-8,Cortis Sal-mCnc
2143-6,Cortis SerPl-mCnc
2144-4,Cortis Ur-mCnc
2145-1,Cortis F SerPl-mCnc
21458-5,Phosphate 24h Ur-mCnc
2146-9,Deprecated Cortis F SerPl-mCnc
2147-7,Cortis F 24h Ur-mRate
21476-7,Potassium 24h Ur-sCnc
21482-5,Prot 24h Ur-mCnc
2151-9,CK CSF-cCnc
2152-7,CK BB SerPl Elph-cCnc
21525-1,Sodium 24h Ur-sCnc
21526-9,Sodium 24h Ur-mCnc
21527-7,Sodium 24h Ur-mRate
2153-5,CK Macro SerPl-cCnc
2154-3,CK MB SerPl Elph-cCnc
2155-0,CK MM SerPl Elph-cCnc
21555-8,Testost SHBG adj SerPl-mCnc
2156-8,CK Amn-cCnc
21562-4,Thiocyanate/Creat Ur
2157-6,CK SerPl-cCnc
2158-4,CK/CK MB SerPl-cRto
2161-8,Creat Ur-mCnc
21632-5,ATP7B p.H1070Q Bld/T Ql
21633-3,ATP7B p.H714Q Bld/T Ql
21655-6,CFTR p.F508del Bld/T Ql
2169-1,Vit B12 Cl 24h Ur+SerPl-vRate
21696-0,HFE p.H63D Bld/T Ql
2171-7,Vit B12 USB SerPl-mCnc
21729-9,PSAP gene Mut Anl Bld/T
21730-7,PSAP gene Mut Tested Bld/T
21776-0,"t(1;19)(PBX1,TCF3) NFr Bld/T"
21778-6,"t(11;19)(MLL,MLLT1) NFr Bld/T"
21781-0,"t(12;16)(DDIT3,FUS) NFr Bld/T"
21782-8,"t(12;21)(ETV6,RUNX1) NFr Bld/T"
21784-4,"t(14;18)(IGH,BCL2) NFr Bld/T"
21786-9,"t(2;13)(PAX3,FOXO1) NFr Bld/T"
21788-5,"t(21;22)(ERG,EWSR1) NFr Bld/T"
21789-3,"t(4;11)(AFF1,MLL) NFr Bld/T"
21793-5,"t(8;21)(RUNX1T1,RUNX1) NFr Bld/T"
21794-3,"t(9;11)(MLLT3,MLL) NFr Bld/T"
21796-8,"t(9;22)(NR4A3,EWSR1) NFr Bld/T"
21800-8,"t(1;19)(PBX1,TCF3) Bld/T Ql"
21802-4,"t(11;19)(MLL,MLLT1) Bld/T Ql"
21805-7,"t(12;16)(DDIT3,FUS) Bld/T Ql"
21806-5,"t(12;21)(ETV6,RUNX1) Bld/T Ql"
21808-1,"t(14;18)(IGH,BCL2) Bld/T Ql"
21809-9,"t(14;18)(IGH,BCL2) Major Bld/T Ql"
21810-7,"t(14;18)(IGH,BCL2) Minor Bld/T Ql"
21812-3,"t(2;13)(PAX3,FKHR) Bld/T Ql"
21814-9,"t(21;22)(ERG,EWSR1) Bld/T Ql"
21815-6,"t(4;11)(AFF1,MLL) Bld/T Ql"
21819-8,"t(8;21)(RUNX1T1,RUNX1) Bld/T Ql"
21820-6,"t(9;11)(MLLT3,MLL) Bld/T Ql"
21824-8,"t(9;22)(NR4A3,EWSR1) Bld/T Ql"
21833-9,Alternate census tract at cancer Dx
21834-7,Coding sys Census tract Alt
22084-8,A marginale Ab Ser Ql
22096-2,FLUAV Ab Ser Ql
22302-4,EIV A1 Ab Titr Ser
22303-2,EIV A2 Ab Titr Ser
22312-3,HAV Ab Ser-aCnc
22313-1,HAV IgG Ser-aCnc
22314-9,HAV IgM Ser Ql
22315-6,HAV IgM Ser-aCnc
22316-4,HBV core Ab Ser-aCnc
22317-2,HBV core Ab Ser Donr-aCnc
22318-0,HBV core IgG Ser-aCnc
22319-8,HBV core IgM Ser-aCnc
22320-6,HBV e Ab Ser Ql
22321-4,HBV e Ab Ser-aCnc
22322-2,HBV surface Ab Ser Ql
22323-0,HBV surface Ab Ser Donr-aCnc
22324-8,HCV100-3 Ab Ser Ql
22325-5,HCV22-3 Ab Ser Ql
22326-3,HCV5-1-1 Ab Ser Ql
22327-1,HCV Ab Ser-aCnc
22328-9,HCV SOD Ab Ser Ql
22329-7,HCV C33c Ab Ser Ql
22330-5,HDV Ab Ser-aCnc
22356-0,HIV1 Ab Ser-aCnc
22357-8,HIV1+2 Ab Ser-aCnc
22358-6,HIV 2 Ab Ser-aCnc
22365-1,FLUAV Ab Titr Ser
22366-9,FLUAV+FLUBV Ab Titr Ser
22367-7,FLUBV Ab Titr Ser
22368-5,FLUCV Ab Titr Ser
2238-4,Estradiol Sal-mCnc
2239-2,Estradiol Smn-mCnc
2240-0,Estradiol Free SerPl-mCnc
2241-8,Estradiol Free Tiss-sCnt
2242-6,Deprecated Estradiol Free SerPl-mCnc
2243-4,Estradiol SerPl-mCnc
2244-2,Deprecated Estradiol Saliva-mCnc
2245-9,Estradiol Tiss-sCnt
2246-7,u Estradiol 24h Ur-mRate
22541-7,Deprecated S pneum 1 IgG Ser-aCnc
22542-5,Deprecated S pneum12 IgG Ser-aCnc
22543-3,Deprecated S pneum14 IgG Ser-aCnc
22544-1,Deprecated S pneum14 Ab sp1 Ser-aCnc
22545-8,Deprecated S pneum14 Ab sp2 Ser-aCnc
22547-4,Deprecated S pneum19 IgG Ser-aCnc
22548-2,Deprecated S pneum23 IgG Ser-aCnc
22549-0,Deprecated S pneum3 IgG Ser-aCnc
22550-8,Deprecated S pneum6+26 IgG Ser-aCnc
22551-6,Deprecated S pneum7 IgG Ser-aCnc
22552-4,S pneum Da 7F IgG Ser-aCnc
22553-2,Deprecated S pneum7f Ab sp1 Ser-aCnc
22554-0,Deprecated S pneum7f Ab sp2 Ser-aCnc
22556-5,Deprecated S pneum8 IgG Ser-aCnc
22557-3,Deprecated S pneum9 Ab Ser Ql
22558-1,Deprecated S pneum9 IgG Ser-aCnc
22561-5,Deprecated S pneum9n Ab sp2 Ser-aCnc
22562-3,S pneum IgG sp1 Ser-aCnc
22563-1,S pneum IgG 1:2 Ser-Rto
22564-9,S pneum IgG sp2 Ser-aCnc
22565-6,Deprecated S pneumB Ab Ser Ql
22566-4,S pyog.enz Ab Ser Ql
22567-2,S pyog.enz Ab Titr Ser
2263-2,Ethanolamine SerPl-mCnc
2264-0,Ethanolamine Ur-mCnc
22665-4,Bilirub Delta SerPl-sCnc
22679-5,Lysine/Creat Ur-sRto
22680-3,Mercury/Creat Ur-sRto
22682-9,Ornithine/Creat Ur-sRto
22687-8,Cystine/Creat Ur-sRto
22688-6,Threonine/Creat Ur-sRto
2269-9,Comp Fact B SerPl-mCnc
22690-2,Proline/Creat Ur-sRto
22691-0,Aspartate/Creat Ur-sRto
22692-8,Valine/Creat Ur-sRto
22693-6,Leucine/Creat Ur-sRto
22694-4,Citrulline/Creat Ur-sRto
22696-9,Cadmium/Creat Ur-sRto
22697-7,Arginine/Creat Ur-sRto
22698-5,Alanine/Creat Ur-sRto
22701-7,Salicylates Ur-sCnc
22705-8,Glucose Ur Strip-sCnc
22707-4,(Hcys)2/Creat Ur-sRto
22708-2,HVA/Creat Ur-sRto
22709-0,Glycine/Creat Ur-sRto
22711-6,Glutamate/Creat Ur-sRto
22726-4,Creat Spec-sCnc
22731-4,Trigl Spec-sCnc
22732-2,Salicylates Spec-sCnc
22733-0,Phosphate Spec-sCnc
22735-5,HCO3 Spec-sCnc
22736-3,APAP Spec-sCnc
22745-4,Ethanol Ur-sCnc
22746-2,Gentamicin Peak SerPl-sCnc
22747-0,Gentamicin Trough SerPl-sCnc
22748-8,LDLc SerPl-sCnc
22749-6,Amylase P Ur-cCnc
22753-8,UIBC SerPl-sCnc
2276-4,Ferritin SerPl-mCnc
22760-3,Potassium SerPl-mCnc
22762-9,Deprecated S pneum12 IgG Ser-aCnc
22763-7,Ammonia Plas-mCnc
22764-5,A pleuropn Ab Ser Ql CF
22768-6,AHSV Ab Ser Ql CF
22796-7,A marginale Ag Tiss Ql IF
2282-2,Folate Bld-mCnc
22821-3,Deprecated FLUAV Ab Titr Ser
22822-1,FLUAV Ab Ser Ql IA
22823-9,FLUAV Ab Titr Ser Aggl
22824-7,FLUAV Ab Titr Ser HAI
22825-4,FLUAV Ag Spec Ql ID
22826-2,FLUAV Spec Bioassay
22827-0,FLUAV Subtyp Spec NAA+probe
22828-8,FLUAV Subtyp Spec ID
2283-0,Folate RBC-mCnc
2284-8,Folate SerPl-mCnc
22864-3,B anthracis Ab Ser Ql CF
22934-4,B melitensis Ab Ser CF-aCnc
22935-1,B melitensis Ab Ser Ql CF
22937-7,B ovis Ab Ser CF-aCnc
22953-4,B suis Ab Ser CF-aCnc
22959-1,B mallei Ab Ser Ql CF
2299-6,Aldolase RBC-cCnc
23017-7,C burnet Ab Ser Ql CF
23033-4,DHV1 NAb Ser Ql Nt
23034-2,DHV1 Ab Ser Ql
23035-9,DHV1 Ag Spec Ql Nt
23036-7,DHV2 Ab Ser Ql
23037-5,DHV2 NAb Ser Ql Nt
23038-3,DHV2 Ag Spec Ql Nt
23039-1,DHV3 Ab Ser Ql
23040-9,DHV3 NAb Ser Ql Nt
23041-7,DHV3 Ag Spec Ql IF
23047-4,EEEV Ag Brain Ql CF
23049-0,EEEV Ag Spec Ql CF
23060-7,EHDV Ab Ser Ql CF
23069-8,EAV Ab Titr Ser CF
23090-4,EHV1+4 Ab Titr Ser CF
23100-1,EIV A1 Ab Ser Ql CF
23101-9,EIV A1 Ab Ser Ql
23102-7,EIV A1 Ag Titr Spec HAI
23103-5,EIV A2 Ab Ser Ql CF
23104-3,EIV A2 Ag Titr Spec HAI
23112-6,FMDV Ag Tiss Ql CF
23113-4,FMDV Ag Throat Ql CF
23115-9,FMDV Sertyp Spec CF
23119-1,FMDV Sertyp Tiss CF
2312-7,Gal1PO4 RBC-mCnc
2313-5,Gal1PUT RBC Ql
2314-3,Gal1PUT RBC-cCnc
23145-6,JEV Ab Titr Ser CF
23249-6,M agalactiae Ab Ser Ql CF
23254-6,M arginini Ab Ser Ql CF
23256-1,Mp bovis Ab Ser Ql CF
23258-7,M cap capric Ab Ser Ql CF
23265-2,M cap caprip Ab Titr Ser CF
23266-0,M cap caprip Ab Ser Ql CF
23281-9,M myc capri Ab Ser Ql CF
23283-5,M myc my lc Ab Ser Ql CF
23295-9,M putrefaciens Ab Ser Ql CF
23297-5,Mycoplasma Ab Ser Ql CF
23307-2,MYXV Ab Ser Ql CF
23318-9,NSDV Ag Spec Ql CF
23322-1,OvHV2 Ab Ser Ql CF
2334-1,Hgb Gast gastro Ql
2335-8,Hgb Stl gastro Ql
23367-6,PRRSV Ab Ser Ql CF
2339-0,Glucose Bld-mCnc
2340-8,Glucose Bld Strip.auto-mCnc
2341-6,Glucose Bld Manual Strip-mCnc
2342-4,Glucose CSF-mCnc
23420-3,S Abortusovis Ab Ser Ql CF
2343-2,Glucose Dial fld-mCnc
23437-7,SIV Ab Ser Ql
23438-5,SIV Ab Ser Ql HAI
2344-0,Glucose Fld-mCnc
23445-0,SVD Ag Skin Ql CF
23446-8,SVD Ag Spec Ql CF
2345-7,Glucose SerPl-mCnc
23453-4,T equigenit Ab Ser Ql CF
2346-5,Glucose Plr-mCnc
2347-3,Glucose Prt-mCnc
2348-1,Glucose Snv-mCnc
2349-9,Glucose Ur Ql
2350-7,Glucose Ur-mCnc
2351-5,Glucose 24h Ur-mRate
23510-1,T equiperdum Ab Titr Ser CF
23511-9,T equiperdum Ab Ser Ql CF
2352-3,Glucose CSF/SerPl
2353-1,GPI Ser-cCnc
2354-9,G6Pas Ser-cCnc
23541-6,VEEV Ab Ser Ql CF
2355-6,G6Pas Tiss-cCnt
23551-5,VEEV Ag Spec Ql CF
23559-8,VSV Ag Skin Ql CF
2356-4,G6PD RBC Ql
23560-6,VSV Ag Throat Ql CF
23564-8,VSIV Ab Ser Ql CF
23568-9,VSNJV Ab Ser Ql CF
23569-7,VSV Sertyp Spec CF
2357-2,G6PD RBC-cCnc
23570-5,VSV Sertyp Tiss CF
2358-0,G6PD Ser Ql
2359-8,G6PD Ser-cCnc
23591-1,WEEV Ag Spec Ql CF
23593-7,BLV Bld Ql Cult
2360-6,G6PD WBC-cCnc
23602-6,S Enteritid Stl Ql Cult
23615-8,Vancomycin Islt SlowMyco
23656-2,Ammonia Spec-mCnc
23657-0,A marginale Ab Titr Ser CF
23662-0,B bigemina Ab Ser Ql CF
23663-8,B bovis Ab Ser Ql CF
23665-3,B divergens Ab Ser Ql CF
23666-1,Babesia Ab Titr Ser CF
23677-8,BLV Ab Titr Ser CF
23741-2,F tular Ab Titr Ser CF
23761-0,Neutrophils NFr Bld Manual
23768-5,Porcine FLUAV Ab Titr Ser HAI
23769-3,Porcine FLUAV Ag Tiss Ql ImStn
2377-0,Glutathione Px RBC-cCnc
2378-8,GR RBC-cCnc
23781-8,SIV Ag Tiss Ql IF
23782-6,SIV Ag Tiss Ql ImStn
23783-4,T equigenit Ab Titr Ser CF
23787-5,VEEV Ab Titr Ser CF
23788-3,VSIV Ab Titr Ser CF
23790-9,VSNJV Ab Titr Ser CF
2380-4,Glutathione Synthase RBC-cCnc
23800-6,Mold Allerg Mix1 IgE Ql
23806-3,Albumin 2h p PD Prt-mCnc
23807-1,Albumin 4h p PD Prt-mCnc
23813-9,Deprecated Alternaria IgE RAST Ql
23823-8,Basophils NFr Spec Manual
2384-6,GAPD Ser-cCnc
23861-8,Ethanol Tiss-mCnt
23869-1,HBV DNA Ser Probe-mCnc
23870-9,HCV100+5-1-1 Ab Ser Ql IB
23871-7,HCV NS5 Ab Ser Ql IB
23876-6,HIV1 RNA Plas Probe+sig amp-aCnc
23877-4,A phagocytoph IgG Titr Ser IF
23878-2,A phagocytoph IgM Titr Ser IF
23891-5,Magnesium 24h Stl-sCnc
23892-3,Magnesium 24h Stl-sRate
23902-0,Deprecated Hgb F Fr Fld Manual
23903-8,Monos+Macros NFr Spec Manual
23904-6,Monos+Macros NFr CSF Manual
23910-3,OF 0% NaCl NFr RBC
23911-1,OF .30% NaCl NFr RBC
23912-9,OF .35% NaCl NFr RBC
23913-7,OF .40% NaCl NFr RBC
23914-5,OF .45% NaCl NFr RBC
23915-2,OF .50% NaCl NFr RBC
23916-0,OF .55% NaCl NFr RBC
23917-8,OF .60% NaCl NFr RBC
23918-6,OF .60% NaCl 24h Inc NFr RBC
23919-4,OF .65% NaCl NFr RBC
23920-2,OF .65% NaCl 24h Inc NFr RBC
23921-0,OF .75% NaCl 24h Inc NFr RBC
23922-8,OF .85% NaCl NFr RBC
23950-9,HAdV Ab Titr CSF CF
23953-3,Aspergillus Ab Titr CSF CF
23976-4,B dermat Ab Titr CSF CF
23990-5,Chlamydia Ab Titr CSF CF
23993-9,ECV7 Ab Titr CSF CF
24008-5,ECV14 Ab Titr Ser CF
24011-9,HCV Ab Patrn Ser IB-Imp
24012-7,HIV1 Ag Ser Ql
24013-5,HIV1 RNA Ser-Imp
24015-0,FLUAV+FLUBV Ag Spec Ql
24020-0,Gp B Strep Ag Ur Ql
24021-8,Deprecated S pneum12 Ab Ser-mCnc
24022-6,Deprecated S pneum14 Ab Ser-mCnc
24023-4,Deprecated S pneum3 Ab Ser-mCnc
24025-9,Deprecated S pneum8 Ab Ser-mCnc
24027-5,S pneum Ag Ur Ql
24079-6,Cholest Est Fib-cCnt
24080-4,Cholest Est WBC-cCnt
24081-2,DHAP AcylCoA AT Fib-cCnt
24082-0,Gal1PUT RBC-cCnt
24108-3,Cancer Ag19-9 SerPl-aCnc
24109-1,Progest Sal-sCnc
2411-7,Hexokinase1 CFr RBC
24113-3,HBV core IgM SerPl Ql IA
2412-5,Hexokinase3 CFr RBC
24152-1,Deprecated A alternata IgG Qn
24167-9,Deprecated Rat IgE Qn
24175-2,HAdV Ab sp1 Titr Ser CF
24176-0,HAdV Ab sp2 Titr Ser CF
24177-8,CV B1 Ab sp1 Titr Ser CF
24178-6,CV B1 Ab sp2 Titr Ser CF
24181-0,CV B2 Ab sp1 Titr Ser CF
24182-8,CV B2 Ab sp2 Titr Ser CF
24185-1,CV B3 Ab sp1 Titr Ser CF
24190-1,CV B4 Ab sp2 Titr Ser CF
24198-4,CV B6 Ab sp2 Titr Ser CF
24215-6,FLUAV Ab sp1 Titr Ser CF
24216-4,FLUAV Ab sp2 Titr Ser CF
24217-2,FLUBV Ab sp1 Titr Ser CF
24218-0,FLUBV Ab sp2 Titr Ser CF
24222-2,HPIV3 Ab sp1 Titr Ser CF
24223-0,HPIV3 Ab sp2 Titr Ser CF
24225-5,RSV Ab sp2 Titr Ser CF
24226-3,CV A10 Ab sp1 Titr Ser CF
24227-1,CV A10 Ab sp2 Titr Ser CF
24230-5,CV A7 Ab sp1 Titr Ser CF
24231-3,CV A7 Ab sp2 Titr Ser CF
24232-1,CV A9 Ab sp1 Titr Ser CF
24233-9,CV A9 Ab sp2 Titr Ser CF
24236-2,M pneumo Ab sp1 Titr Ser CF
24237-0,M pneumo Ab sp2 Titr Ser CF
2425-7,HAL Ser-cCnc
2428-1,Hcys SerPl-mCnc
24289-1,FLUAV Ab sp1 Titr Ser
24290-9,FLUAV Ab sp2 Titr Ser
24291-7,FLUBV Ab sp1 Titr Ser
24292-5,FLUBV Ab sp2 Titr Ser
24313-9,Hepatitis 1996 panel
24332-9,Alkaline phosphatase isoenz panel
24333-7,Amylase isoenz 3 panel
24334-5,Amylase isoenz 7 panel
24335-2,Creatine kinase panel
24336-0,Gas panel
24341-0,Gas & CO panel
24346-9,Parathyrin.intact & Calcium panel
24347-7,Parathyrin.mid molecule & Calcium panel
24348-5,Free T4 & TSH panel
24353-5,Glucose tolerance 2H gestational panel
24355-0,Urinalysis macroscopic panel
24356-8,Urinalysis complete panel
24357-6,Urinalysis macro (dipstick) panel
24360-0,Hemoglobin & Hematocrit panel
24363-4,Acute hepatitis 2000 panel
24365-9,Urinalysis microscopic panel
24373-3,Ferritin Bld-mCnc
24382-4,Neut Assoc Ab Ser
24389-9,Cortis pre 250 ug ACTH IM SerPl-sCnc
24390-7,Cortis 30M p 250 ug ACTH IM SerPl-sCnc
24391-5,Cortis 1h p 250 ug ACTH IM SerPl-sCnc
24392-3,Cortis pre 1 mg Dex SerPl-sCnc
24393-1,Cortis 10h p 1 mg Dex SerPl-sCnc
24394-9,Cortis 17h p 1 mg Dex SerPl-sCnc
24395-6,Cortis 24h p 1 mg Dex SerPl-sCnc
24414-5,Estradiol BS SerPl-mCnc
24430-1,S suis Sertyp Islt Aggl
24437-6,Butyrylgly/Creat Ur-sRto
24439-2,Isobutyrylgly/Creat Ur-sRto
24440-0,Isovalerylgly/Creat Ur-sRto
24442-6,Propionylgly/Creat Ur-sRto
24445-9,Valerylgly/Creat Ur-sRto
24447-5,Magnesium 24h Ur-mRate
24465-7,UUN 12h Ur-mRate
24467-3,CD3+CD4+ Cells # Bld
24469-9,Hgb XXX MFr Bld Elph
24470-7,Hgb A2+XXX MFr Bld Elph
24485-5,Mold Allerg Mix1 IgE RAST
24518-3,Calcium/Creat Ur-sRto
24519-1,Phosphate Bld-sCnc
24520-9,Phosphate RBC-sCnc
24522-5,Epineph/Creat Ur-sRto
24523-3,Norepineph/Creat Ur-sRto
2454-7,HPRT RBC-cCnc
2470-3,IgG/Alb CSF
2481-0,Insulin Ab Ser Ql
24819-5,Deprecated Liver+Spleen NM W Tc99mCa col
2482-8,Insulin Ab Ser-mCnc
2483-6,IGF BP3 SerPl-mCnc
2484-4,IGF-I SerPl-mCnc
2485-1,IGF-II SerPl-mCnc
2497-6,Iron Hair-mCnt
2498-4,Iron SerPl-mCnc
2499-2,Iron 24h Ur-mRate
2500-7,TIBC SerPl-mCnc
2501-5,UIBC SerPl-mCnc
2502-3,Iron Satn MFr SerPl
2503-1,Iron Chelated Ur-mCnc
2504-9,Iron Ur-mCnc
2505-6,Iron/TIBC SerPl
25090-2,Benzoate/Creat Ur-sRto
25091-0,C peptide/Creat Ur-sRto
25098-5,Ethanolamine/Creat Ur-sRto
25103-3,Glutaconate/Creat Ur-sRto
25106-6,Glycolate/Creat Ur-sRto
25107-4,Glyoxylate/Creat Ur-sRto
25108-2,OH-Decanedioate/Creat Ur-sRto
25109-0,OH-Lysine/Creat Ur-sRto
25110-8,OH-Proline/Creat Ur-sRto
25111-6,Isocitrate/Creat Ur-sRto
25112-4,Lactate/Creat Ur-sRto
25113-2,Malate/Creat Ur-sRto
25127-2,Phosphate/Creat 24h Ur-sRto
25129-8,PYD/Creat Ur-sRto
25133-0,Sarcosine/Creat Ur-sRto
25135-5,Suberate/Creat Ur-sRto
25137-1,Succinylacetone/Creat Ur-sRto
25138-9,Taurine/Creat Ur-sRto
25139-7,Tryptophan/Creat Ur-sRto
25140-5,Uracil/Creat Ur-sRto
25146-2,Bilirub Cry #/area UrnS HPF
25147-0,Ca Carbonate Cry #/area UrnS HPF
25148-8,CaOx Cry #/area UrnS HPF
25149-6,Ca Phos Cry #/area UrnS HPF
25150-4,Ca Sulfate Cry #/area UrnS HPF
25153-8,Cholest Cry #/area UrnS HPF
25156-1,Eosinophil UrnS Ql Micro
2518-9,Lactate BldA-sCnc
2519-7,Lactate BldV-sCnc
2520-5,Lactate CSF-sCnc
2521-3,Lactate Gast Ql
2522-1,Lactate Plr-sCnc
25228-8,Vancomycin Islt Slgr Mcbct AB 30.0
2523-9,Lactate Prt-sCnc
2524-7,Lactate SerPl-sCnc
2525-4,Lactate Snv-sCnc
2526-2,Lactate 24h Ur-mRate
2527-0,LDH Amn-cCnc
2528-8,LDH CSF-cCnc
25287-4,Deprecated S pneum19 IgG sp1 Ser-aCnc
25288-2,Deprecated S pneum19 IgG sp2 Ser-aCnc
2529-6,LDH Fld-cCnc
25290-8,Deprecated S pneum14 IgG sp1 Ser-aCnc
25291-6,Deprecated S pneum14 IgG sp2 Ser-aCnc
25292-4,Deprecated S pneum12 IgG sp1 Ser-aCnc
25294-0,Deprecated S pneum 1 IgG sp2 Ser-aCnc
25295-7,S pneum Da 6B IgG Ser-aCnc
25296-5,S pneum Da 7F IgG Ser-mCnc
25297-3,HPIV1 Ab sp2 Titr Ser CF
2530-4,LDH Plr-cCnc
25306-2,Deprecated A alternata IgG Ser-aCnc
25307-0,Deprecated A alternata IgG RAST Ser Ql
25308-8,Ammonia 24h Ur-sRate
2531-2,LDH Prt-cCnc
25311-2,Amylase 24h Ur-cCnc
25312-0,Amylase P CFr SerPl
25313-8,Amylase S CFr SerPl
2532-0,LDH SerPl-cCnc
25324-5,Arsenic/Creat Ur-sRto
2533-8,LDH Snv-cCnc
2534-6,LDH Ur-cCnc
2535-3,LDH1 SerPl Chem Sepn-cCnc
25358-3,C peptide 24h Ur-sRate
2536-1,LDH1 CFr SerPl Elph
25362-5,Calcium 24h Ur-sCnc
25363-3,C fetus Ab Titr Ser CF
25364-1,C jejuni Ab Titr Ser CF
2537-9,LDH1 SerPl-cCnc
25371-6,VLDLc SerPl-sCnc
2538-7,LDH2 SerPl Chem Sepn-cCnc
25386-4,Creat Fld-sCnc
2539-5,LDH2 CFr SerPl Elph
25395-5,Deprecated Dog Serum Alb IgE RAST Ql
2540-3,LDH2 SerPl-cCnc
25401-1,Estradiol 24h Ur-sRate
25405-2,Ethanolamine 24h Ur-sRate
2541-1,LDH3 SerPl Chem Sepn-cCnc
25415-1,Folate Bld-sCnc
2542-9,LDH3 CFr SerPl Elph
25428-4,Glucose Ur Ql Strip
2543-7,LDH3 SerPl-cCnc
25433-4,Hgb Free Plas-sCnc
2544-5,LDH4 SerPl Chem Sepn-cCnc
25447-4,Insulin Free SerPl-sCnc
2545-2,LDH4 CFr SerPl Elph
2546-0,LDH4 SerPl-cCnc
25461-5,"Lithium, Bld-sCnc"
25462-3,Lithium RBC-sCnc
25463-1,Lithium Ur-sCnc
2547-8,LDH5 SerPl Chem Sepn-cCnc
2548-6,LDH5 CFr SerPl Elph
2549-4,LDH5 SerPl-cCnc
2550-2,Lactate/Pyruvate Bld-sRto
25501-8,Phosphate Fld-sCnc
25506-7,Potassium Stl-sCnt
25508-3,Progest sp2 p chal SerPl-sCnc
25509-1,Progest sp3 p chal SerPl-sCnc
25528-1,IGF SerPl-sCnc
25531-5,S pneum Ab Ser-mCnc
25532-3,Deprecated Swine Serum Alb IgE RAST Ql
25543-0,Lipase 24h Ur-cRate
2555-1,LCAT SerPl-cCnc
25564-6,Bilirub Direct Fld-sCnc
25568-7,C peptide sp10 p chal SerPl-sCnc
25569-5,C peptide sp11 p chal SerPl-sCnc
25570-3,C peptide sp12 p chal SerPl-sCnc
25571-1,C peptide sp13 p chal SerPl-sCnc
25572-9,C peptide sp14 p chal SerPl-sCnc
25573-7,C peptide sp15 p chal SerPl-sCnc
25574-5,C peptide sp1 p chal SerPl-sCnc
25575-2,C peptide sp2 p chal SerPl-sCnc
25576-0,C peptide sp3 p chal SerPl-sCnc
25577-8,C peptide sp4 p chal SerPl-sCnc
25578-6,C peptide sp5 p chal SerPl-sCnc
25579-4,C peptide sp6 p chal SerPl-sCnc
25580-2,C peptide sp7 p chal SerPl-sCnc
25581-0,C peptide sp8 p chal SerPl-sCnc
25582-8,C peptide sp9 p chal SerPl-sCnc
25583-6,Calcium RBC-sCnc
25584-4,Calcium 5h p 500 mg Ca PO Ur-sCnc
25585-1,Deprecated Cat Serum Alb IgE RAST Ql
25617-2,Deprecated Cortis SerPl-sCnc
25618-0,Cortis sp1 p chal SerPl-sCnc
25619-8,Cortis sp2 p chal SerPl-sCnc
25620-6,Deprecated Cortis SerPl-sCnc
25621-4,Cortis sp3 p chal SerPl-sCnc
25622-2,Cortis sp4 p chal SerPl-sCnc
25623-0,Cortis sp5 p chal SerPl-sCnc
25624-8,Cortis sp6 p chal SerPl-sCnc
25625-5,Cortis sp7 p chal SerPl-sCnc
25626-3,Cortis 8h p 2 mg Dex SerPl-sCnc
25627-1,Cortis sp8 p chal SerPl-sCnc
25628-9,Cortis sp9 p chal SerPl-sCnc
25629-7,Deprecated Cortis SerPl-sCnc
25638-8,ECP-mCnc
2565-0,Deprecated Cholest SerPl-mCnc
25663-6,Glucose 15M p Glc SerPl-sCnc
25664-4,Glucose 1h p Glc Ur-mCnc
25666-9,Glucose 2.5h p Glc SerPl-sCnc
25667-7,Glucose 2h p Glc Ur-mCnc
25669-3,Glucose 3.5h p Glc SerPl-sCnc
25670-1,Glucose 30M p Glc Ur-mCnc
25672-7,Glucose 4.5h p Glc SerPl-sCnc
25673-5,Glucose 45M p Glc SerPl-sCnc
25675-0,Glucose 4h p Glc Ur-mCnc
25676-8,Glucose 5.5h p Glc SerPl-sCnc
25677-6,Glucose 6h p Glc SerPl-sCnc
25678-4,Glucose 1.5h p Glc Ur-mCnc
25680-0,Glucose pre 50 g Glc PO SerPl-sCnc
25685-9,Insulin sp10 p chal SerPl-sCnc
25686-7,Insulin sp11 p chal SerPl-sCnc
25687-5,Insulin sp12 p chal SerPl-sCnc
25688-3,Insulin sp13 p chal SerPl-sCnc
25689-1,Insulin sp14 p chal SerPl-sCnc
25690-9,Insulin sp15 p chal SerPl-sCnc
25691-7,Insulin sp1 p chal SerPl-sCnc
25692-5,Insulin sp2 p chal SerPl-sCnc
25693-3,Insulin sp3 p chal SerPl-sCnc
25694-1,Insulin sp4 p chal SerPl-sCnc
25695-8,Insulin sp5 p chal SerPl-sCnc
25696-6,Insulin 7.5h p chal SerPl-sCnc
25697-4,Insulin sp7 p chal SerPl-sCnc
25698-2,Insulin sp8 p chal SerPl-sCnc
25699-0,Insulin sp9 p chal SerPl-sCnc
25705-5,Ketones 1h p 50 g Glc PO Ur Ql
25706-3,Ketones 2h p Glc Ur Strip-mCnc
25707-1,Ketones 4h p Glc Ur Strip-mCnc
25709-7,L inter Canic Ab Titr Ser CF
2571-8,Trigl SerPl-mCnc
25710-5,L inter Grip Ab Titr Ser CF
25711-3,L inter Icter Ab Titr Ser CF
25712-1,L inter Pomon Ab Titr Ser CF
2572-6,LPL SerPl-cCnc
2573-4,HDL SerPl-mCnc
25734-5,Prolactin 10M p 200 ug TRH IV SerPl-mCnc
25735-2,Prolactin 1h p 200 ug TRH IV SerPl-mCnc
25736-0,Prolactin sp1 p chal SerPl-mCnc
25737-8,Prolactin 20M p 200 ug TRH IV SerPl-mCnc
25738-6,Prolactin 2h p 200 ug TRH IV SerPl-mCnc
25739-4,Prolactin 30M p 200 ug TRH IV SerPl-mCnc
2574-2,LDL SerPl-mCnc
25740-2,Prolactin 40M p 200 ug TRH IV SerPl-mCnc
25741-0,Prolactin 50M p 200 ug TRH IV SerPl-mCnc
25745-1,Rheumatoid fact Fld Ql Shp Aggl
25746-9,Rheumatoid fact Titr Fld Shp Aggl
2575-9,VLDL SerPl-mCnc
25758-4,IGF sp10 p chal SerPl-sCnc
25759-2,IGF sp11 p chal SerPl-sCnc
2576-7,LP SerPl-mCnc
25760-0,IGF sp12 p chal SerPl-sCnc
25761-8,IGF sp13 p chal SerPl-sCnc
25762-6,IGF sp14 p chal SerPl-sCnc
25763-4,IGF sp1 p chal SerPl-sCnc
25764-2,IGF sp2 p chal SerPl-sCnc
25765-9,IGF sp3 p chal SerPl-sCnc
25766-7,IGF sp4 p chal SerPl-sCnc
25767-5,IGF sp5 p chal SerPl-sCnc
25768-3,IGF sp6 p chal SerPl-sCnc
25769-1,IGF sp7 p chal SerPl-sCnc
25770-9,IGF sp8 p chal SerPl-sCnc
25771-7,IGF sp9 p chal SerPl-sCnc
25790-7,T4 Free sp1 p chal SerPl-sCnc
25791-5,T4 Free sp2 p chal SerPl-sCnc
25792-3,T4 Free sp3 p chal SerPl-sCnc
25793-1,T4 Free sp4 p chal SerPl-sCnc
25794-9,T4 Free sp5 p chal SerPl-sCnc
25795-6,T4 Free sp6 p chal SerPl-sCnc
25796-4,T4 Free sp7 p chal SerPl-sCnc
25797-2,T4 Free sp8 p chal SerPl-sCnc
25798-0,T4 Free sp9 p chal SerPl-sCnc
25803-8,T3Free sp1 p chal SerPl-sCnc
25804-6,T3Free sp2 p chal SerPl-sCnc
25805-3,T3Free sp3 p chal SerPl-sCnc
25806-1,T3Free sp4 p chal SerPl-sCnc
25807-9,T3Free sp5 p chal SerPl-sCnc
25808-7,T3Free sp6 p chal SerPl-sCnc
25809-5,T3Free sp7 p chal SerPl-sCnc
25810-3,T3Free sp8 p chal SerPl-sCnc
25811-1,T3Free sp9 p chal SerPl-sCnc
25835-0,HIV1 RNA SerPl Ql NAA+probe
25836-8,HIV1 RNA # Spec NAA+probe
25841-8,HIV 2 proviral DNA Bld Ql NAA+probe
25842-6,HIV 2 proviral DNA Spec Ql NAA+probe
25850-9,Ammonia 24h Ur-sCnc
25851-7,Ammonia/Creat 24h Ur-sRto
25872-3,C peptide 24h Ur-sCnc
25873-1,Calcium pre 500 mg Ca PO Ur-sCnc
2588-2,Lysolecithin AT RBC-cCnc
25880-6,Copper/Creat Ur-sRto
25882-2,Cortis F 24h Ur RIA-sCnc
25883-0,Cortis F 24h Ur HPLC-sCnc
25884-8,Cortis F 24h Ur RIA-sRate
25885-5,Cortis F 24h Ur HPLC-sRate
25899-6,D-Lactate sp1 p Exc SerPl-sCnc
25900-2,D-Lactate sp2 p Exc SerPl-sCnc
25901-0,D-Lactate sp3 p Exc SerPl-sCnc
25902-8,D-Lactate sp4 p Exc SerPl-sCnc
25903-6,D-Lactate sp5 p Exc SerPl-sCnc
25904-4,D-Lactate sp6 p Exc SerPl-sCnc
25905-1,D-Lactate pre Exc SerPl-sCnc
25910-1,Ethanolamine 24h Ur-sCnc
25911-9,Ethanolamine/Creat 24h Ur-sRto
25916-8,Glucose 24h Ur-sCnc
2593-2,Magnesium Bld-sCnc
25937-4,Iron 24h Ur-sCnc
2594-0,Magnesium CSF-sCnc
25940-8,L borgp Sej Ab Titr Ser CF
2595-7,Magnesium Dial fld-sCnc
25954-9,Magnesium 24h Ur-sCnc
2596-5,Magnesium Fld-sCnc
2597-3,Magnesium RBC-sCnc
25973-9,Phosphate 24h Ur-sCnc
2598-1,Magnesium Ur-sCnc
25986-1,Testost 24h Ur-sCnc
25987-9,Testost Free SerPl RIA-sCnc
2599-9,Magnesium 24h Ur-sRate
25992-9,Lipase 24h Ur-cCnc
2600-5,Mg Ionized SerPl-sCnc
2601-3,Magnesium SerPl-sCnc
26010-9,ALP Other CFr SerPl
26011-7,Macroamylase CFr SerPl
26014-1,Arbovirus Ab Titr Ser CF
26015-8,HDL2c SerPl-sCnc
26016-6,HDL2c SerPl.Ultracent-mCnc
26017-4,HDL3c SerPl-sCnc
26019-0,CK Macro1 CFr SerPl
26020-8,CK Macro2 CFr SerPl
26022-4,EV Ab Titr Ser CF
26034-9,Deprecated Prot Ur Elph-mCnc
26058-8,TBEV Ab Titr Ser CF
2614-6,MetHgb MFr Bld
2615-3,MetHgb MFr BldA
2616-1,MetHgb MFr BldC
2617-9,MetHgb MFr BldV
2618-7,MetHgb MFr RBC
2619-5,MetHgb RBC Ql
26403-6,A alternata IgG4 Qn
26404-4,Deprecated A alternata IgG4 RAST Ql
26444-0,Basophils # Bld
26445-7,Basophils NFr Spec
26449-9,Eosinophil # Bld
26450-7,Eosinophil NFr Bld
26451-5,Eosinophil NFr CSF
26452-3,Eosinophil NFr Fld
26474-7,Lymphocytes # Bld
26475-4,Lymphocytes # CSF
26476-2,Lymphocytes # Fld
26477-0,Variant Lymphs # Bld
26478-8,Lymphocytes NFr Bld
26479-6,Lymphocytes NFr CSF
26480-4,Lymphocytes NFr Pcar
26481-2,Lymphocytes NFr Plr
26482-0,Lymphocytes NFr Prt
26483-8,Lymphocytes NFr Snv
26484-6,Monocytes # Bld
26485-3,Monocytes NFr Bld
26486-1,Monocytes NFr CSF
26487-9,Monocytes NFr Fld
26488-7,Monocytes NFr Prt
26499-4,Neutrophils # Bld
26500-9,Neutrophils # CSF
26501-7,Neutrophils # Plr
26502-5,Neutrophils # Prt
26503-3,Neutrophils # Smn
26504-1,Neutrophils # Snv
26505-8,Neuts Seg NFr Bld
26506-6,Neuts Seg NFr CSF
26507-4,Neuts Band # Bld
26508-2,Neuts Band NFr Bld
26509-0,Neuts Band NFr CSF
26510-8,Neuts Band NFr Fld
26511-6,Neutrophils NFr Bld
26512-4,Neutrophils NFr CSF
26513-2,Neutrophils NFr Fld
26514-0,Neutrophils NFr Prt
2652-6,NADH Dehydrog RBC-cCnc
26525-6,Cortis F 24h p ACTH 24h Ur-mCnc
26526-4,Cortis F 48h p ACTH 24h Ur-mCnc
26527-2,Cortis F 72h p ACTH 24h Ur-mCnc
26528-0,Cortis 1h p ACTH SerPl-mCnc
26529-8,Cortis 24h p ACTH SerPl-mCnc
26530-6,Cortis 30M p ACTH SerPl-mCnc
26531-4,Cortis 32h p ACTH SerPl-mCnc
26532-2,Cortis 48h p ACTH SerPl-mCnc
26533-0,Cortis 56h p ACTH SerPl-mCnc
26534-8,Cortis 8h p ACTH SerPl-mCnc
26535-5,Cortis 30M p ACTH SerPl-sCnc
26536-3,Cortis 1h p ACTH SerPl-sCnc
26537-1,Glucose 2.5h p Glc Ur Ql Strip
26538-9,Glucose 3.5h p Glc Ur Ql Strip
26539-7,Glucose 45M p Glc SerPl-mCnc
26540-5,Glucose 3h p Glc Ur-mCnc
26541-3,Glucose 4h p Glc SerPl-mCnc
26542-1,Glucose 5h p Glc Ur-mCnc
26543-9,Glucose 5h p Glc SerPl-mCnc
26544-7,Glucose 6h p Glc SerPl-mCnc
26545-4,Glucose 6h p Glc Ur-mCnc
26546-2,Glucose 1h p Glc Ur Ql Strip
26547-0,Glucose 2h p Glc Ur Ql Strip
26548-8,Glucose 30M p Glc Ur Ql Strip
26549-6,Glucose 3h p Glc Ur Ql Strip
26550-4,Glucose 4h p Glc Ur Ql Strip
26551-2,Glucose 5h p Glc Ur Ql Strip
26552-0,Glucose 6h p Glc Ur Ql Strip
26553-8,Glucose 1.5h p Glc Ur Ql Strip
26554-6,Glucose 2.5h p Glc SerPl-mCnc
26555-3,Glucose 3.5h p Glc SerPl-mCnc
26567-8,Lymphs IgA/lymph NFr Spec
26582-7,Hcys/Creat Ur-sRto
26593-4,Ethanolamine CSF-sCnc
266-7,Gentamicin Islt MLC
26608-0,Ethanolamine SerPl-sCnc
26681-7,Deprecated S pneum23 Ab Ser-mCnc
26692-4,Deprecated S pneum19 Ab Ser-mCnc
26693-2,Deprecated S pneum12f Ab Ser-mCnc
267-5,Gentamicin Islt MIC
26701-3,Deprecated S pneum9 Ab Ser-mCnc
26708-8,Magnesium Stl-sCnt
26717-9,PETN Bld-sCnc
26746-8,Magnesium RBC-mCnc
26749-2,Urea nit sp2 DiafP-mCnc
26754-2,S pneum Da 7F Ab Ser-mCnc
26755-9,S pneum Da 18C Ab Ser-mCnc
26761-7,Sodium Cl 2h Ur+SerPl-vRate
26762-5,Chloride Ur-aCnc
26763-3,Sodium 2h Ur-mRate
26770-8,TCA/Creat Ur
268-3,Gentamicin Islt KB
26801-1,Prot 12h Ur-mRate
26803-7,Ethanolamine 24h Ur Ql
26821-9,LDL Fld Ql
26822-7,HDL Fld Ql
26826-8,Testost 24h Ur-mCnc
26827-6,Testost/Creat 24h Ur
26828-4,Cortis Sal-aCnc
26875-5,Deprecated S pneum4 Ab Ser-mCnc
26876-3,Deprecated S pneum 1 Ab Ser-mCnc
26879-7,T3 Sal-mCnc
2688-0,OMPdecase Ser-cCnc
269-1,Gentamicin Titr SBT
26916-7,Vit B12 Bld Ql
26917-5,Deprecated S pneum23 Ab Ser-mCnc
26924-1,Cancer Ag19-9 Fld-aCnc
26931-6,C4 SerPl-aCnc
26939-9,Deprecated S pneum19 Ab Ser-mCnc
26941-5,Deprecated S pneum9 Ab Ser-mCnc
26951-4,A alternata IgG Ser-mCnc
26987-8,Pentachlorophen/Creat Ur
26996-9,C7 SerPl-aCnc
27000-9,T4 Sal-mCnc
27021-5,N gonorrhoea Ab Titr CSF CF
27037-1,Calcium/Creat 2h Ur
27039-7,Ammonia 24h Ur-mCnc
2708-6,SaO2 % BldA
27088-4,Folate Bld Ql
2709-4,SaO2 % BldC
27091-8,Calcium 4h Ur-mRate
27092-6,Deprecated S pneum 1 IgG Ser-mCnc
27094-2,Deprecated S pneum4 IgG Ser-mCnc
27096-7,Deprecated S pneum3 IgG Ser-mCnc
2710-2,Deprecated SaO2 % BldC Oximetry
2711-0,SaO2 % BldV
27113-0,Deprecated S pneum8 IgG Ser-mCnc
27117-1,Cadmium RBC-mCnt
27118-9,S pneum Da 6B IgG Ser-mCnc
27119-7,Deprecated S pneum23 Ab sp2 Ser-mCnc
2712-8,Deprecated O2 Satn from pCO2 Fr Bld
27122-1,Magnesium RBC-mCnt
27123-9,Phosphate RBC-mCnt
27124-7,Copper RBC-mCnt
27125-4,Zinc RBC-mCnt
27126-2,Deprecated S pneum14 Ab sp2 Ser-mCnc
27128-8,Deprecated S pneum12 Ab sp2 Ser-mCnc
2713-6,SaO2 % Bld from pO2
27130-4,Mercury RBC-mCnt
27137-9,Antimony RBC-mCnt
27138-7,Deprecated S pneum23 Ab sp1 Ser-mCnc
27139-5,Deprecated S pneum7f IgG Ser-mCnc
27141-1,Deprecated S pneum 1 Ab sp1 Ser-mCnc
27142-9,Deprecated S pneum3 Ab sp1 Ser-mCnc
27143-7,Deprecated S pneum4 Ab sp1 Ser-mCnc
27144-5,Deprecated S pneum8 Ab sp1 Ser-mCnc
27145-2,Deprecated S pneum9 Ab sp1 Ser-mCnc
27146-0,Deprecated S pneum12 Ab sp1 Ser-mCnc
27147-8,Deprecated S pneum19 Ab sp2 Ser-mCnc
27148-6,Deprecated S pneum19 Ab sp1 Ser-mCnc
27152-8,Deprecated S pneum 1 Ab sp2 Ser-mCnc
27153-6,Deprecated S pneum3 Ab sp2 Ser-mCnc
27154-4,Deprecated S pneum4 Ab sp2 Ser-mCnc
27155-1,Deprecated S pneum6 Ab sp2 Ser-mCnc
27156-9,Deprecated S pneum8 Ab sp2 Ser-mCnc
27157-7,Deprecated S pneum9 Ab sp2 Ser-mCnc
27158-5,Deprecated S pneum14 Ab sp1 Ser-mCnc
27172-6,Calcium 24h Stl-mCnt
27182-5,Calcium Bld Ql
27198-1,Bilirub Amn Spectrp dir-aCnc
27210-4,Magnesium Bld Ql
27220-3,H capsul Myc Ab Titr CSF CF
27227-8,Deprecated S pneum 1 IgG Ser IA-mCnc
27228-6,Deprecated S pneum3 IgG Ser IA-mCnc
27229-4,Deprecated S pneum14 IgG Ser IA-mCnc
27230-2,Deprecated S pneum19 IgG Ser IA-mCnc
27231-0,Deprecated S pneum23 IgG Ser IA-mCnc
27255-9,Magnesium 24h Stl-sCnt
27257-5,Sodium 24h Stl-sCnt
27261-7,PV Ab Titr Ser CF
27298-9,Prot Ur-aCnc
27306-0,Testost Sal Ql
27330-0,Insulin 1.5h p chal SerPl-aCnc
27340-9,HDLc SerPl Ql
27345-8,Hgb A2 Bld Ql Elph
27353-2,Est. average glucose Bld gHb Est-mCnc
27355-7,VLDL Plr Ql
27372-2,Insulin 20M p chal SerPl-aCnc
27373-0,Calcium Dial fld-mCnc
27374-8,Deprecated S pneum12 IgG Ser-mCnc
27376-3,Deprecated C peptide SerPl-mCnc
27379-7,Insulin 1h p chal SerPl-aCnc
27387-0,Deprecated S pneum14 IgG Ser-mCnc
27388-8,Deprecated S pneum26 IgG Ser-mCnc
27389-6,Deprecated S pneum23 IgG Ser-mCnc
27390-4,Deprecated S pneum19 IgG Ser-mCnc
27392-0,Deprecated S pneum9 IgG Ser-mCnc
27393-8,Deprecated S pneum23f IgG Ser-mCnc
27395-3,S pneum Da 18C IgG Ser-mCnc
27396-1,Hgb Stl gastro-mCnt
27397-9,Deprecated S pneum12f IgG Ser-mCnc
27398-7,Deprecated S pneum9n IgG Ser-mCnc
27401-9,Hgb sp6 Stl gastro Ql
27405-0,Deprecated S pneum56 IgG Ser-mCnc
27406-8,Deprecated S pneum19f IgG Ser-mCnc
27408-4,C peptide 20M p chal SerPl-mCnc
27411-8,Iron/Creat Ur
27414-2,Fungus Stl Cult
27419-1,Sodium 24h Stl-sRate
27421-7,C peptide 40M p chal SerPl-mCnc
2744-1,pH BldA
27441-5,Potassium 24h Stl-sCnt
27444-9,Insulin 40M p chal SerPl-aCnc
2745-8,pH BldC
2746-6,pH BldV
2757-3,Phenol Bld-mCnc
2761-5,Phenylketones Bld Ql
2762-3,Phe Bld-mCnc
2770-6,Phenylpyruvate Bld-mCnc
2774-8,Phosphate Bld-mCnc
2775-5,Phosphate Dial fld-mCnc
2776-3,Phosphate Cl 24h Ur+SerPl-vRate
2777-1,Phosphate SerPl-mCnc
2778-9,Phosphate Ur-mCnc
2779-7,Phosphate 24h Ur-mRate
2780-5,Phosphate Ur Ql
2781-3,Deprecated Phosphate Ur-mCnc
2782-1,Deprecated Phosphate 24H Ur-mRate
27826-7,Insulin 2h p chal SerPl-aCnc
27827-5,Insulin 30M p chal SerPl-aCnc
27828-3,Insulin 3h p chal SerPl-aCnc
27830-9,Insulin 1h p 75 g Glc PO SerPl-aCnc
27832-5,Insulin sp4 p chal SerPl-aCnc
27833-3,Insulin 7h p 75 g Glc PO SerPl-aCnc
27834-1,Insulin 1.5h p 75 g Glc PO SerPl-aCnc
27839-0,C peptide 4h p chal SerPl-mCnc
27852-3,Insulin 5h p chal SerPl-aCnc
27860-6,Insulin 2h p 75 g Glc PO SerPl-aCnc
27861-4,Insulin 3h p 75 g Glc PO SerPl-aCnc
27862-2,Insulin 4h p 75 g Glc PO SerPl-aCnc
27863-0,Insulin 2.5h p chal SerPl-aCnc
27867-1,Insulin sp7 p chal SerPl-aCnc
27872-1,Insulin 6h p 75 g Glc PO SerPl-aCnc
27873-9,Insulin p fast SerPl-aCnc
27874-7,Insulin sp5 p chal SerPl-aCnc
27875-4,Insulin sp6 p chal SerPl-aCnc
27891-1,T4 BS SerPl-mCnc
27906-7,Imm Lymphs NFr Amn
27907-5,Cryptosp Stl Cult
27909-1,Calcium sp1 p chal SerPl-mCnc
2791-2,PFK Bld-cCnc
27910-9,Calcium sp6 p chal SerPl-mCnc
27913-3,Calcium sp7 p chal SerPl-mCnc
27916-6,Calcium sp2 p chal SerPl-mCnc
27919-0,Calcium sp3 p chal SerPl-mCnc
27925-7,Hgb sp7 Stl gastro Ql
27926-5,Hgb sp8 Stl gastro Ql
27930-7,Neutrophils NFr Bronch
27932-3,Neutrophils NFr Spt
27933-1,Calcium sp5 p chal SerPl-mCnc
27935-6,Calcium sp4 p chal SerPl-mCnc
27936-4,Lymphocytes NFr Spt
27940-6,Deprecated Insulin 1.5H p 75 g Glc PO Se
27941-4,Lactate CSF-mCnc
27944-8,C peptide 24h Ur-mRate
27946-3,Lactate 1h p chal Bld-mCnc
27949-7,Lactate 4h p chal Bld-mCnc
2795-3,PFK-L CFr RBC
27955-4,Lactate 2h p chal Bld-mCnc
2796-1,PFK-M CFr RBC
27961-2,Lactate 3h p chal Bld-mCnc
27964-6,Deprecated S pneum6+26 Ab Ser-mCnc
27967-9,Progest BS SerPl-mCnc
27976-0,Lactate p fast Bld-mCnc
27987-7,T4 Free BS SerPl-aCnc
27989-3,T4 Free 1h p chal SerPl-aCnc
27990-1,Fibrinogen Frg PPP LA-mCnc
27991-9,Fibrinogen Frg Ur LA-mCnc
2800-1,Deprecated GPI Ser-cCnc
28003-2,Sodium/Potassium SerPl-sRto
28004-0,HIV1 IgG CSF Ql IB
28006-5,Hgb F Vom Ql
28045-3,Cortis sp1 Sal Ql
28046-1,Cortis sp2 Sal Ql
28052-9,HIV1 IgG Patrn CSF IB-Imp
28067-7,Hgb F Amn Ql
28079-2,Activities of daily living alteration
28080-0,Activity alteration
28097-4,Endocrine alteration
28099-0,Family process alteration
28102-2,Fecal impaction
28104-8,Fluid volume alteration
28111-3,Gastrointestinal alteration
28113-9,Growth and development alteration
28114-7,Gustatory alteration
28115-4,Health maintenance alteration
28116-2,Health-seeking behavior alteration
28117-0,Home maintenance alteration
28121-2,Immunologic alteration
28126-1,Instrumental activity of daily living (IADLS) alteration
28127-9,Kinesthetic alteration
28137-8,Auditory alteration
28139-4,Blood pressure alteration
2814-2,Porphyrins RBC-mCnc
28145-1,Bowel elimination alteration
28149-3,Cardiac output alteration
28150-1,Cardiovascular alteration
28151-9,Cerebral alteration
28155-0,Comfort alteration
28158-4,Living with HIV/AIDS -I may choose to self-deliver (suicide) near the end
28159-2,Living with HIV/AIDS -I have a meaningful life
28160-0,Living with HIV/AIDS -My medicines are taking over my life
28161-8,Living with HIV/AIDS -I need some help to let go
28162-6,Living with HIV/AIDS -I have no energy to fight back
28163-4,Living with HIV/AIDS -I am not enjoying life at all
28164-2,Living with HIV/AIDS -My pain is hard to manage
28165-9,Living with HIV/AIDS -I have so many things in my life yet undone
28166-7,Living with HIV/AIDS -I feel somewhat disconnected and alone
28167-5,Living with HIV/AIDS -I want to stay home to receive treatments
28168-3,Living with HIV/AIDS -I take time for the important things in life
28169-1,Living with HIV/AIDS -I use my time wisely
28170-9,Living with HIV/AIDS -I want to die at home
28173-3,Meaningfulness alteration
28175-8,Musculoskeletal alteration
28181-6,Nutrition alteration
28182-4,Olfactory alteration
28185-7,Parenting alteration
28187-3,Peripheral alteration
2819-1,Potassium CSF-sCnc
28190-7,Physical regulation alteration
28195-6,Protection alteration
28198-0,Renal alteration
28199-8,Respiration alteration
2820-9,Potassium Dial fld-sCnc
28200-4,Role performance alteration
28202-0,Self-concept alteration
28203-8,Sensory perceptual alteration
28205-3,Sexuality patterns alteration
2821-7,Potassium Fld-sCnc
28211-1,Social interaction alteration
28214-5,Spiritual state alteration
2822-5,Potassium Gast-sCnc
28227-7,Tactile alteration
28229-3,Thought process alteration
2823-3,Potassium SerPl-sCnc
28230-1,Tissue perfusion alteration
28238-4,Urinary elimination alteration
2824-1,Potassium RBC-sCnc
28242-6,Visual alteration
2825-8,Potassium Sal-sCnc
2826-6,Potassium 72h Stl-sRate
2827-4,Potassium Sweat-sCnc
2828-2,Potassium Ur-sCnc
2829-0,Potassium 24h Ur-sRate
2830-8,Potassium Cl 24h Ur+SerPl-vRate
28364-8,Living with HIV/AIDS -I am afraid of pain and suffering
28365-5,Living with HIV/AIDS -I am afraid to die
28366-3,Living with HIV/AIDS -I am comfortable and well cared for
28367-1,Living with HIV/AIDS -I don't want technology to keep me alive when i am ready to die
28368-9,Living with HIV/AIDS -I don't have to keep fighting anymore
28369-7,Living with HIV/AIDS -I am embarrassed by the way i look
28370-5,Living with HIV/AIDS -I need to make the extra effort to things
28371-3,Living with HIV/AIDS -I feel more spiritual as inear the end
28372-1,Living with HIV/AIDS -My financial situation is distressing
28373-9,Living with HIV/AIDS -It frightens me that i have so little control over my illness
28374-7,Living with HIV/AIDS -It's hard to give doing things i like
28375-4,Sign and Symptom Checklist for persons with HIV disease
28376-2,Sign and Symptom Checklist for persons with HIV disease
28377-0,Sign and Symptom Checklist for persons with HIV disease
28378-8,Sign and Symptom Checklist for persons with HIV disease
28379-6,Sign and Symptom Checklist for persons with HIV disease
2838-1,Progest Sal-mCnc
28380-4,Sign and Symptom Checklist for persons with HIV disease
28381-2,Sign and Symptom Checklist for persons with HIV disease
28382-0,Sign and Symptom Checklist for persons with HIV disease
28383-8,Sign and Symptom Checklist for persons with HIV disease
28384-6,Sign and Symptom Checklist for persons with HIV disease
28385-3,Sign and Symptom Checklist for persons with HIV disease
28386-1,Sign and Symptom Checklist for persons with HIV disease
28387-9,Sign and Symptom Checklist for persons with HIV disease
28388-7,Sign and Symptom Checklist for persons with HIV disease
28389-5,Sign and Symptom Checklist for persons with HIV disease
2839-9,Progest SerPl-mCnc
28390-3,Sign and Symptom Checklist for persons with HIV disease
28391-1,Sign and Symptom Checklist for persons with HIV disease
28392-9,Sign and Symptom Checklist for persons with HIV disease
28393-7,Sign and Symptom Checklist for persons with HIV disease
28394-5,Sign and Symptom Checklist for persons with HIV disease
28395-2,Sign and Symptom Checklist for persons with HIV disease
28396-0,Sign and Symptom Checklist for persons with HIV disease
28397-8,Sign and Symptom Checklist for persons with HIV disease
28398-6,Sign and Symptom Checklist for persons with HIV disease
28399-4,Sign and Symptom Checklist for persons with HIV disease
28400-0,Living with HIV/AIDS -I don't know about tomorrow so i live for today
28401-8,Living with HIV/AIDS -It's important to be in charge of this disease
28402-6,Living with HIV/AIDS -It is very important to be surrounded by people i love
28403-4,Living with HIV/AIDS -I want to be independent and take care of myself
28404-2,Living with HIV/AIDS -I live my life day to day
28405-9,Living with HIV/AIDS -Losing my looks is devastating to me
28406-7,Living with HIV/AIDS -Loss of my independence is very painful to me
28407-5,Living with HIV/AIDS -I have a lot of regrets about my live
2841-5,Prolactin Smn-mCnc
2842-3,Prolactin SerPl-mCnc
28525-4,Socialization alteration
28526-2,Skin integrity alteration
28527-0,Living with HIV/AIDS -My family is embarrassed to see me
28528-8,Living with HIV/AIDS -I have not had a good experience with a church
28529-6,Living with HIV/AIDS -I draw strength from my family
28530-4,Living with HIV/AIDS -My family does what needs to be done
28531-2,Living with HIV/AIDS -Being back in my home town would mean a lot to me
28532-0,Living with HIV/AIDS -I feel no sense of purpose in this life
28538-7,Abdominal pain
28540-3,MCHC RBC-EntMCnc
28543-7,Basophils NFr Fld
28548-6,M pneumo Ab Titr CSF CF
28549-4,Yersinia Stl Cult
28550-2,Cortis Ur Ql
28553-6,Deprecated S pneum6+26 Ab sp1 Ser-mCnc
28554-4,Trigl SerPl Ql
28559-3,Hgb A2 Bld Ql
28584-1,2-Oxoadipate/Creat Ur-Rto
28585-8,4OH-phenylacetate/Creat Ur-Rto
28586-6,4OH-phenyllactate/Creat Ur-Rto
28587-4,Benzoate/Creat Ur-Rto
28588-2,B-Alanine/Creat Ur-Rto
28589-0,Carn esters/Creat Ur-Rto
28593-2,GABA/Creat Ur-Rto
28594-0,3Me-histidine/Creat Ur-Rto
28595-7,Taurine/Creat Ur-Rto
28596-5,Anserine/Creat Ur-Rto
28597-3,Carnosine/Creat Ur-Rto
28598-1,AAA/Creat Ur-Rto
28599-9,Cystathionin/Creat Ur-Rto
2860-5,Prot Nitrogen 24h Ur-mRate
28600-5,Phosphoserine/Creat Ur-Rto
28601-3,OH-Proline/Creat Ur-Rto
28603-9,Asparagine/Creat Ur-Rto
28604-7,PETN/Creat Ur-Rto
28605-4,Ethanolamine/Creat Ur-Rto
28608-8,Tryptophan/Creat Ur-Rto
2861-3,Albumin CSF Elph-mCnc
28610-4,Sarcosine/Creat Ur-Rto
2862-1,Albumin SerPl Elph-mCnc
2863-9,Albumin Snv Elph-mCnc
28640-1,HCO3 BldCoA-sCnc
28641-9,HCO3 BldCoV-sCnc
28642-7,SaO2 % BldCoA
28643-5,SaO2 % BldCoV
28646-8,pH BldCoA
28647-6,pH BldCoV
2887-8,Prot Ur Ql
2888-6,Prot Ur-mCnc
2889-4,Prot 24h Ur-mRate
2890-2,Prot/Creat Ur
2894-4,ZPP RBC Ql
29210-2,Bilirub Indirect Fld-mCnc
29216-9,Digoxin Fld-mCnc
29220-1,Haptoglob Fld-mCnc
29224-3,Phenytoin Fld-mCnc
29227-6,Salicylates Fld-mCnc
29238-3,Insulin Fld-aCnc
29239-1,T3Free SerPl Dialy-mCnc
29246-6,Lactate Fld-mCnc
29259-9,Abn Monocytes NFr Bld Manual
29260-7,Abn Monocytes # Bld Manual
29261-5,Lymph Abn NFr Bld Manual
29262-3,Lymph Abn # Bld Manual
29265-6,Calcium Album cor SerPl-sCnc
29276-3,Calcium Ur Ql
2928-0,Deprecated B-Fructofuranosidase RBC-cCnc
29280-5,D Dimer PPP Ql LA
29281-3,GR RBC Ql
29314-2,HAdV Ab Titr Fld CF
29318-3,Deprecated S pneumB Ag Ser Ql LA
29319-1,Deprecated S pneumB Ag CSF Ql LA
29320-9,Deprecated S pneumB Ag Ur Ql LA
29327-4,HIV1 Ab Fld Ql
29349-8,Potassium p dialysis SerPl-sCnc
29351-4,Rheumatoid fact CSF Ql
29352-2,Salicylates Gast-mCnc
29355-5,Reovirus Ab Titr Fld CF
29358-9,Cortis pre chal SerPl-mCnc
29360-5,Deprecated S pneumB Ag Ur Ql
29361-3,Deprecated S pneumB Ag CSF Ql
29362-1,Deprecated S pneumB Ag Ser Ql
29363-9,Cortis 1.5h p chal SerPl-mCnc
29364-7,Magnesium CSF-mCnc
29365-4,Magnesium Fld-mCnc
29366-2,HPIV1 Ab Titr Fld CF
29367-0,HPIV2 Ab Titr Fld CF
29368-8,HPIV3 Ab Titr Fld CF
29378-7,Insulin 4h p chal SerPl-aCnc
29379-5,Insulin 6h p chal SerPl-aCnc
29389-4,APAP Gast Ql
29413-2,Reovirus Ab Titr CSF CF
2947-0,Sodium (mEq/L)
2948-8,Sodium CSF-sCnc
2949-6,Sodium Dial fld-sCnc
2950-4,Sodium Fld-sCnc
2951-2,Sodium SerPl-sCnc
2952-0,Sodium 24h sub Stl Qn
29524-6,Acetoacet/Creat Ur-sRto
29525-3,Aconitate/Creat Ur-sRto
29526-1,Azelate/Creat Ur-sRto
29529-5,APAP Spec Ql
2953-8,Sodium 72h sub Stl Qn
29539-4,HIV1 RNA Plas Probe+sig amp-Log#
2954-6,Sodium Sweat-sCnc
29541-0,HIV1 RNA SerPl NAA+probe-Log#
2955-3,Sodium Ur-sCnc
2956-1,Sodium 24h Ur-sRate
2957-9,Sodium Cl 24h Ur+SerPl-vRate
2958-7,Sodium/Potassium Sweat-sRto
2959-5,Sodium/Potassium Ur-sRto
29601-2,PPA SerPlBld Cfm-mCnc
29608-7,Phentermine SerPlBld Cfm-mCnc
29609-5,HCV RNA SerPl Probe+sig amp-aCnc
29610-3,HBV DNA SerPl Ql NAA+probe
29613-7,Phendimetrazine SerPlBld Cfm-mCnc
29615-2,HBV DNA # SerPl NAA+probe
29639-2,ALP Tiss-cCnt
29641-8,Atyp ANCA Ser Ql IF
29642-6,Atyp c-ANCA Ser Ql IF
29721-8,FLUCV Ag Spec Ql IF
29760-6,Bilirub Conj SerPl-sCnc
29763-0,ZPP RBC-sRto
29764-8,Iron Fld-sCnc
29765-5,Cholest Fld-sCnc
29766-3,Trigl Fld-sCnc
29767-1,Bilirub Fld-sCnc
29771-3,Hgb Stl gastro lower Ql IA
29772-1,C burnet Ph2 Ab Titr Ser CF
29774-7,C burnet Ph1 Ab Titr Ser CF
29775-4,IGF-I SerPl-sCnc
29793-7,A phagocytoph IgG Spec Ql IB
29832-3,A phagocytoph IgG Spec Ql
29833-1,A phagocytoph IgM Spec Ql
2984-3,Testost Sal-mCnc
2985-0,Testost Smn-mCnc
29859-6,Adipate/Creat Ur-sRto
2986-8,Testost SerPl-mCnc
2987-6,Testost Ur Ql
29875-2,Lactate Ur Ql
2988-4,Testost Ur-mCnc
2989-2,Testost 24h Ur-mRate
29893-5,HIV1 Ab SerPl Ql IA
29894-3,Deprecated Phosphorus 24H Ur-mCnc
2990-0,Testosterone.free+WB SerPl-mCnc
29900-8,HBV DNA Ser Probe+sig amp-mCnc
2991-8,Testost Free SerPl-mCnc
29911-5,Magnesium Stl-mCnc
29912-3,Magnesium Stl-mRate
2992-6,Testost Amn-mCnc
2993-4,Deprecated Testost Ser-mCnc
2994-2,Deprecated Testost Free SerPl-mCnc
29946-1,Albumin 24h Ur Ql Elph
29967-7,ANCA IgG Titr Ser IF
29991-7,FSP Ser LA-mCnc
29992-5,Eosinophil Nose Ql Wright Stn
29993-3,Eosinophil Spt Ql Wright Stn
30000-4,Microalbumin/Creat Ur-Rto
30001-2,Microalbumin/Creat Ur Test Str-Rto
30003-8,Microalbumin 24h Ur-mCnc
30008-7,Bld gp Ab Scn Titr SerPl Alb Tech
30009-5,FSP Ser-mCnc
30030-1,Iron 24h Ur-mCnc
30031-9,A alternata+D farinae IgG Ql
30034-3,BoHV1 Ab Ser Ql CF
30037-6,A alternata+D farinae IgE Ql
30039-2,A phagocytoph DNA Bld Ql NAA+probe
30047-5,Histidine/Creat Ur-Rto
30048-3,Lysine/Creat Ur-Rto
30049-1,Ornithine/Creat Ur-Rto
30050-9,OH-Lysine/Creat Ur-Rto
30051-7,(Hcys)2/Creat Ur-Rto
30052-5,Isoleucine/Creat Ur-Rto
30053-3,Leucine/Creat Ur-Rto
30054-1,Tyrosine/Creat Ur-Rto
30055-8,Phe/Creat Ur-Rto
30056-6,Glutamine/Creat Ur-Rto
30057-4,Threonine/Creat Ur-Rto
30058-2,Serine/Creat Ur-Rto
30059-0,Glutamate/Creat Ur-Rto
30061-6,Aspartate/Creat Ur-Rto
30062-4,Arginine/Creat Ur-Rto
30063-2,Methionine/Creat Ur-Rto
30064-0,Valine/Creat Ur-Rto
30065-7,Cystine/Creat Ur-Rto
30066-5,Glycine/Creat Ur-Rto
30067-3,Proline/Creat Ur-Rto
30068-1,Alanine/Creat Ur-Rto
30073-1,VGCC Ab Ser Ql
30074-9,Hgb F Spec Ql
30077-2,Amylase/Cr Cl Ur+SerPl-Rto
30113-5,Lymphs IgG # WBC
30114-3,Lymphs Lambda # Bld
30115-0,Lymphs Kappa # Bld
30118-4,Lymphs IgA # WBC
30119-2,Lymphs IgM # WBC
30120-0,Lymphs IgD # WBC
30123-4,Testost Bnd SerPl-mCnc
30124-2,Amylase 1h Ur-cRate
30131-7,CH50 SerPl-mCnc
3014-8,TSI Ser-mCnc
30145-7,Monocytes # Snv Manual
30153-1,S pneum Da 9V IgG Ser-mCnc
30155-6,Retics Punctate/RBC NFr
30156-4,Retics Aggreg/RBC NFr
30161-4,Citrulline/Creat Ur-Rto
30165-5,PC/Alb Amn
30166-3,TSI Act/Nor Ser
3017-1,TSH BII Ser-mCnc
30171-3,Cortis F/Creat 24h Ur-sRto
30172-1,Cortis F/Creat Ur-sRto
30173-9,Cortis F Ur-sCnc
30180-4,Basophils NFr Bld
30181-2,Cleft Lymphs # Bld Manual
30183-8,Mold Allerg Mix2 IgE Qn
30209-1,C immitis Ab CSF Ql CF
30226-5,FSP PPP-mCnc
30229-9,Neuts Band # Bld Auto
3023-9,Deprecated T4U SerPl-mCnc
30230-7,Neuts Seg NFr Fld Manual
30231-5,Rheumatoid fact Fld-aCnc
3024-7,T4 Free SerPl-mCnc
30240-6,Deprecated D Dimer PPP-mCnc
30241-4,Lactate BldV-mCnc
30242-2,Lactate BldA-mCnc
30245-5,Deprecated HIV1 DNA SerPl Ql PCR
3025-4,T4 Bld-mCnc
30251-3,Glucose 2.6h p Glc SerPl-sCnc
30252-1,Glucose 3.3h p Glc SerPl-sCnc
30253-9,Glucose 3.6h p Glc SerPl-sCnc
30254-7,Insulin 15M p chal SerPl-aCnc
30255-4,Insulin 45M p chal SerPl-aCnc
30256-2,Insulin 1.3h p chal SerPl-aCnc
30257-0,Insulin 1.6h p chal SerPl-aCnc
30258-8,Insulin 2.3h p chal SerPl-aCnc
30259-6,Insulin 2.6h p chal SerPl-aCnc
3026-2,T4 SerPl-mCnc
30260-4,Insulin 3.3h p chal SerPl-aCnc
30261-2,Insulin 3.5h p chal SerPl-aCnc
30262-0,Insulin 3.6h p chal SerPl-aCnc
30263-8,Glucose 20M p Glc SerPl-sCnc
30264-6,Glucose 40M p Glc SerPl-sCnc
30265-3,Glucose 1.3h p Glc SerPl-sCnc
30266-1,Glucose 1.6h p Glc SerPl-sCnc
30267-9,Glucose 2.3h p Glc SerPl-sCnc
3027-0,T4/T4BG SerPl
3028-8,T4/T3 uptake index SerPl
30313-1,Hgb BldA-mCnc
30333-9,ECV11 Ab Ser Ql CF
30334-7,ECV30 Ab Ser Ql CF
30335-4,ECV4 Ab Ser Ql CF
30336-2,ECV7 Ab Ser Ql CF
30337-0,ECV9 Ab Ser Ql CF
30338-8,A phagocytoph Ab Titr Ser IF
30341-2,Erythrocyte Sed Rat Bld
30350-3,Hgb BldV-mCnc
30351-1,Hgb BldMV-mCnc
30352-9,Hgb BldC-mCnc
30353-7,Hgb BldCoV-mCnc
30354-5,Hgb BldCoA-mCnc
30360-2,H capsul Myc Ab Ser Ql CF
30361-0,HIV 2 Ab SerPl Ql IA
30362-8,Insulin 30M p 75 g Glc PO SerPl-aCnc
30363-6,Insulin p 12h fast SerPl-aCnc
30364-4,Lymphocytes # Bld FC
30365-1,Lymphocytes NFr Bld FC
30373-5,Basophils NFr Bronch
30374-3,Basophils NFr CSF
30375-0,Basophils NFr Spt
30377-6,Eosinophil NFr Bronch
30378-4,Eosinophil NFr Nose
30379-2,Eosinophil NFr Plr
30380-0,Eosinophil NFr Prt
30381-8,Eosinophil NFr Spt
30382-6,Eosinophil NFr Stl
3039-5,Lipase Amn-cCnc
30398-2,Hct VFr CSF Calc
30399-0,Deprecated HDW Bld
3040-3,Lipase SerPl-cCnc
30412-1,Lymph Abn # Bld
30413-9,Lymph Abn NFr Bld
30414-7,Lymph Abn NFr CSF
30415-4,Lymph Abn NFr Snv
30416-2,Variant Lymphs NFr CSF
30417-0,Variant Lymphs NFr Fld
30418-8,Cleft Lymphs # Bld
30419-6,Cleft Lymphs NFr Bld
30420-4,Lg Gran Lymphs NFr Bld
30421-2,Lymphocytes NFr Bronch
3043-7,Trigl Bld-mCnc
30435-2,Monocytes # Snv
30436-0,Monos+Macros NFr CSF
30437-8,Monos+Macros NFr Fld
30438-6,Monos+Macros NFr Snv
30439-4,Monos+Macros NFr Spec
3044-5,Trigl+HDL Ester SerPl-mCnc
30440-2,Abn Monocytes # Bld
30441-0,Abn Monocytes NFr Bld
30442-8,Monocytes NFr Ur
30448-5,Neutrophils # Ur
30449-3,Neuts Hyperseg # Bld
3045-2,Trigl+IDL Ester SerPl-mCnc
30450-1,Neuts Hyperseg NFr Bld
30451-9,Neuts Seg # Bld
30452-7,Neuts Seg # Fld
30453-5,Neuts Seg NFr Fld
30454-3,Neutrophils NFr Pcar
30455-0,Neutrophils NFr Plr
3046-0,Trigl+LDL Ester SerPl-mCnc
3047-8,Trigl+VLDL Ester SerPl-mCnc
3048-6,Trigl p fast SerPl-mCnc
30488-1,Deprecated S pneum12 IgG sp1 Ser-mCnc
30489-9,Deprecated S pneum12 IgG sp2 Ser-mCnc
3049-4,Deprecated Trigl Plas-mCnc
30492-3,Deprecated S pneum19 IgG sp1 Ser-mCnc
30494-9,Deprecated S pneum23 IgG sp1 Ser-mCnc
30495-6,Deprecated S pneum23 IgG sp2 Ser-mCnc
3050-2,T3RU NFr SerPl
30503-7,Deprecated S pneum8 IgG sp1 Ser-mCnc
30504-5,Deprecated S pneum8 IgG sp2 Ser-mCnc
30505-2,Deprecated S pneum9 IgG sp1 Ser-mCnc
30506-0,Deprecated S pneum9 IgG sp2 Ser-mCnc
30508-6,Etiocholanolone/Creat Ur
3051-0,T3Free SerPl-mCnc
30511-0,Cortisone/Creat Ur
30513-6,Pregntrlone/Creat Ur
30515-1,THaldost/Creat Ur
3052-8,T3Reverse SerPl-mCnc
30524-3,Trigl p 12h fast SerPl-sCnc
30527-6,Calcium TPN-mCnc
3053-6,T3 SerPl-mCnc
30536-7,Magnesium TPN-mCnc
30538-3,c-ANCA Ser Ql
30539-1,p-ANCA Ser Ql
3054-4,T3True SerPl-mCnc
30543-3,OF .75% NaCl NFr RBC
30544-1,Phosphate TPN-mCnc
30549-0,Potassium TPN-sCnc
3055-1,T3/T3 uptake index SerPl-Rto
30552-4,Pyridoxal Phos SerPl-mCnc
30554-0,HIV RT gene Mut Det Islt
30558-1,Sodium TPN-sCnc
30561-5,Deprecated S pneum6 IgG Ser IA-mCnc
30562-3,Surfactant/Alb Amn
30567-2,TSI Ser-aCnc
30570-6,Trigl Prctl SerPl
3089-0,Urate/Creat Ur
30902-1,Fibrinogen PPP Heat Denat-mCnc
30903-9,Neutrophil OB Bld Ql FC
30904-7,Vit B12 p B12 24h Ur-aCnc
30905-4,Vit B12 p B12+IF/pB12 24H Ur-aCnc
30906-2,Vit B12 p B12+IF 24h Ur-aCnc
30919-5,Iron ?Tm Ur-mCnc
30922-9,Magnesium ?Tm Ur-mCnc
3093-2,Urea nit Fld-mCnc
30934-4,BNP SerPl-mCnc
30937-7,HBV dose count in combo vaccine
3094-0,BUN SerPl-mCnc
3095-7,UUN Ur-mCnc
3096-5,UUN 24h Ur-mRate
3097-3,BUN/Creat SerPl
3099-9,UDPG4Epimerase Plas-cCnc
3100-5,Uridyl Transferase RBC-cCnc
31004-5,Mold Allerg Mix3 IgE Ql
31012-8,Vancomycin SerPl-sCnc
31024-3,VGCC Ab Ser-sCnc
31030-0,Testost/Epitestost Ur
31045-8,Creat/Urea nit SerPl
31046-6,Rheumatoid fact Fld Ql
31048-2,C immitis Ab Fld Ql CF
31049-0,CV A7 Ab Titr Fld CF
31050-8,CV A9 Ab Titr Fld CF
31051-6,CV A10 Ab Titr Fld CF
31052-4,CV A16 Ab Titr Fld CF
31053-2,CV B1 Ab Titr Fld CF
31054-0,CV B2 Ab Titr Fld CF
31055-7,CV B3 Ab Titr Fld CF
31056-5,CV B4 Ab Titr Fld CF
31057-3,CV B5 Ab Titr Fld CF
31058-1,CV B6 Ab Titr Fld CF
31059-9,ECV4 Ab Titr Fld CF
31060-7,ECV9 Ab Titr Fld CF
31061-5,ECV11 Ab Titr Fld CF
31062-3,ECV30 Ab Titr Fld CF
31063-1,PV1 Ab Titr Fld CF
31064-9,PV2 Ab Titr Fld CF
31065-6,PV3 Ab Titr Fld CF
31070-6,H capsul Yst Ab Titr Fld CF
31071-4,H capsul Myc Ab Titr Fld CF
31072-2,HIV1 p41 Ab Ser Ql IB
31073-0,HIV 2 Ab Patrn Ser IB-Imp
31089-6,APAP Bifl Ql
31091-2,Gentamicin Pk EID SerPl-mCnc
31092-0,Gentamicin Trough EID SerPl-mCnc
31093-8,Gentamicin Rand EID SerPl-mCnc
31100-1,Hct VFr Bld Imped
31103-5,OF 0% NaCl 24h Inc NFr RBC
31104-3,OF .85% NaCl 24h Inc NFr RBC
31105-0,OF .55% NaCl 24h Inc NFr RBC
31106-8,OF .50% NaCl 24h Inc NFr RBC
31107-6,OF .45% NaCl 24h Inc NFr RBC
31108-4,OF .40% NaCl 24h Inc NFr RBC
31109-2,OF .35% NaCl 24h Inc NFr RBC
31110-0,OF .30% NaCl 24h Inc NFr RBC
31111-8,Reticulocyte production index
31112-6,Retics/RBC NFr Manual
31134-0,NMP22 Ur-aCnc
31144-9,T4 DBS-mCnc
31145-6,T4 DBS-sCnc
31152-2,BJ Protein 24h Ur Ql
31156-3,Hgb Barts MFr Bld
31158-9,Fibrinogen Ag/Func PPP
31176-1,Estradiol Amn-mCnc
31183-7,Deprecated S pneum5 IgG Ser-mCnc
31201-7,HIV1+2 Ab SerPl Ql IA
31204-1,HBV core IgM Ser Ql
31207-4,PR Tiss-sCnt
3124-5,VMA/Creat Ur
31241-3,Deprecated FLUAV Ab Ser-aCnc
31379-1,EIV A1 Ab Ser-aCnc
31380-9,EIV A2 Ab Ser-aCnc
31430-2,HIV1 IgG CSF Ql
31433-6,Deprecated A phagocytoph IgG Ser-aCnc
31434-4,Deprecated A phagocytoph IgM Ser-aCnc
31437-7,FLUAV IgG Ser-aCnc
31438-5,FLUAV IgM Ser-aCnc
31439-3,Insulin Recep Ab Ser-aCnc
31570-5,Porcine FLUAV Ab Ser-aCnc
31635-6,Deprecated S pneum 1 IgG sp1 Ser-aCnc
31636-4,Deprecated S pneum14 Ab Ser-aCnc
31637-2,Deprecated S pneum23 IgG sp1 Ser-aCnc
31638-0,Deprecated S pneum23 IgG sp2 Ser-aCnc
31640-6,Deprecated S pneum3 Ab Ser-aCnc
31641-4,Deprecated S pneum3 IgG sp1 Ser-aCnc
31642-2,Deprecated S pneum3 IgG sp2 Ser-aCnc
31644-8,Deprecated S pneum4 IgG sp2 Ser-aCnc
31648-9,Deprecated S pneum6 IgG Ser-aCnc
31649-7,Deprecated S pneum6 Ab sp2 Ser-aCnc
31650-5,S pneum Da 9V IgG Ser-aCnc
31651-3,Deprecated S pneum6a+6b Ab Ser-aCnc
31653-9,Deprecated S pneum8 IgG sp1 Ser-aCnc
31654-7,Deprecated S pneum8 IgG sp2 Ser-aCnc
31655-4,Deprecated S pneum9 Ab Ser-aCnc
31657-0,Deprecated S pneum9 IgG sp2 Ser-aCnc
31658-8,S pyog.enz Ab Ser-aCnc
31718-0,HAstV Ag Stl Ql
31803-0,DHV1 Ag Spec Ql
31804-8,DHV2 Ag Spec Ql
31805-5,DHV3 Ag Spec Ql
31821-2,EIV A1 Ag Spec-aCnc
31822-0,EIV A2 Ag Spec-aCnc
31823-8,EIV Ag Nose Ql
31844-4,HBV e Ag Ser Ql
31845-1,HBV e Ag Ser-aCnc
31858-4,FLUAV Ag Throat Ql
31859-2,FLUAV Ag Spec Ql
31860-0,FLUAV+FLUBV Ag Throat Ql
31861-8,FLUAV+FLUBV+FLUCV Ag Throat Ql
31862-6,FLUAV+FLUBV+FLUCV Ag Spec Ql
31863-4,FLUBV Ag Throat Ql
31864-2,FLUBV Ag Spec Ql
31865-9,FLUCV Ag Spec Ql
31967-3,Gp B Strep Ag Throat Ql
31968-1,S pneum Ag Spt Ql
31969-9,S pneum Ag Spec Ql
31970-7,S pyo Ag Ser Ql
31971-5,S pyo Ag Spec Ql
31994-7,Basophils NFr Pcar Manual
31995-4,Basophils NFr Plr Manual
31996-2,Basophils NFr Prt Manual
32009-3,Cortis F/Creat 24h Ur
32013-5,Eosinophil NFr Pcar Manual
32014-3,Eosinophil NFr Ur Manual
32016-8,Glucose BldC-mCnc
32017-6,Hgb Other MFr Bld Elph
32018-4,HAV IgG Ser Ql
32019-2,HBV surface Ab Titr Ser
32020-0,Hcys Ur-sCnc
32023-4,IGF-I Bld-mCnc
32024-2,Magnesium 24h Ur-mCnc
32027-5,Monos+Macros NFr Pcar Manual
32028-3,Monos+Macros NFr Plr Manual
32029-1,Monos+Macros NFr Prt Manual
32067-1,Digoxin Free SerPl-sCnc
32070-5,Ethanol Spec-sCnc
32109-1,Phenytoin Free SerPl-sCnc
32132-3,Lactate PlasA-sCnc
32133-1,Lactate PlasV-sCnc
32135-6,ALP Liver SerPl HS-cCnc
32137-2,Ca Phos MFr Stone
32140-6,Hgb F Bld Ql Kleih Betke
32143-0,Tri-Phos MFr Stone
32145-5,Amorph Phos Cry #/area UrnS HPF
32154-7,Baso+Eos+Monos # Bld Auto
32155-4,Baso+Eos+Monos NFr Bld Auto
32156-2,Ca Carbonate MFr Stone
32157-0,CaOx MFr Stone
32159-6,Carb Ca Phos MFr Stone
32173-7,Eosinophil Bld Ql Wright Stn
32174-5,Glucose 24h Ur Ql
32178-6,HBV e Ag Titr Ser
32191-9,Monos+Macros CSF Ql Micro
32192-7,Monos+Macros Fld Ql Micro
32193-5,Monos+Macros Pcar Ql Micro
32194-3,Monos+Macros Plr Ql Micro
32195-0,Monos+Macros Prt Ql Micro
32196-8,Monos+Macros Snv Ql Micro
32200-8,Neuts Seg NFr Bld Auto
32207-3,PDW Bld Auto
32209-9,Prot 24h Ur Ql Strip
32210-7,Prot Pattern 24h Ur Elph-Imp
32214-9,TSI Ser-sCnc
32215-6,FT4I SerPl Calc-mCnc
32229-7,Argininosuccinate/Creat Ur-Rto
32233-9,CPS Tiss-cCnt
32239-6,Ethanolamine Amn-sCnc
32248-7,Homocitrulline/Creat Ur-Rto
32262-8,Orotate/Creat Ur-Rto
32274-3,Thiosulfate/Creat Ur-Rto
32286-7,HCV Gentyp SerPl NAA+probe
32293-3,Albumin Spec-mCnc
32294-1,Albumin/Creat Ur-Rto
32298-2,Amylase Spec-cCnc
32301-4,B2 Microglob CSF-sCnc
32302-2,B2 Microglob Ur-sCnc
32303-0,Bilirub Spec-sCnc
32305-5,Calcium Spec-sCnc
32307-1,Chloride Spec-sCnc
32308-9,Cholest Spec-sCnc
32309-7,Cholest/HDLc SerPl-sRto
32310-5,Cortis 24h Ur-sRate
32311-3,Cortis 1h p chal SerPl-sCnc
32312-1,Cortis 2h p chal SerPl-sCnc
32313-9,Cortis 30M p chal SerPl-sCnc
32314-7,Cortis 1.5h p chal SerPl-sCnc
32315-4,Cortis BS SerPl-sCnc
32318-8,Glucose Spec-sCnc
32319-6,Glucose 30M p 75 g Glc PO SerPl-sCnc
32320-4,Glucose 3h p 75 g Glc PO SerPl-sCnc
32321-2,Glucose 4h p 75 g Glc PO SerPl-sCnc
32322-0,Glucose 5h p 75 g Glc PO SerPl-sCnc
32324-6,LDH Spec-cCnc
32325-3,Lead RBC-sCnc
32329-5,Magnesium Spec-sCnc
32336-0,Potassium Spec-sCnc
32340-2,Sodium Spec-sCnc
32345-1,Uropor RBC-sCnc
32349-3,Baso+Eos+Monos # Bld
32350-1,Baso+Eos+Monos NFr Bld
32351-9,ALP heat labile SerPl HS-cCnc
32352-7,ALP heat stable SerPl HS-cCnc
32354-3,Hct VFr BldA Calc
32359-2,Glucose 10M p Glc SerPl-sCnc
32360-0,Insulin 10M p chal SerPl-aCnc
32366-7,HBV Gentyp SerPl NAA+probe
3246-6,Deprecated D Dimer PPP IA-aCnc
3247-4,Deprecated D Dimer PPP Ql LA
3251-6,FSP PPP LA-aCnc
32515-9,CD3+CD4+ Cells # Spec
32516-7,CD3+CD4+ Cells NFr Spec
32517-5,CD3+CD8+ Cells # Spec
32518-3,CD3+CD8+ Cells NFr Spec
3252-4,FSP Ser LA-aCnc
32532-4,CD3+CD4+ Cells # Mar
32533-2,CD3+CD4+ Cells NFr Mar
32534-0,CD3+CD8+ Cells # Mar
32535-7,CD3+CD8+ Cells NFr Mar
32537-3,CD3+CD4+ Cells/CD3+CD8+ Cll Mar
32541-5,Calcium ?Tm sub Ur Qn
32542-3,Chloride ?Tm sub Ur Qn
32546-4,G6PD RBC-cCnt
3255-7,Fibrinogen PPP-mCnc
32550-6,Potassium ?Tm sub Ur Qn
32551-4,Prot ?Tm Ur Qn
32552-2,PK RBC-cCnt
32553-0,Sodium ?Tm sub Ur Qn
3256-5,Fibrinogen Ag PPP IA-mCnc
32562-1,Lymphs IgG/lymph NFr Spec
32563-9,Lymphs IgG/lymph NFr CSF
3257-3,Deprecated Fibrinogen PPP Ql
32571-2,HIV1 Ab Ur Ql IB
3258-1,Deprecated Fibrinogen Ag PPP Imm-mCnc
3259-9,Fibrinogen Frg Ag PPP IA-aCnc
32593-6,Eosinophil NFr Spec
32602-5,HIV1+2 Ab CSF Ql
32615-7,Hycs-Cys diS SerPl-sCnc
32616-5,Hycs-Cys diS/Creat Ur-Rto
32623-1,PMV Bld Auto
32629-8,M Protein MFr Spec IFE
32660-3,6-TGN EntSub RBC
32664-5,Ammonia Bld-mCnc
32673-6,CK MB SerPl-cCnc
32681-9,Hgb C MFr Bld Elph
32682-7,Hgb F MFr Bld Elph
32683-5,Hgb S MFr Bld Elph
32685-0,HBV core IgG Ser Ql
32686-8,HBV DNA Ser-mCnc
32690-0,Hcys 24h Ur-sRate
32691-8,A phagocytoph IgG Titr Ser
32693-4,Lactate Bld-sCnc
32697-5,Lymphocytes # Snv Manual
32698-3,Mg Ionized SerPl-mCnc
32708-0,c-ANCA Titr Ser
32709-8,Neutrophils # Fld
32711-4,Deprecated PMV Bld Qn Auto
32712-2,Giant Platelets Bld Manual-Rto
32713-0,Potassium BldA-sCnc
32717-1,Sodium BldA-sCnc
32722-1,Lipase Prt-cCnc
32728-8,Beta1 Glob MFr CSF Elph
32729-6,Beta2 Glob MFr CSF Elph
32732-0,Beta1 Glob MFr SerPl Elph
32733-8,Beta2 Glob MFr SerPl Elph
32736-1,Beta1 Glob MFr Ur Elph
32737-9,Beta2 Glob MFr Ur Elph
32740-3,Beta1 Glob MFr Fld Elph
32741-1,Beta2 Glob MFr Fld Elph
32756-9,CD3+CD4+ Cells/CD3+CD8+ Cll Bronch
32779-1,G6Pas RBC-cCnc
32787-4,p-ANCA Titr Ser
32788-2,Polys/Monocytes Bld-Rto
32799-9,GAG/Creat Ur
32804-7,Neutrophils NFr Bronch Manual
32805-4,Variant Lymphs NFr Bronch Manual
32806-2,Monos+Macros NFr Bronch Manual
32811-2,IH Stn Bronch
32827-8,HIV1 p17+p18 Ab Ser Ql IB
32832-8,Variant Lymphs NFr Bronch
32833-6,Monos+Macros NFr Bronch
32842-7,HIV1 p17+p18 Ab Ser Ql
32850-0,Deprecated S pneum5 IgG Ser IA-mCnc
3297-9,APAP SerPl Ql
3298-7,APAP SerPl-mCnc
3299-5,APAP Ur Ql
33020-9,Tri-Phos Cry #/area UrnS LPF
33025-8,Hgb BldCoV Calc-mCnc
33026-6,Hgb BldCoA Calc-mCnc
33031-6,Na Urate Cry #/area UrnS LPF
33063-9,ALP Isos SerPl Lev Inh-cCnc
33071-2,Fet Spine Length from T6 to L3 US.meas
33204-9,Troponin T SerPl Ql
33215-5,Agran Neuts Bld Ql Smear
33234-6,CaOx Cry Ur Ql Comp Assist
33235-3,Ca Phos Cry Ur Ql Comp Assist
33236-1,Bilirub Cry Ur Ql Comp Assist
33238-7,Tri-Phos Cry Ur Ql Comp Assist
33241-1,Ca Carbonate Cry Ur Ql Comp Assist
33245-2,Amylase ?Tm cAct Ur
33251-0,Monocytes # Fld Manual
33252-8,Monocytes # CSF Manual
33254-4,pH temp adj BldA
33257-7,Cortis CSF-mCnc
33277-5,Acetamin+Phenac Ur Ql Scn
33287-4,G6PD DBS Ql
33288-2,Gal1PUT DBS Ql
33313-8,RF IgA Ser-aCnc
33314-6,RF IgG Ser-aCnc
33327-8,VZV Ab Titr CSF CF
33346-8,Cortis F 24h Ur-mCnc
33352-6,Glucose/Creat Ur
33355-9,UUN 24h Ur-sCnc
33356-7,PT 1h NP Cont PPP
33357-5,PT 1h p Inc PPP
33360-9,Gal1PO4 RBC-mCnt
33361-7,Neuts Band NFr Snv
33362-5,Monocytes NFr Plr
33366-6,Chloride Prt-sCnc
33367-4,LDH Pcar-cCnc
33368-2,Amylase Pcar-cCnc
33369-0,Variant Lymphs NFr Prt
33370-8,Variant Lymphs NFr Plr
33371-6,Variant Lymphs NFr Snv
33377-3,Deprecated Blastomyces Ab Ser Ql CF
33378-1,Deprecated Blastomyces Ab Titr Ser CF
33379-9,Coccidioides Ab Ser Ql CF
33380-7,Coccidioides Ab Titr Ser CF
33383-1,FLUAV Bang Ab Titr CSF
33384-9,Neuts Seg NFr Prt
33385-6,Neuts Seg NFr Plr
33386-4,Neuts Seg NFr Snv
33387-2,Neuts Seg NFr Pcar
33388-0,Neuts Band NFr Pcar
33389-8,Monocytes NFr Pcar
33405-2,Glucose Pcar-mCnc
33406-0,C albicans Ab Ser CF-aCnc
33408-6,C2 SerPl-aCnc
33409-4,Variant Lymphs NFr Pcar
33411-0,Hgb Free Ur Ql
33413-6,LDL MFr Plr
33414-4,VLDL MFr Plr
33421-9,ALP Other SerPl-cCnc
33458-1,Bilirub Conj Fld-mCnc
33462-3,HCV IgG Ser Ql IB
33463-1,HBV e IgG Ser Ql IA
33464-9,HDV Ag Ser Ql
33508-3,HIV1 p65+p66 Ab Ser Ql IB
33509-1,Hgb Fld-mCnc
33516-6,Imm Retics NFr
33517-4,Hgb Fld Ql
33535-6,FLUAV+FLUBV Ag Nph Ql
33547-1,CK-AB CFr SerPl Elph
33548-9,Lymph Abn NFr Fld Manual
33577-8,RF IgM Titr Ser Neph
33593-5,Hgb G-Coush MFr Bld
33599-2,Amylase ?Tm Ur-cCnc
33608-1,Deprecated A phagocytoph IgG Titr Ser
33629-7,HBV sequencing Ser NAA+probe
33630-5,HIV PI gene Mut Det Islt
33633-9,HBV preC TAG Mut Ser Ql NAA+probe
33637-0,PI Bld FC-aCnc
33638-8,LPT PHA Bld-mCnc
33639-6,LPT CA Bld-aCnc
33640-4,LPT TT Bld-aCnc
33641-2,LPT Tuberc Bld-aCnc
33642-0,Lymphocyte Ab Ser FC-aCnc
33647-9,M Protein MFr SerPl Elph
33648-7,Cryoglob RF Ser-aCnc
33654-5,IGF BP3 1h p chal SerPl-mCnc
33658-6,IGF BP3 2h p chal SerPl-mCnc
33659-4,Pipecolate/Creat Ur-Rto
33660-2,HIV1 p24 Ag SerPl Ql Nt
33681-8,F tular Spec Ql CFA
33762-6,NT-proBNP SerPl-mCnc
33763-4,NT-proBNP SerPl-sCnc
33765-9,WBC # Pheresis BPU Auto
33780-8,Gal1PUT Phenotyp Bld
33782-4,Retinol Bind Prot Ur-mCnc
33785-7,Imm Basophils # Bld Manual
33786-5,Imm Basophils NFr Bld Manual
33789-9,Calcium sp10 p chal Ur-sCnc
33790-7,Calcium sp1 p chal Ur-sCnc
33791-5,Calcium sp5 p chal Ur-sCnc
33792-3,Calcium sp6 p chal Ur-sCnc
33793-1,Calcium sp7 p chal Ur-sCnc
33794-9,Calcium sp8 p chal Ur-sCnc
33795-6,Calcium sp9 p chal Ur-sCnc
33802-0,Imm Eosinophil # Bld Manual
33803-8,Imm Eosinophil NFr Bld Manual
33806-1,HIV 2 IgG Ser Ql IB
33807-9,HIV 2 IgG Ser Ql
33808-7,IGF BP3 SerPl-sCnc
33809-5,Insulin sp10 p chal SerPl-aCnc
33810-3,Insulin sp11 p chal SerPl-aCnc
33811-1,Insulin sp12 p chal SerPl-aCnc
33812-9,Insulin sp13 p chal SerPl-aCnc
33813-7,Insulin sp14 p chal SerPl-aCnc
33814-5,Insulin sp15 p chal SerPl-aCnc
33815-2,Insulin sp1 p chal SerPl-aCnc
33816-0,Insulin sp2 p chal SerPl-aCnc
33817-8,Insulin sp3 p chal SerPl-aCnc
33818-6,Insulin sp8 p chal SerPl-aCnc
33819-4,Insulin sp9 p chal SerPl-aCnc
33824-4,Iron Ur-sCnc
33832-7,Ib Lymphs # Bld Manual
33833-5,Ib Lymphs NFr Bld Manual
33834-3,Plasmacoid Lymphs # Bld Manual
33835-0,Plasmacoid Lymphs NFr Bld Manual
33841-8,Imm Moncytes # Bld Manual
33842-6,Imm Moncytes NFr Bld Manual
33851-7,Progest sp10 p chal SerPl-mCnc
33852-5,Progest sp1 p chal SerPl-mCnc
33853-3,Progest sp1 p chal SerPl-sCnc
33854-1,Progest sp4 p chal SerPl-sCnc
33863-2,Cystatin C SerPl-mCnc
33866-5,HIV1 Ab BldC Ql IA
33870-7,Bilirub Spec Ql
33880-6,PT 2h NP PPP Cont
33881-4,PT imm 1:4 NP Cont PPP Cont
33883-0,PT 1h p 1:4 NP PPP Cont
33884-8,PT 1h NP Cont PPP Cont
33885-5,PT 2h p 1:4 NP PPP
33886-3,PT 2h p 1:4 NP PPP Cont
33887-1,PT 2h NP PPP
33894-7,PT 1h p 1:4 NP PPP
33895-4,PT 2h p Inc PPP
33898-8,Bilirub Conj+Unconj SerPl-mCnc
33899-6,Bilirub Conj+Unconj SerPl-sCnc
33906-9,Prolactin 30M p 200 ug TRH IV SerPl-sCnc
33907-7,Prolactin 1h p 200 ug TRH IV SerPl-sCnc
33908-5,Prolactin 1.5h p 200ug TRH IV SerPl-sCnc
33909-3,Prolactin 2h p 200 ug TRH IV SerPl-sCnc
33910-1,Rheumatoid fact Ser Ql
33911-9,C1r Act/Nor SerPl
33912-7,C1s Act/Nor SerPl
33913-5,pH BldC Fetus
33931-7,LPT B burgdorf Bld-Rto
33949-9,Potassium/Creat Ur-sRto
33950-7,Magnesium/Creat Ur-sRto
33951-5,Sodium/Creat Ur-sRto
33979-6,VGCC-N Bind Ab Ser-sCnc
33980-4,VGCC-P/Q Bind Ab Ser-sCnc
33992-9,Pain trigger point {Prim pain loc}
33993-7,Subject tooth
33996-0,Size discr Maxi+Mand.cuspid Bolton
33997-8,Size discr Maxi+Mand.1st molar Bolton
34020-8,1st bone ref {Dent arch}
34059-6,Glucose pre/p Glc SerPl-sCnc
34060-4,Glucose pre/p Ins SerPl-sCnc
34064-6,GH pre/p Ins SerPl-mCnc
34065-3,Cortis pre/p ACTH SerPl-sCnc
34153-7,FLUAV Ab Spec-aCnc
34154-5,FLUBV Ab Spec-aCnc
34155-2,Guanidinoacetate/Creat Ur-sRto
34156-0,Insulin Bnd SerPl-aCnc
34160-2,CK Fld Ql
34162-8,HCV IgG Patrn Ser IB-Imp
34167-7,Lg Platelets Bld Ql Auto
34168-5,Sulfocysteine/Creat Ur-Rto
34172-7,S pneum Da 6B Ab Ser-mCnc
34174-3,Hgb Casts UrnS Ql Micro
34180-0,Ethanol Ur Ql Cfm
34183-4,B-Globulin 24h MFr Ur
34184-2,Gamma glob 24h MFr Ur
34199-0,Neuts Hyperseg Bld Ql Auto
34229-5,Acylcarnitine/Creat Ur-sRto
34231-1,Aldost/Creat Ur-sRto
34233-7,Alternaria IgG Ql ID
34235-2,Amylase/Creat Ur-Rto
34240-2,Androst/Creat Ur-sRto
34243-6,Androsterone/Creat Ur-sRto
34248-5,Vit C/Creat Ur-sRto
34253-5,C peptide Ur-sCnc
34265-9,Chloride/Creat Ur-sRto
34270-9,Cobalt/Creat Ur-sRto
34275-8,Creatine/Creat Ur-sRto
34285-7,Ehrlichia Ab Titr Ser CF
34286-5,Estradiol Ur-sCnc
34287-3,Estradiol 24h Ur-sCnc
34288-1,u Estradiol 24h Ur-sCnc
34289-9,u Estradiol Ur-sCnc
34290-7,u Estradiol/Creat Ur-sRto
34291-5,Estradiol/Creat Ur-sRto
34300-4,Ethanolamine Ur-sCnc
34309-5,Fructose/Creat Ur-sRto
34312-9,Glucose/Creat Ur-sRto
34318-6,HTLV I+II Ab Titr Ser CF
34322-8,Iron/Creat Ur-sRto
34323-6,Lactate 24h Ur-sCnc
34324-4,Lactate Ur-sCnc
34330-1,Lithium 24h Ur-sCnc
34331-9,Lithium/Creat Ur-sRto
34334-3,LH/Creat Ur-Rto
34336-8,Lysozyme/Creat Ur-Rto
34354-1,Phosphate/Creat Ur-sRto
34359-0,Pregnanediol/Creat Ur-sRto
34366-5,Prot/Creat Ur-Rto
34374-9,Serotonin/Creat Ur-sRto
34380-6,Testost/Creat Ur-sRto
34385-5,Urate/Creat Ur-sRto
34401-0,C3d SerPl-mCnc
34402-8,Copro/Hgb RBC
34418-4,Protopor RBC-mCnt
34419-2,Mat Retics NFr
34420-0,Mid Retics NFr
34438-2,Apo E Phenotype Bld
34442-4,Bilirub Conj MFr SerPl
34467-1,Cholest in Chylo SerPl-mCnc
34471-3,Ca Bilirub Cry Bifl Ql Micro
34472-1,Cholest Cry Bifl Ql Micro
34473-9,Neut Vac+Seg Bld Ql
34474-7,ABO + Rh BldCo
34476-2,Cortis 1h p 250 ug ACTH SerPl-mCnc
34487-9,FLUAV RNA Spec Ql NAA+probe
34492-9,NOTCH3 gene Mut Anl Bld/T
34500-9,SHOX gene Mut Anl Bld/T
34506-6,EGR2 gene Mut Anl Bld/T
34508-2,PANK2 gene Mut Anl Bld/T
34511-6,SDHD gene Mut Anl Bld/T
34512-4,NPHS1 gene Mut Anl Bld/T
34514-0,SLC22A18 gene Mut Anl Bld/T
34522-3,PhK RBC-cCnc
34524-9,Neuts Band Bld Ql Auto
34526-4,Sialooligosacch/Creat Ur-Rto
34527-2,"Hemogram, Platelets, Differential & Reticulocyte panel"
34531-4,Blood type & Crossmatch panel
34532-2,Blood type & Indirect antibody screen panel
34535-5,Microalbumin/Creatinine ratio panel
34539-7,Protein fractions panel
34540-5,Phenytoin free & total panel
34543-9,Bilirubin direct & total panel
34546-2,Protein & Glucose panel
34547-0,Complement profile panel
34548-8,Sodium & Potassium panel
34550-4,Immunoglobulin panel
34554-6,Electrolytes 1998 & Venous pH panel
34568-6,ALP Fld Ql
34579-3,Basophils #/area Prt HPF
34581-9,Ca-I BldA-sCnc
34591-8,HIV1 Ab Fld Ql IA
34592-6,HIV1 Ab Fld Ql IB
34597-5,HDV IgM Ser Ql
34612-2,Iron Stl-mCnc
34615-5,Iron Bld K Ferrocyanide Stn
34618-9,Hgb Spec Ql
34619-7,C1INH Functional Fld-mCnc
34647-8,PPT1 gene Mut Anl Bld/T
34651-0,CYP21A2 Mut Anl Bld/T
34653-6,GJB1 gene Mut Anl Bld/T
34656-9,KEL gene Mut Anl Amn/CVS
34660-1,Hgb A2 MFr Bld Column Chrom
34663-5,Hgb S Amn Ql
34675-9,mtDNA Mut Anl Bld/T
34682-5,PT imm FV DP PPP
34685-8,PT imm FX DP PPP
34695-7,VLDLc/Trigl SerPl-Rto
34699-9,HIV 2 proviral DNA SerPl Ql NAA+probe
34700-5,HIV RT+PR Mut Tested Islt
34703-9,HCV RNA SerPl NAA DL=500-aCnc
34704-7,HCV RNA SerPl NAA DL=50-aCnc
34710-4,C trach Ag Anal Ql
34714-6,INR Bld
34726-0,Eosinophil #/area Prt HPF
34736-9,CaOx index 24h Ur-Rto
34739-3,NR0B1 gene Mut Anl Bld/T
34740-1,NEFL gene Mut Anl Bld/T
34743-5,Hgb stab Bld Ql IPS
34882-1,Ethanol Sal-mCnc
34907-6,Calcium TP cor SerPl-mCnc
34909-2,Cortis F 24h Ur HPLC-mCnc
34910-0,Imm Basophils # Bld
34911-8,Imm Basophils NFr Bld
34912-6,Imm Eosinophil # Bld
34913-4,Imm Eosinophil NFr Bld
34920-9,Ib Lymphs NFr Bld
34921-7,Plasmacoid Lymphs NFr Bld
34924-1,Imm Moncytes # Bld
34925-8,Imm Moncytes NFr Bld
34938-1,Phosphate Dial fld-sCnc
34957-1,Eosinophil # CSF Manual
34958-9,Eosinophil # CSF
34961-3,Rh Bld Cfm
34964-7,OF RBC-Imp
34965-4,OF .10% NaCl 24h Inc NFr RBC
34966-2,OF .10% NaCl NFr RBC
34967-0,OF .20% NaCl 24h Inc NFr RBC
34968-8,OF .20% NaCl NFr RBC
34971-2,Neut Assoc Ab Bld Ql
35009-0,Neuts Seg # Snv
35010-8,Neuts Seg # Prt
35011-6,Neuts Seg # CSF
35012-4,Neuts Seg # Plr
35013-2,Neuts Band # Snv
35014-0,Neuts Band # Fld
35015-7,Neuts Band # CSF
35019-9,Deprecated Monos+Macros Fr Plr
35020-7,Monos+Macros NFr Prt
35021-5,Monos+Macros NFr Plr
35022-3,Monos+Macros # Plr
35023-1,Monos+Macros # Prt
35024-9,Monos+Macros # Snv
35025-6,Monos+Macros # CSF
35026-4,Monocytes # CSF
35027-2,Monocytes # Prt
35028-0,Monocytes # Plr
35039-7,Plasmacoid Lymphs # Bld
35040-5,Ib Lymphs # Bld
35041-3,Variant Lymphs # Prt
35042-1,Variant Lymphs # Plr
35043-9,Variant Lymphs # CSF
35044-7,Variant Lymphs # Snv
35045-4,Variant Lymphs # Fld
35046-2,Lymph Abn # Fld
35047-0,Lymph Abn # CSF
35048-8,Lymph Abn # Snv
35049-6,Lymphocytes # Snv
35060-3,Eosinophil # Snv
35061-1,Eosinophil # Prt
35062-9,Eosinophil # Plr
35063-7,Eosinophil # Fld
35069-4,Basophils NFr Prt
35070-2,Basophils NFr Plr
35071-0,Basophils # Fld
35072-8,Basophils # CSF
35073-6,Basophils # Prt
35074-4,Basophils # Snv
35075-1,Basophils # Plr
35076-9,Monocytes # Fld
35077-7,Lymph Abn NFr Fld
35081-9,Lymphs+Monos # Bld
35082-7,Lg Gran Lymphs # Bld
35097-5,Lymphocytes # Prt
35098-3,Lymphocytes # Plr
35099-1,Monos+Macros # Fld
35125-4,Hgb Lepore MFr Bld
35126-2,Hgb O-Arab MFr Bld
35127-0,Hgb A2.prime MFr Bld
35130-4,Salicylates Spec Ql
35183-3,Hgb Plas-msCnc
35184-1,Glucose p fast SerPl-msCnc
35191-6,Bilirub Direct SerPl-msCnc
35192-4,Bilirub Indirect SerPl-msCnc
35193-2,Bilirub Fld-msCnc
35194-0,Bilirub SerPl-msCnc
35195-7,C peptide SerPl-msCnc
35197-3,HDLc SerPl-msCnc
35198-1,LDLc SerPl-msCnc
35199-9,VLDLc SerPl-msCnc
35200-5,Cholest SerPl-msCnc
35201-3,Vit B12 Ser-msCnc
35202-1,Cortis SerPl-msCnc
35207-0,Estradiol SerPl-msCnc
35209-6,Ferritin SerPl-msCnc
35210-4,Folate SerPl-msCnc
35211-2,Glucose SerPl-msCnc
35212-0,Glucose Ur-msCnc
35213-8,IGF-I SerPl-msCnc
35214-6,Iron SerPl-msCnc
35215-3,TIBC SerPl-msCnc
35216-1,UIBC SerPl-msCnc
35217-9,Trigl SerPl-msCnc
35220-3,Phosphate Dial fld-msCnc
35221-1,Phosphate SerPl-msCnc
35222-9,Phosphate Ur-msCnc
35223-7,Progest SerPl-msCnc
35224-5,Testost SerPl-msCnc
35225-2,Testost Free SerPl-msCnc
35226-0,T4 SerPl-msCnc
35228-6,T4 Free SerPl-msCnc
35230-2,T3Free SerPl-msCnc
35231-0,T3 SerPl-msCnc
35234-4,BUN SerPl-msCnc
35235-1,UUN Ur-msCnc
35240-1,Ethanol SerPl-msCnc
35241-9,Urea nit Dial fld-msCnc
35243-5,HDL3c SerPl-msCnc
35244-3,Digoxin SerPl-msCnc
35245-0,Lactate SerPl-msCnc
35246-8,Calcium SerPl-msCnc
35247-6,Calcium Ur-msCnc
35248-4,Calcium 24h Ur-msCnc
35249-2,Magnesium SerPl-msCnc
35250-0,Magnesium Ur-msCnc
35252-6,Magnesium 24h Ur-msCnc
35254-2,Ammonia Plas-msCnc
35256-7,Iron 24h Ur-msCnc
35257-5,BNP SerPl-msCnc
35258-3,Calcium TP cor SerPl-msCnc
35261-7,Cortis F 24h Ur HPLC-msCnc
35263-3,Phosphate 24h Ur-msRate
35264-1,Calcium intake 24H-mRate
35273-2,HDV IgG Ser Ql IA
35279-9,ANCA Ab Ser Ql IF
35283-1,HDV IgG Ser Ql
35289-8,Peroxide hemolysis NFr RBC
35290-6,RPS6KA3 gene Mut Anl Bld/T
35293-0,TYR gene Mut Anl Bld/T
35313-6,Lipase sp5 p sincalide Fld-cCnc
35314-4,Lipase sp4 p sincalide Fld-cCnc
35315-1,Lipase sp3 p sincalide Fld-cCnc
35316-9,Lipase sp2 p sincalide Fld-cCnc
35332-6,Neuts Band NFr Bld Auto
35342-5,Amylase sp5 p sincalide Fld-cCnc
35343-3,Amylase sp4 p sincalide Fld-cCnc
35344-1,Amylase sp3 p sincalide Fld-cCnc
35345-8,Amylase sp2 p sincalide Fld-cCnc
35346-6,Amylase sp1 p sincalide Fld-cCnc
35351-6,MMD gene Mut Anl Bld/T
35353-2,FSHD gene Mut Anl Bld/T
35359-9,AR gene Mut Anl Bld/T
35360-7,Lpa Trigl SerPl-mCnc
35361-5,Lpa Trigl SerPl Ql
35362-3,Trig in Chylo SerPl Ql
35363-1,Trig in Chylo SerPl-mCnc
35364-9,Lipase sp1 p sincalide Fld-cCnc
35365-6,Vit D+metab SerPl-mCnc
35384-7,Estradiol SerPl HS-mCnc
35387-0,Lpa Cholest SerPl Ql
35388-8,Lpa Cholest SerPl-mCnc
35389-6,Cholest in Chylo SerPl Ql
35417-5,HSV Anal Cult
35429-0,HSV Stl Cult
35432-4,HSV Ur Cult
35435-7,H capsul Yst Ab Ser Ql CF
35437-3,HIV1 Ab Sal Ql IA
35438-1,HIV1 Ab Sal IA-aCnc
35439-9,HIV1 Ab Sal Ql IB
35440-7,HIV1 gp160 Ab Sal Ql IB
35441-5,HIV1 gp120 Ab Sal Ql IB
35442-3,HIV1 p66 Ab Sal Ql IB
35443-1,HIV1 p65 Ab Sal Ql IB
35444-9,HIV1 p55 Ab Sal Ql IB
35445-6,HIV1 p51 Ab Sal Ql IB
35446-4,HIV1 gp41 Ab Sal Ql IB
35447-2,HIV1 p31 Ab Sal Ql IB
35448-0,HIV1 p24 Ab Sal Ql IB
35449-8,HIV1 p17 Ab Sal Ql IB
35450-6,HIV1 p18 Ab Sal Ql IB
35452-2,HIV1 gp40 Ab Ser Ql IB
35464-7,CMT2 gene Mut Anl Bld/T
35466-2,AS+PWS gene Mut Anl Bld/T
35474-6,Gene XXX Mut Anl Bld/T
35505-7,LDL SerPl
35560-2,M Protein Ur-mCnc
35561-0,M Protein 2 Ur-mCnc
35564-4,HIV 1 p31+p32 Ab Ser Ql IB
35565-1,HIV 1 p40 Ab Ser Ql IB
35589-1,Furoate/Creat Ur
35595-8,APAP SerPl Scn-mCnc
35597-4,Salicylates SerPl Scn-mCnc
3562-6,Digoxin Free SerPl-mCnc
3563-4,Digoxin>12h p dose SerPl-mCnc
35632-9,Phenytoin SerPl Scn-mCnc
35657-6,UUN/BW 24h Ur-RelMRat
35662-6,Glucose ?Tm Ur-mCnc
35663-4,Prot ?Tm Ur-mCnc
35664-2,Ethanol ?Tm Ur-mCnc
35668-3,Gentamicin SerPl-mCnc
35672-5,Bilirub Direct MFr SerPl
35673-3,Phosphate ?Tm Ur-mCnc
35675-8,Calcium ?Tm Ur-mCnc
35676-6,Chloride ?Tm Ur-sCnc
35677-4,Potassium ?Tm Ur-sCnc
35678-2,Sodium ?Tm Ur-sCnc
35680-8,Hepatitis E virus Ab panel
35693-1,GBA gene Mut Anl Bld/T
35697-2,LACV Ab Titr Ser CF
35700-4,APAP Gast-mCnc
35706-1,Albumin MFr SerPl
35707-9,ALP Macrohepatic CFr SerPl
35721-0,Chlamydia rRNA Anal Ql Probe
35742-6,SH2D1A gene Mut Anl Bld/T
35749-1,DMPK Phenotype Bld/T
35817-6,Gentamicin Islt GS High potency
35865-5,IDL SerPl Ql
3663-2,Gentamicin Peak SerPl-mCnc
3664-0,Gentamicin Rand SerPl-mCnc
3665-7,Gentamicin Trough SerPl-mCnc
36906-6,C1INH Fld-mCnc
36909-0,G0+G1 Phs Cells NFr Bld
36910-8,S Phs Cells NFr Bld
36922-3,TPMT gene Mut Anl Bld/T
36934-8,CT Hrt for Calcium Score
36935-5,CT Hrt for Calcium Score W contr IV
3695-4,Insulin SerPl-mCnc
3718-4,Lithium Hair-mCnt
3719-2,Lithium SerPl-mCnc
3720-0,Lithium SerPl Ql
3721-8,Lithium Ur-mCnc
3722-6,Lithium Cl 24h Ur+SerPl-vRate
3723-4,Lithium Trough SerPl-mCnc
37991-7,p-ANCA Ser IA-aCnc
37992-5,c-ANCA Ser IA-aCnc
38160-8,Porphyrins/Creat Ur
38162-4,Copro/Creat Ur
38164-0,Hexa-CP/Creat Ur
38175-6,Heptacarboxylate/Creat Ur-sRto
38180-6,HCV RNA SerPl NAA+probe-Log IU
38184-8,Basophils NFr Amn Manual
38192-1,Amylase 2h Ur-cCnc
38193-9,Amylase ?Tm Ur-cRate
38230-9,Ca-I Bld-mCnc
38249-9,C peptide 15M p chal SerPl-mCnc
38250-7,Calcium Spec-mCnc
38251-5,CaOx 24h Ur-mRate
38252-3,COM MFr Stone
38254-9,Carb Ca Phos Stone Ql
38270-5,FLUAV H7 RNA Spec Ql NAA+probe
38271-3,FLUAV H6 RNA Spec Ql NAA+probe
38272-1,FLUAV H5 RNA Spec Ql NAA+probe
38273-9,FLUAV Ab Ser IA-aCnc
38277-0,LPT 0.5 ug/mL CA Bld-aCnc
38278-8,LPT 1.0 ug/mL CA Bld-aCnc
38279-6,LPT 2.5 ug/mL CA Bld-aCnc
38280-4,LPT 5.0 ug/mL CA Bld-aCnc
38281-2,LPT 2.41 ug/mL TT Bld-aCnc
38282-0,LPT 4.83 ug/mL TT Bld-aCnc
38283-8,LPT 9.67 ug/mL TT Bld-aCnc
38284-6,LPT 19.3 ug/mL TT Bld-aCnc
38295-2,DCM Wat-mCnc
38335-6,Vinyl Chloride Wat-mCnc
38353-9,Streptococcus Spec Cult
38356-2,T4 Ab Ser Ql
38366-1,Hypoxanthine/Creat Ur-sRto
38371-1,Xanthine/Creat Ur-sRto
38381-0,FLUAV cDNA Spec Ql NAA+probe
38382-8,FLUBV Spec Ql Cult
38388-5,C3 SerPl Ql
38394-3,Legionella Ur Cult
38404-0,CFTR Mut Anl Bld/T
38405-7,MT-ATP6 gene Mut Anl Bld/T
38406-5,PABPN1 gene Mut Anl Bld/T
38413-1,FGFR3 gene Mut Anl Bld/T
38414-9,Iron Tiss-sCnt
38421-4,C peptide 30M p chal SerPl-sCnc
38422-2,C peptide 1h p chal SerPl-sCnc
38423-0,C peptide 1.5h p chal SerPl-sCnc
38424-8,C peptide 2h p chal SerPl-sCnc
38425-5,C peptide 2.5h p chal SerPl-sCnc
38426-3,C peptide 3h p chal SerPl-sCnc
38442-0,Bilirub Cry #/area UrnS LPF
38482-6,CK MB SerPl Ql
38483-4,Creat Bld-mCnc
38485-9,Gal1PO4 RBC-sCnt
38489-1,Insulin Bovine Ab Titr Ser
38490-9,Insulin Porcine Ab Titr Ser
38491-7,IGF BP3 AL SerPl-mCnc
38492-5,IGF-I SerPl-aCnc
38506-2,T4 DBS Ql
38522-9,C4b BP Act/Nor SerPl
38524-5,Hgb F MFr Bld Elph Alk
38528-6,Abn Prot 24h Ur-mRate
38534-4,COL5A1 gene Mut Anl Bld/T
38535-1,LAMA2 gene Mut Anl Bld/T
38551-8,Cortis pre/p Dex SerPl-mCnc
38589-8,Ammonia Air-mCnc
38610-2,DCM Air-mCnc
38626-8,Vinyl Chloride Air-mCnc
38631-8,Allyl chloride Air-mCnc
38634-2,Benzyl chloride Air-mCnc
38643-3,Calcium cyanamide Air-mCnc
38717-5,Phosphate Air-mCnc
38740-7,DDC Air-mCnc
38743-1,Hydrogen chloride Air-mCnc
38875-1,INR PPP/Bld
38891-8,ABCC8 gene Mut Anl Bld/T
38898-3,D Dimer Titr PPP
38902-3,LITAF gene Mut Anl Bld/T
38903-1,Lymphocytes Stl Ql Micro
38906-4,MSH6 gene Mut Anl Bld/T
38909-8,PTCH gene Mut Anl Bld/T
38911-4,SDHC gene Mut Anl Bld/T
38928-8,FAH gene Mut Anl Bld/T
38961-9,Deprecated VA C&P exam HIV-related illness
38991-6,Amylase 12h Ur-cCnc
38992-4,Amylase 24h Ur-aCnc
38993-2,COD Cry UrnS Ql
38996-5,Neutrophils Ur Ql Micro
38998-1,HIV 1+HCV RNA SerPl BPU Ql NAA+probe
39005-4,HBV core Ab Fld Ql
39006-2,HBV e Ab Fld Ql
39007-0,HBV e Ag Spec Ql
39008-8,HCV Ab Fld Ql IB
39025-2,FLUAV HA cDNA Spec Seq
39082-3,Gentamicin Peak CSF-mCnc
39092-2,Vancomycin Peak CSF-mCnc
39102-9,FLUAV HA cDNA Spec NAA+probe
39103-7,FLUAV NA cDNA Spec NAA+probe
39226-6,Hemoglobin test status
39227-4,Hematocrit test status
39264-7,Urinalysis dipstick test status
39265-4,Urinalysis complete status
39295-1,FLUAV Ab Egg Yolk Ql ID
39296-9,FLUAV H1 Ab Titr Ser HAI
39297-7,FLUAV H10 Ab Titr Ser HAI
39298-5,FLUAV H11 Ab Titr Ser HAI
39299-3,FLUAV H12 Ab Titr Ser HAI
39300-9,FLUAV H13 Ab Titr Ser HAI
39301-7,FLUAV H14 Ab Titr Ser HAI
39302-5,FLUAV H15 Ab Titr Ser HAI
39303-3,FLUAV H2 Ab Titr Ser HAI
39304-1,FLUAV H3 Ab Titr Ser HAI
39305-8,FLUAV H4 Ab Titr Ser HAI
39306-6,FLUAV H5 Ab Titr Ser HAI
39307-4,FLUAV H6 Ab Titr Ser HAI
39308-2,FLUAV H7 Ab Titr Ser HAI
39309-0,FLUAV H8 Ab Titr Ser HAI
39310-8,FLUAV H9 Ab Titr Ser HAI
39311-6,FLUAV N1 NAb Ser Ql Nt
39312-4,FLUAV N2 NAb Ser Ql Nt
39313-2,FLUAV N3 NAb Ser Ql Nt
39314-0,FLUAV N4 NAb Ser Ql Nt
39315-7,FLUAV N5 NAb Ser Ql Nt
39316-5,FLUAV N6 NAb Ser Ql Nt
39317-3,FLUAV N7 NAb Ser Ql Nt
39318-1,FLUAV N8 NAb Ser Ql Nt
39319-9,FLUAV N9 NAb Ser Ql Nt
39357-9,Chloride Inhib/CHe CFr SerPl
39456-9,APAP Ur-sCnc
39458-5,B2 Microglob Fld-sCnc
39459-3,HCO3 std BldCoV-sCnc
39460-1,HCO3 std BldCoA-sCnc
39461-9,Bilirub Prt-sCnc
39462-7,Bilirub Conj Fld-sCnc
39463-5,Bilirub Indirect Fld-sCnc
39467-6,Chloride DiafP-sCnc
39468-4,Cholest Plr-sCnc
39469-2,LDLc SerPl Calc-sCnc
39474-2,Creat Prt-sCnc
39478-3,Glucose Vitf-sCnc
39479-1,Glucose Pcar-sCnc
39480-9,Glucose BldV-sCnc
39481-7,Glucose BldA-sCnc
39485-8,pH temp adj BldC
39486-6,pH temp adj BldV
39535-0,HBV surface Ab Ser Ql RIA
39536-8,FLUAV Ab Ser CF-aCnc
39537-6,FLUBV Ab Ser HAI-aCnc
3956-0,Phentermine Bld-mCnc
39565-7,C4d Plas IA-mCnc
39570-7,Alternaria IgG-mCnc
39578-0,A alternata Ab-mCnc
39587-1,Neutrophil Ab Ser Ql IA
3967-7,Phenytoin SerPl Ql
3968-5,Phenytoin SerPl-mCnc
3969-3,Phenytoin Free SerPl-mCnc
39773-7,B2 Microglob/Creat Ur-sRto
39778-6,Iron/TIBC SerPl-sRto
39784-4,Porphyrins RBC-sCnc
39785-1,Potassium DiafP-sCnc
39787-7,Sodium DiafP-sCnc
39789-3,Potassium BldV-sCnc
39790-1,Potassium BldC-sCnc
39791-9,Sodium BldV-sCnc
39792-7,Sodium BldC-sCnc
39796-8,Vancomycin Peak SerPl-sCnc
39797-6,Vancomycin Trough SerPl-sCnc
39801-6,Trigl Plr-sCnc
39802-4,Creat diaf/SerPl
39804-0,Lp-PLA2 SerPl-mCnc
39982-4,Creat BS Ur-mCnc
39997-2,Glucose pre chal SerPl-mCnc
40046-5,Albumin pre chal SerPl-mCnc
40047-3,Albumin 45M pre chal SerPl-mCnc
40048-1,Albumin 30M p chal SerPl-mCnc
40049-9,Albumin 45M p chal SerPl-mCnc
40050-7,Albumin 1h p chal SerPl-mCnc
40051-5,Albumin 1.5h p chal SerPl-mCnc
40052-3,Albumin 2h p chal SerPl-mCnc
40053-1,Albumin 3h p chal SerPl-mCnc
40054-9,Albumin 4h p chal SerPl-mCnc
40055-6,Albumin 5h p chal SerPl-mCnc
40056-4,Albumin 6h p chal SerPl-mCnc
40057-2,Albumin 6.5h p chal SerPl-mCnc
40058-0,Albumin 8h p chal SerPl-mCnc
40059-8,Albumin 12h p chal SerPl-mCnc
40060-6,Albumin 1D p chal SerPl-mCnc
40061-4,Albumin 2D p chal SerPl-mCnc
40062-2,Albumin 3D p chal SerPl-mCnc
40063-0,Albumin 4D p chal SerPl-mCnc
40064-8,Calcium pre chal SerPl-mCnc
40065-5,Calcium 45M pre chal SerPl-mCnc
40066-3,Calcium 15M pre chal SerPl-mCnc
40067-1,Calcium BS SerPl-mCnc
40068-9,Calcium 45M p chal SerPl-mCnc
40069-7,Calcium 1.5h p chal SerPl-mCnc
40070-5,Calcium 2.5h p chal SerPl-mCnc
40071-3,Calcium 3h p chal SerPl-mCnc
40072-1,Calcium 4h p chal SerPl-mCnc
40073-9,Calcium 5h p chal SerPl-mCnc
40074-7,Calcium 6h p chal SerPl-mCnc
40075-4,Calcium 6.5h p chal SerPl-mCnc
40076-2,Calcium 7.5h p chal SerPl-mCnc
40077-0,Calcium 8h p chal SerPl-mCnc
40078-8,Calcium 12h p chal SerPl-mCnc
40079-6,Calcium 13h p chal SerPl-mCnc
40080-4,Calcium 14h p chal SerPl-mCnc
40081-2,Calcium 16h p chal SerPl-mCnc
40082-0,Calcium 20H p chal SerPl-mCnc
40083-8,Calcium 1D p chal SerPl-mCnc
40084-6,Calcium 36h p chal SerPl-mCnc
40085-3,Calcium 2D p chal SerPl-mCnc
40086-1,Calcium 3D p chal SerPl-mCnc
40087-9,PT 2h pre chal PPP
40088-7,PT BS PPP
40089-5,PT 30M p chal PPP
40090-3,PT 1h p chal PPP
40091-1,PT 1.5h p chal PPP
40092-9,PT 2h p chal PPP
40093-7,PT 3h p chal PPP
40094-5,PT 4h p chal PPP
40095-2,PT 6h p chal PPP
40096-0,PT 8h p chal PPP
40097-8,PT 12h p chal PPP
40098-6,PT 1D p chal PPP
40148-9,Glucose pre chal SerPl-sCnc
40193-5,Glucose pre-meal SerPl-sCnc
40223-0,Calcium pre chal SerPl-sCnc
40224-8,Calcium 45M pre chal SerPl-sCnc
40225-5,Calcium 15M pre chal SerPl-sCnc
40226-3,Calcium BS SerPl-sCnc
40227-1,Calcium 30M p chal SerPl-sCnc
40228-9,Calcium 45M p chal SerPl-sCnc
40229-7,Calcium 1h p chal SerPl-sCnc
4023-8,Salicylates SerPl Ql
40230-5,Calcium 1.5h p chal SerPl-sCnc
40231-3,Calcium 2h p chal SerPl-sCnc
40232-1,Calcium 2.5h p chal SerPl-sCnc
40233-9,Calcium 3h p chal SerPl-sCnc
40234-7,Calcium 4h p chal SerPl-sCnc
40235-4,Calcium 5h p chal SerPl-sCnc
40236-2,Calcium 6.5h p chal SerPl-sCnc
40237-0,Calcium 7.5h p chal SerPl-sCnc
40238-8,Calcium 8h p chal SerPl-sCnc
40239-6,Calcium 12h p chal SerPl-sCnc
4024-6,Salicylates SerPl-mCnc
40240-4,Calcium 13h p chal SerPl-sCnc
40241-2,Calcium 14h p chal SerPl-sCnc
40242-0,Calcium 16h p chal SerPl-sCnc
40243-8,Calcium 20H p chal SerPl-sCnc
40244-6,Calcium 1D p chal SerPl-sCnc
40245-3,Calcium 36h p chal SerPl-sCnc
40246-1,Calcium 2D p chal SerPl-sCnc
40247-9,Calcium 3D p chal SerPl-sCnc
4025-3,Salicylates Ur Ql
4026-1,Salicylates Ur-mCnc
40274-3,Cortis 15M p chal SerPl-sCnc
40275-0,Cortis 45M p chal SerPl-sCnc
40285-9,Glucose 75M p Glc SerPl-sCnc
40286-7,Glucose 105M p Glc SerPl-sCnc
40287-5,Glucose 1h p meal SerPl-sCnc
40288-3,Insulin 30M p chal SerPl-sCnc
40289-1,Insulin 1h p chal SerPl-sCnc
40290-9,Insulin 1.5h p chal SerPl-sCnc
40291-7,Insulin 2h p chal SerPl-sCnc
40292-5,Insulin 2.5h p chal SerPl-sCnc
40293-3,Insulin 3h p chal SerPl-sCnc
40294-1,Insulin pre/p Glc SerPl-sCnc
40295-8,T3Free 2h p chal SerPl-sCnc
40310-5,Cortis pre Triple Bolus SerPl-sCnc
40311-3,Cortis 15M p Triple Bolus SerPl-sCnc
40312-1,Cortis 30M p Triple Bolus SerPl-sCnc
40313-9,Cortis 45M p Triple Bolus SerPl-sCnc
40314-7,Cortis 1h p Triple Bolus SerPl-sCnc
40315-4,Cortis 1.5h p Triple Bolus SerPl-sCnc
40316-2,Cortis 2h p Triple Bolus SerPl-sCnc
40317-0,Cortis 3h p Triple Bolus SerPl-sCnc
40318-8,Glucose pre Triple Bolus SerPl-sCnc
40325-3,Testost pre Triple Bolus SerPl-sCnc
40326-1,Testost 3h p Triple Bolus SerPl-sCnc
40327-9,T3Free pre Triple Bolus SerPl-sCnc
40328-7,T3Free 2h p Triple Bolus SerPl-sCnc
40329-5,Prolactin pre Triple Bolus SerPl-mCnc
40330-3,Prolactin 15M p Triple Bolus SerPl-mCnc
40331-1,Prolactin 20M p Triple Bolus SerPl-mCnc
40332-9,Prolactin 30M p Triple Bolus SerPl-mCnc
40333-7,Prolactin 1h p Triple Bolus SerPl-mCnc
40366-7,Glucose 24h Fld-sRate
40410-3,ALP Prt-cCnc
40426-9,FGD1 gene Mut Anl Bld/T
40427-7,FGF23 gene Mut Anl Bld/T
40430-1,TH gene Mut Anl Bld/T
40433-5,Sucrose Hemolysis NFr Cont RBC
40435-0,Fungus Ur Cult
40437-6,HIV1 p24 Ab SerPl Ql IA
40438-4,HIV1 gp41 Ab SerPl Ql IA
40439-2,HIV1 gp120+gp160 Ab SerPl Ql IA
40449-1,Deprecated SaO2% Resting BldC Oximetry
40450-9,Deprecated SaO2% p Exc BldC Oximetry
40452-5,Sialate/Creat Ur-Rto
40458-2,PT imm FVIII DP PPP
40459-0,HBV DNA Ser Probe+sig amp-Log#
40460-8,Bnd Phenytoin SerPl-mCnc
40463-2,TNFRSF1A gene Mut Anl Bld/T
40470-7,Lymphocytes #/area Smn HPF
40476-4,PARK2 gene Mut Anl Bld/T
40483-0,Amorph Phos Cry #/area UrnS LPF
40486-3,Prot/Creat 24h Ur-Rto
40487-1,Urea/Creat Ur-Rto
40488-9,Glucose/Creat Ur-Rto
40491-3,Neutrophils NFr Snv Manual
40502-7,SLEV Ab Titr Ser CF
40504-3,POWV Ab Titr Ser CF
40515-9,DENV Ab Titr Ser CF
40521-7,Monocytes NFr Plr Manual
40525-8,Monocytes NFr Pcar Manual
40530-8,Ethanol Gast Ql
40536-5,Neutrophils NFr DiafP Manual
40537-3,Monocytes NFr DiafP Manual
40538-1,Lymphocytes NFr DiafP Manual
40539-9,Eosinophil NFr DiafP Manual
40540-7,Basophils NFr DiafP Manual
40544-9,Monocytes NFr Bronch Manual
40545-6,Hgb C Bld Ql Elph
40546-4,Hgb E Bld Ql Elph
40547-2,Hgb H Bld Ql
40549-8,Hgb F Bld Elph-mCnc
40550-6,Hgb H Bld Elph-mCnc
40557-1,PR Ag Tiss Ql ImStn
40566-2,Neutrophils # Fld Manual
40569-6,Eosinophil # Fld Manual
40571-2,Basophils # Fld Manual
40572-0,Neuts Band # Fld Manual
40573-8,Variant Lymphs # Fld Manual
40574-6,Platelet # Fld Auto
40590-2,DeprecatedOxygen saturation^pre exercise
40599-3,Albumin DiafP-mCnc
40613-2,Brucella Ab Ser Ql CF
40615-7,Deprecated CaOx Cry UrnS Ql LPF
40618-1,Cancer Ag125 Prt-aCnc
40623-1,CD3+CD4+ Cells NFr Bronch
40624-9,CD3+CD8+ Cells NFr Bronch
40654-6,Hypogran Neuts Bld Ql Smear
40661-1,M Protein Ur Elph-mCnc
40662-9,Prot Resting 12h Ur-mRate
40663-7,Prot upr 12h Ur-mRate
40665-2,Retics # Manual
40673-6,TSH BII Ser-aCnc
40717-1,Haptoglob SerPl Ql
40719-7,Hgb BldCo-mCnc
40720-5,Hgb C Bld Ql
40721-3,Hgb F Spec Ql Apt-Downey
40724-7,HAV IgG Ser Ql IA
40725-4,HBV core IgG Ser Ql IA
40726-2,HCV IgG SerPl Ql IA
40727-0,HDV Ab Ser Ql IA
40732-0,HIV1 IgG Ser Ql IB
40733-8,HIV1+2 IgG SerPl Ql IA
40740-3,OF Incubated NFr RBC
40741-1,Platelet Clump Bld Ql Auto
40747-8,C2 SerPl Ql
40749-4,Echinococcus Ab Ser Ql CF
40784-1,Gp B Strep Ag Vag Ql
40793-2,ALP Plac SerPl Ql
40794-0,ALP Intest SerPl Ql
40795-7,ALP Liver 2 SerPl Ql
40796-5,ALP Liver 1 SerPl Ql
40797-3,ALP Bone SerPl Ql
40837-7,Alternaria IgG Ser Ql
40842-7,Gal1PO4 DBS-mCnc
40844-3,Deprecated Kappa LC Free/Lambda Ser
40849-2,Glucose sp1 p chal Ur Strip-mCnc
40850-0,Glucose sp2 p chal Ur Strip-mCnc
40858-3,Glucose BS BldC-mCnc
40874-0,Glucose sp1 Spec-mCnc
40875-7,Glucose sp3 Spec-mCnc
4089-9,Vancomycin Free SerPl-mCnc
40898-9,CD3+CD4+ Cells # Tiss
40899-7,CD3+CD8+ Cells # Tiss
4090-7,Vancomycin Peak SerPl-mCnc
40900-3,CD3+CD4+ Cells/CD3+CD8+ Cll Tiss
40903-7,Deprecated S pneum12 IgG Ser IA-mCnc
40908-6,Deprecated S pneum4 IgG Ser IA-mCnc
4091-5,Vancomycin Rand SerPl-mCnc
4092-3,Vancomycin Trough SerPl-mCnc
40920-1,Deprecated S pneum8 IgG Ser IA-mCnc
40923-5,Deprecated S pneum9 IgG Ser IA-mCnc
40928-4,Cortis Pre Dex SerPl-mCnc
40953-2,Y entero O:3 Ab Titr Ser CF
40954-0,Y entero O:8 Ab Titr Ser CF
40955-7,Y entero O:9 Ab Titr Ser CF
40956-5,Yersinia Ab Ser Ql CF
40959-9,MUTYH gene Mut Anl Bld/T
40961-5,SFTPB gene Mut Anl Bld/T
40963-1,Deprecated S pneum17 IgG Ser-mCnc
40964-9,Deprecated S pneum2 IgG Ser-mCnc
40965-6,Deprecated S pneum20 IgG Ser-mCnc
40966-4,Deprecated S pneum22 IgG Ser-mCnc
40967-2,Deprecated S pneum34 IgG Ser-mCnc
40968-0,Deprecated S pneum43 IgG Ser-mCnc
40969-8,S pneum Da 33F IgG Ser-mCnc
40973-0,S pneum Da 15B IgG Ser-mCnc
40974-8,S pneum Da 19A IgG Ser-mCnc
40981-3,Deprecated FLUAV RNA XXX Ql PCR
40982-1,FLUBV RNA Spec Ql NAA+probe
40996-1,A alternata IgE/IgE total %
40998-7,Ca H2 Phos dihyd MFr Stone
40999-5,Ca H2 Phos dihyd 24h Ur-mRate
41016-7,Bilirub Ur Strip-sCnc
41017-5,Protopor RBC-sCnc
41018-3,Testosterone.free+WB SerPl-sCnc
41024-1,Glucose 2h p 50 g Glu PO SerPl-mCnc
4105-3,APAP Dose
41134-8,FLUAV N9 Ab Ser Ql
41135-5,FLUAV N8 Ab Ser Ql
41136-3,FLUAV N7 Ab Ser Ql
41137-1,FLUAV N6 Ab Ser Ql
41138-9,FLUAV N5 Ab Ser Ql
41139-7,FLUAV N4 Ab Ser Ql
41140-5,FLUAV N3 Ab Ser Ql
41141-3,FLUAV N2 Ab Ser Ql
41142-1,FLUAV N1 Ab Ser Ql
41143-9,HIV1 Ab Sal-aCnc
41144-7,HIV1 Ab Sal Ql
41145-4,HIV1 Ab BldC Ql
41151-2,HBV e IgG Ser Ql
41170-2,Phe+Tyr Bld Ql
41183-5,WEEV Ab Titr Ser CF
41201-5,VGCC IgG Ser-sCnc
41261-9,VGCC IgG Ser Ql
41290-8,HIV1+2 IgM SerPl IA-aCnc
41407-8,Cortis Pre ACTH SerPl-mCnc
41464-9,Amphetamines/Creat Ur
41465-6,Opiates/Creat Ur
41466-4,Methadone/Creat Ur
41467-2,Benzodiaz/Creat Ur
41468-0,Barbiturates/Creat Ur
41484-7,Coxsackievirus A Ab panel
41485-4,Coxsackievirus B Ab panel
41497-9,HIV1 RNA CSF NAA+probe-Log#
41498-7,HIV1 RNA # CSF NAA+probe
41508-3,Gp B Strep Ag Fld Ql
41513-3,HIV1 RNA # SerPl Probe amp DL=400
41514-1,HIV1 RNA SerPl Probe amp DL=2.6-Log#
41515-8,HIV1 RNA # SerPl Probe amp DL=75
41516-6,HIV1 RNA SerPl Probe amp DL=1.9-Log#
41604-0,Glucose p fast BldC Glucomtr-mCnc
41607-3,MetHgb MFr BldMV
41608-1,Prolactin 30M p chal SerPl-mCnc
41609-9,Prolactin 1h p chal SerPl-mCnc
41617-2,Neutrophil Ab Ser Ql FC
41619-8,Hgb Unstab RBC Ql IPS
41644-6,Ca-I BldC-sCnc
41645-3,Ca-I BldV-sCnc
41646-1,Ca-I BldMV-sCnc
41648-7,COHgb MFr BldMV
41649-5,Chloride BldV-sCnc
41650-3,Chloride BldA-sCnc
41651-1,Glucose BldA-mCnc
41652-9,Glucose BldV-mCnc
41653-7,Glucose BldC Glucomtr-mCnc
41654-5,Hct VFr BldV Calc
41655-2,Hct VFr BldMV Calc
41656-0,Potassium BldMV-sCnc
41657-8,Sodium BldMV-sCnc
41742-8,Mold Allerg Mix1 IgE Qn
41743-6,BBS1 gene Mut Anl Bld/T
41764-2,SBDS gene Mut Anl Bld/T
41765-9,SCN1A gene Mut Anl Bld/T
41768-3,VWF gene Mut Anl Bld/T
41869-9,Deprecated Testost Bioavail+Free MFr Ser
41871-5,VGKC Ab Ser-sCnc
41896-2,Glucose Mtr Dev Class
41897-0,Glucose Mtr Dev Vendor name
41898-8,Model Cd Glucose Mtr Dev
41899-6,Glucose Mtr Dev Serial #
41900-2,Glucose Mtr Dev Software vers
41901-0,BP device Class
41905-1,Altitude
41914-3,Blood Coagulation Device Class
41925-9,SaO2% Device Class
41926-7,SaO2% Device Vendor name
41927-5,SaO2% Device Model Cd
41928-3,SaO2% Device Serial #
41929-1,SaO2% Device Software vers
41936-6,Insulin Delivery Device Class
41937-4,Insulin Delivery Device Serial #
41942-4,Insulin type
41943-2,Insulin name + ID
41976-2,Insulin Delivery Device Vendor name
41977-0,Insulin Delivery Device Software vers
41983-8,Insulin Delivery Device Model Cd
41984-6,Lipoprotein analysis status &or results
41986-1,Hematocrit test status &or results
41987-9,Hemoglobin test status &or results
41995-2,HbA1c Bld-mCnc
41996-0,Deprecated HCV DNA SerPl bDNA-Log IU
41999-4,VLDL Fld Ql
42003-4,HCV RNA SerPl Probe+sig amp-Log#
42178-4,Lp-X SerPl Ql
42180-0,C peptide p fast SerPl-sCnc
42191-7,Hepatitis A & B & C 7a panel
4222-6,Digoxin Dose
42220-4,Cr/Creat Ur-sRto
42223-8,Manganese/Creat Ur-sRto
42226-1,Thallium/Creat Ur-sRto
42242-8,Ethanol Ur Ql Scn
42243-6,Deprecated Hgb Bld HPLC-mCnc
42244-4,Hgb A MFr Bld HPLC
42245-1,Hgb A2 MFr Bld HPLC
42246-9,Hgb F MFr Bld HPLC
42247-7,Hgb Fract Bld HPLC-Imp
42248-5,Hgb Other MFr Bld HPLC
4225-9,Phenytoin Dose
42250-1,Variant Lymphs NFr Bld Auto
42319-4,G6PD Phenotyp RBC-Imp
42320-2,GR Phenotyp RBC-Imp
42322-8,HBV S+pol gene SerPl NAA+probe
42324-4,I Gp Phenotyp Bld
42339-2,HIV1 p24 Ag SerPl IA-mCnc
42359-0,Streptococcus pneumoniae 14 serotypes Ab.IgG panel B
42360-8,Streptococcus pneumoniae 14 serotypes Ab.IgG panel A
42361-6,Streptococcus pneumoniae 12 serotypes Ab.IgG panel
42362-4,Streptococcus pneumoniae 7 serotypes Ab.IgG panel B
42363-2,Streptococcus pneumoniae 7 serotypes Ab.IgG panel A
42364-0,Streptococcus pneumoniae 6 serotypes Ab.IgG panel
42365-7,Streptococcus pneumoniae 4 serotypes Ab.IgG panel
42366-5,Streptococcus pneumoniae 23 serotypes Ab.IgG panel
42367-3,S pneum Da 19B IgG Ser-mCnc
42482-0,M Protein 24h Ur Elph-mRate
42483-8,M Protein MFr Ur Elph
42484-6,M Protein 24h MFr Ur Elph
42488-7,Aspergillus Ab Titr Plr CF
42490-3,B dermat Ab Titr Plr CF
42494-5,C immitis Ab Titr Plr CF
42499-4,D Dimer CSF Ql
42504-1,HBV surface Ab CSF Ql
42505-8,HBV surface Ag CSF Ql
42506-6,HCV Ab CSF Ql
42567-8,Ca-I SerPl-msCnc
42568-6,Fibrinogen PPP-msCnc
42569-4,Potassium SerPl-msCnc
42570-2,Sodium SerPl-msCnc
42593-4,Calcium BldC-sCnc
42595-9,HBV DNA SerPl NAA+probe-aCnc
42600-7,HIV1+2 Ab Spec Ql IA
42604-9,Glucose 3h p Lac PO Ur-mCnc
42607-2,Prolactin.monomeric SerPl-mCnc
42609-8,Glucose 6h p Lac PO Ur-mCnc
42611-4,Glucose 1h p Lac PO Ur-mCnc
42613-0,Glucose 2h p Lac PO Ur-mCnc
42615-5,Glucose 30M p Lac PO Ur-mCnc
42616-3,Magnesium Dial fld-mCnc
42617-1,HCV RNA SerPl Probe+sig amp-Log IU
42627-0,HIV1 Ab CSF Ql IF
42629-6,Glucose 4h p Lac PO Ur-mCnc
42631-2,Glucose 5h p Lac PO Ur-mCnc
42637-9,BNP Bld-mCnc
42638-7,PT PPP
42673-4,Ca H2 Phos dihyd 24h SatFr Ur
4268-9,Gentamicin Dose
4269-7,Glucose PO Dose
42714-6,"t(ABL1,BCR)p210 Bld/T Ql"
42718-7,ALP heat labile CFr SerPl HS
42719-5,Bilirub Bld-mCnc
42727-8,D Dimer CSF LA.DDU-mCnc
42757-5,Troponin I Bld-mCnc
42758-3,Retics # Calc
42759-1,B Lymphocytes # Mar
42768-2,HIV 1 & 2 Ab Ser-Imp
42771-6,S pneum serotype IgG Ser-Imp
42772-4,Fibrinogen Ag PPP Neph-mCnc
42788-0,IGF-IR Ag Tiss Ql ImStn
42810-2,Hgb Retic Qn
42842-5,Newborn behavior alteration
42843-3,Infant behavior alteration
42844-1,Child behavior alteration
42845-8,Adolescent behavior alteration
42846-6,Adult behavior alteration
4285-3,Insulin Lente Dose
42852-4,Older adult behavior alteration.sixty five Y and older
42857-3,Calcium BldV-sCnc
4286-1,Insulin NPH Dose
4287-9,Insulin Regular Dose
4288-7,Insulin Semilente Dose
4289-5,Insulin Ultralente Dose
42906-8,Gal1PUT DBS-cCnc
42908-4,Hct VFr BldC Calc
42909-2,Hgb sp1 Gast gastro Ql
42910-0,Hgb sp2 Gast gastro Ql
42911-8,Hgb sp3 Gast gastro Ql
42912-6,Hgb sp2 Spec gastro Ql
42913-4,Hgb sp1 Spec gastro lower Ql
42917-5,HIV1 RNA CSF Ql NAA+probe
42919-1,Insulin pre 100 g Glc PO SerPl-mCnc
42929-0,Lactate dehydrogenase panel
42977-9,Porcine FLUAV Ab Titr Ser
4300-0,Lithium Dose
43008-2,HIV1+2 IgM Ser-aCnc
43009-0,HIV1+2 IgG Ser Ql
43010-8,HIV1+2 Ab Spec Ql
43011-6,HIV1 p24 Ab Ser Ql
43012-4,HIV1 gp41 Ab Ser Ql
43013-2,HIV1 gp120+gp160 Ab Ser Ql
43095-9,A marginale Ab Titr Ser
43110-6,Immunoglobulin light chains panel
43113-0,Hemoglobin panel
43126-2,Cortisol.free panel
43128-8,Chloride panel
43146-0,Oxygen saturation device panel
43148-6,Insulin delivery device panel
43150-2,HbA1c measurement device panel
43151-0,Glucose meter device panel
43172-6,T3 Ab Ser Ql
43176-7,Lithium Sal-sCnc
43185-8,HIV 1 & 2 Ab Patrn Ser IB-Imp
43203-9,HPIV1 Ab Titr CSF CF
43205-4,HPIV3 Ab CSF Ql CF
43212-0,Albumin Fld Elph-mCnc
43215-3,Cortis BS SerPl-mCnc
43217-9,Cortis 15M p ACTH IM SerPl-mCnc
43221-1,Chloride/Creat Ur-Rto
43222-9,Potassium/Creat Ur-Rto
43223-7,Sodium/Creat Ur-Rto
43224-5,Coccidioides Ab Ser CF-aCnc
43236-9,S pneum IgG Ser IA-mCnc
43246-8,PHOX2B gene Mut Anl Bld/T
43278-1,Glucose 2h p meal Mlk-mCnc
43279-9,HBV YMDD Mut SerPl Ql NAA+probe
43280-7,HDV Ag Ur-mCnc
43281-5,HDV Ag Ser-mCnc
43292-2,Neutrophil OB Bld
43329-2,EEEV Ab Titr Ser CF
43371-4,Salm + Shig Stl Cult
43373-0,Deprecated Rat Epith+Ser+Ur IgE RAST Ql
43382-1,ALP heat stable CFr SerPl HS
43389-6,Streptococcus Islt Cult
43390-4,Streptococcus Islt
43392-0,LDL1 SerPl-mCnc
43393-8,LDL4 SerPl-mCnc
43394-6,LDLc-Ac SerPl-mCnc
43395-3,Ac-VLDLc SerPl-mCnc
43396-1,NonHDLc SerPl-mCnc
43399-5,JAK2 p.V617F Bld/T Ql
43402-7,Erythrocyte Sed Rat Bld 15M
43416-7,Hct VFr Stem prod Calc
43423-3,Na Urate 24h SatFr Ur
43428-2,Bilirubin Tiss Hall's Stn
43575-0,C3 Pcar-mCnc
43577-6,Histamine/Creat Ur-Rto
43578-4,C3 Prt-mCnc
43579-2,C3 Plr-mCnc
43580-0,C4 Pcar-mCnc
43581-8,C4 Prt-mCnc
43582-6,C4 Plr-mCnc
43583-4,LPa SerPl-sCnc
43599-0,HIV1 Ab Ser IF-aCnc
43605-5,Microalbumin 4h Ur-mCnc
43606-3,Microalbumin 4h Ur-mRate
43607-1,Microalbumin 12h Ur-mRate
43618-8,HAdV Ab Ser Ql CF
43628-7,Acetamin Cry UrnS Ql Micro
43630-3,6-TGN RBC Ql
43700-4,CMV Ur Ql Shell Vial Cult
43703-8,CMV Bld Ql Shell Vial Cult
43708-7,ALP Liver+Bone SerPl Ql
43709-5,ALP Intest+renal SerPl Ql
43710-3,ALP heat stable SerPl Ql HS
43711-1,Albumin CSF Ql
43712-9,Albumin SerPl Ql
43713-7,Albumin Fld Ql
43719-4,Acetamin+oxyCODONE SerPl Ql
43720-2,Acetamin+Codeine SerPl Ql
43727-7,LDL Small SerPl-sCnc
43728-5,VLDL large SerPl-sCnc
43729-3,HLD.large SerPl-sCnc
43731-9,ALP Fetal+Lung+Lymphocyte SerPl Ql
43740-0,Glucose/Insulin SerPl
43743-4,Variant Lymphs # Bld Auto
43748-3,SCO1 gene Mut Anl Bld/T
43750-9,SURF1 gene Mut Anl Bld/T
4380-2,Penicillin G Potassium Dose
43812-7,Deprecated FLUAV Ab Ser Ql
43816-8,Amylase Fld Ql
43818-4,B2 Microglob Ser Ql
43819-2,B2 Microglob Ur Ql
4382-8,Penicillin V Potassium Dose
43820-0,Bilirub Direct SerPl Ql
43821-8,Amylase 24h Ur Ql
43824-2,Bilirub Fld Ql
43831-7,Phenytoin Spec Ql
43835-8,Apo E SerPl Ql
43837-4,FLUAV IgG Ser Ql
43838-2,FLUAV IgM Ser Ql
43839-0,FLUBV IgG Ser Ql
43840-8,FLUBV IgM Ser Ql
43851-5,FLUAV IgA Ser Ql
43852-3,FLUBV IgA Ser Ql
43870-5,Aspergillus Ab Ser Ql CF
43874-7,FLUAV Ag Nph Ql
43887-9,Bilirub Amn Ql Spectrp dir
43895-2,FLUBV Ag Nph Ql
43900-0,B dermat Ab CSF Ql CF
43919-0,B2 Microglob CSF Ql
43932-3,Rheumatoid fact Titr Fld
43939-8,ALP Liver SerPl Ql
43942-2,Insulin Free SerPl-mCnc
43970-3,CD3+CD4+ Cells NFr CSF
43971-1,CD3+CD8+ Cells NFr CSF
43992-7,A phagocytoph Ab Ser IF-Imp
4400-8,Deprecated Phenytoin Dose
44010-7,FLUAV + FLUBV Ab Fld-Imp
44018-0,Basophils Fld Ql Micro
44033-9,Bilirub 24h Ur Ql Strip
44040-4,Basophils CSF Ql Micro
44041-2,Basophils Snv Ql Micro
44042-0,Basophils Pcar Ql Micro
44043-8,Basophils Plr Ql Micro
44044-6,Basophils Prt Ql Micro
44048-7,Basophils Nose Ql Micro
44050-3,GPI RBC-cCnt
44052-9,PFK Bld-cCnt
44053-7,PGK RBC-cCnt
44054-5,TPI RBC-cCnt
44075-0,Bilirubin Casts UrnS Ql Micro
4423-0,Salicylates Dose
44263-2,FLUAV RNA Spec NAA+probe-aCnc
44264-0,FLUAV H5 RNA Spec NAA+probe-aCnc
44289-7,HAdV Ab Ser CF-aCnc
44292-1,Microalbumin/Creat 12h Ur
44293-9,Albumin/Glob Ur Elph
44294-7,Albumin/Glob 24h Ur Elph
44303-6,B2 Microglob/Creat 24h Ur
44309-3,Cortis F/Creat Ur
44310-1,Cortis/Creat 24h Ur
44311-9,Cotinine/Creat Ur
44314-3,D-Lactate/Creat Ur-sRto
44317-6,Insulin Human Ab Ser Ql
44318-4,Insulin Porcine Ab Ser Ql
44319-2,Insulin Bnd SerPl Ql
44325-9,Iron Hair Ql
44326-7,Iron SerPl Ql
44327-5,Iron Fld Ql
44333-3,Lactate/Creat 24h Ur
44336-6,Magnesium/Creat 24h Ur
44371-3,Histamine/Creat Ur-sRto
44373-9,Hcys Ur Ql
44374-7,Hcys SerPl Ql
44375-4,Hcys Bld Ql
44376-2,Hcys DBS Ql
44377-0,Hcys/Creat 24h Ur-sRto
44396-0,Insulin SerPl Ql
44397-8,Insulin Bovine Ab Ser Ql
44405-9,Sodium/Creat 24h Ur-sRto
44406-7,Sodium/Potassium 24h Ur-sRto
44412-5,TH-DC/Creat Ur
44416-6,UUN/Creat Ur
44419-0,CIAS1 gene Mut Anl Bld/T
44420-8,CACNA1A gene Mut Anl Bld/T
44429-9,Albumin/Glob SerPl Elph
44441-4,A niger Ab Ser CF-aCnc
44451-3,B dermat Ab Ser CF-aCnc
44459-6,C peptide/Creat sp2 p chal Ur
44462-0,Insulin Free+Bnd SerPl Ql
44468-7,HSV1 Anal Ql Cult
44531-2,HIV1 Ag Ser Donr Ql
44532-0,HIV1 gp120 Ab Ser Ql
44533-8,HIV1+2 Ab Ser Donr Ql
44556-9,FLUAV Ab Ser Ql CF
44557-7,FLUAV Ab Fld Ql
44558-5,FLUAV Ag Nph Ql IF
44559-3,FLUAV Ag Bronch Ql IF
44560-1,FLUAV Ag Nose Ql IF
44561-9,FLUAV Ag Trachea Ql IF
44562-7,FLUAV Ag Bronch Ql
44563-5,FLUAV Ag Nose Ql
44564-3,FLUAV Ag Nose Ql IA
44565-0,FLUAV+FLUBV Ab Ser Ql
44566-8,FLUAV+FLUBV Ag Bronch Ql
44567-6,FLUAV+FLUBV Ag Nose Ql
44568-4,FLUBV Ab Ser Ql CF
44569-2,FLUBV Ab Fld Ql
44570-0,FLUBV Ab Ser Ql
44571-8,FLUBV Ag Nph Ql IF
44572-6,FLUBV Ag Bronch Ql IF
44573-4,FLUBV Ag Nose Ql IF
44574-2,FLUBV Ag Trachea Ql IF
44575-9,FLUBV Ag Nose Ql IA
44576-7,FLUBV Ag Bronch Ql
44577-5,FLUBV Ag Nose Ql
44578-3,FLUCV Ab Ser Ql CF
44579-1,FLUCV Ab Ser Ql
4459-4,Vancomycin Dose
44607-0,HIV1 SerPl IA-Imp
44612-0,Deprecated SaO2 Episode Max % BldC Oxime
44613-8,Deprecated SaO2 Episode Min % BldC Oxime
44614-6,Deprecated SaO2 Episode Mean % BldC Oxim
4468-5,Deprecated Carbonyl Hgb Fr Bld
44693-0,Tumor infiltrating lymph
4470-1,Choleglobin MFr Bld
44702-9,C1q Ab Ser-aCnc
44704-5,NEB gene Mut Anl Bld/T
44707-8,Albumin/Creat CSF
4471-9,Comp Actv Surf Ind SerPl-aCnc
44711-0,LDLc/Apo B SerPl
44714-4,C3/Prot Snv
44715-1,C4/Prot Snv
44716-9,Creat/Calcium Ur
44717-7,LDL/HDL SerPl
44718-5,VLDL/Trigl SerPl
44719-3,Methylmalonate/Homocysteine SerPl
4472-7,Deprecated C'2 esterase Ser Qn
44729-2,Progest/11DOC SerPl
4473-5,Deprecated C'3 esterase Ser Qn
44730-0,Progest/Estradiol SerPl
44733-4,Trigl/HDLc SerPl
44734-2,BUN/Creat Bld
44735-9,Urea nit/Creat Fld
4474-3,Deprecated C'4 esterase Ser Qn
4475-0,Deprecated C1 Plas Qn
44754-0,HDV Ag Ser Ql IA
44755-7,HDV Ag Ser IA-aCnc
4476-8,C1INH Functional SerPl-mCnc
44764-9,Biliary anastomosis procedure
4477-6,C1INH SerPl-mCnc
4478-4,C1q SerPl-mCnc
44783-9,Sodium (Study max) SerPl-sCnc
44789-6,Amylase & Creatinine clearance panel
4479-2,C1q Ag SerPl-sCnc
44792-0,Immunoglobulin light chains panel
44793-8,Immunoglobulin light chains panel
44795-3,FLUAV H5 Asian RNA Spec Ql NAA+probe
4480-0,Deprecated C1q binding Ser Qn
4481-8,C1r SerPl-mCnc
44813-4,HCV C22p Ab Ser Ql IB
44826-6,HDV IgM Ser IA-aCnc
4483-4,C1s SerPl-mCnc
44830-8,Phosphorylase Bld-cCnc
44831-6,HCV c100p+5-1-1 Ab Ser Ql
44835-7,ACP TRAP Bld Ql
4484-2,C2 SerPl-mCnc
44843-1,Bacteria Spec Anaerobe Cult org #2
44847-2,Bacteria Ur Cult org #7
44849-8,Bacteria Ur Cult org #8
4485-9,C3 SerPl-mCnc
4486-7,C3 Frg RBC Ql
44867-0,Iron Fld Ql Other Stn
4487-5,C3 Frg RBC-mCnc
44871-2,HIV 1 pro DNA Bld Ql NAA+probe
44872-0,HIV1 p24 Ag SerPl Donr Ql IA
44873-8,HIV1+2 Ab Ser Ql IB
44876-1,FLUAV Ab CSF Ql
44877-9,IDDM Patient Ql
4488-3,C3a SerPl-mCnc
4489-1,C3b SerPl-mCnc
4490-9,C3b-C4b Recep EntNum RBC
44908-2,HVA & Creat Ur-Imp
4491-7,C3c SerPl-mCnc
44912-4,Beta2+Gamma Glob MFr SerPl Elph
44914-0,B+G-Globulin MFr SerPl Elph
44915-7,LDLc/HDLc SerPl-sRto
44916-5,Cortis pre chal SerPl-sCnc
44917-3,Cortis p Dex SerPl-sCnc
4492-5,C3d EntNum RBC
44920-7,Hgb C MFr Bld HPLC
44921-5,Hgb D MFr Bld HPLC
44922-3,Hgb E MFr Bld HPLC
44923-1,Hgb S MFr Bld HPLC
44925-6,Prolactin 1h p TRH IV SerPl-aCnc
44926-4,Prolactin 1.5h p TRH IV SerPl-aCnc
44927-2,Prolactin 30M p TRH IV SerPl-aCnc
44928-0,Prolactin 15M pre TRH IV SerPl-aCnc
44929-8,Prolactin 15M p TRH IV SerPl-aCnc
4493-3,Deprecated C3d+G Plas-aCnc
44930-6,Prolactin 2h p TRH IV SerPl-aCnc
44931-4,Prolactin pre TRH IV SerPl-aCnc
44932-2,M Protein 2 MFr SerPl Elph
44938-9,HDV IgM Ser Ql IA
4494-1,Deprecated C3d+G Plas-mCnc
4495-8,Deprecated C3d+G Plas-sCnc
4497-4,Deprecated C3PA Ser Qn
4498-2,C4 SerPl-mCnc
4499-0,Deprecated C4 activated Ser Qn
4500-5,C4 CH50 CSF-mCnc
45008-0,C trach Ab Ser Ql CF
4501-3,C4a Plas-mCnc
4502-1,C4b BP SerPl-aCnc
4503-9,C4b BP SerPl-mCnc
4504-7,C4d EntNum RBC
45047-8,Cortis 12 AM SerPl-sCnc
45048-6,Cortis 12 PM SerPl-sCnc
45049-4,Cortis 4 PM SerPl-sCnc
4505-4,C5 SerPl-mCnc
45050-2,Cortis 8 AM SerPl-sCnc
45051-0,Cortis 8 PM SerPl-sCnc
45052-8,Glucose 12 AM SerPl-sCnc
45053-6,Glucose 8 AM SerPl-sCnc
45054-4,Glucose 12 PM SerPl-sCnc
45055-1,Glucose 4 PM SerPl-sCnc
45056-9,Glucose 8 PM SerPl-sCnc
4506-2,C5a Plas-mCnc
45060-1,Protein & Glucose panel
4507-0,C6 SerPl-mCnc
4508-8,C7 SerPl-mCnc
45089-0,C trach rRNA Anal Ql Probe
4509-6,C8 SerPl-mCnc
4510-4,C9 SerPl-mCnc
45105-4,Chlamydia Ag Anal Ql
4511-2,CH50 Fld-aCnc
45118-7,VSIV Ag Spec Ql CF
4512-0,Deprecated CH50 Ser Qn
45121-1,COCV Ag Spec Ql CF
45125-2,VSAV Ag Spec Ql CF
45128-6,VSNJV Ag Spec Ql CF
4514-6,Comp DAF EntNum RBC
4515-3,Deprecated Comp Fact B Plas-mCnc
45150-0,Neutrophil Ab Ser IA-aCnc
45151-8,ANCA Ab Ser IA-aCnc
45156-7,Rheumatoid fact Fld Ql LA
45159-1,HBV & HDV Ab Ser-Imp
4516-1,Comp Fact Ba SerPl-mCnc
45161-7,HBV DNA SerPl NAA+probe-Log#
45163-3,A alternata Ab Ql
4517-9,Comp Fact Bb SerPl-mCnc
45175-7,HIV NRTI gene Mut Det Islt
45176-5,HIV NNRTI gene Mut Det Islt
45177-3,HG IgG NCF Ser Ql IF
45179-9,HG IgG CF Ser Ql IF
4518-7,Comp Fact D SerPl-mCnc
45182-3,HIV Phenotyp Islt
45184-9,11DC/Cortis SerPl
4519-5,Comp Fact H SerPl-mCnc
4520-3,Comp Fact I SerPl-mCnc
45204-5,Glucose sp3 p chal Ur Strip-mCnc
45205-2,Glucose sp4 p chal Ur Strip-mCnc
45206-0,Glucose sp5 p chal Ur Strip-mCnc
45208-6,Hgb A Bld Ql Elph
4521-1,Comp Fact P Plas-mCnc
45212-8,HIV 2 p31+p34 Ab Ser Ql IB
4522-9,iC3 Plas-mCnc
45225-0,Panc Islet Cell CF Ab Titr Ser IF
4523-7,iC3b Recep EntNum WBC
45230-0,District where patient entered HIV Rx
45231-8,HIV Rx prior to enrollment
45232-6,Reason medically eligible for HIV Rx
45233-4,WHO HIV stage
45234-2,Date eligible & selected to start HIV Rx
45235-9,Date original clinic HIV Rx start
45236-7,HIV Rx cohort
45237-5,Date lost to HIV Rx follow-up
45238-3,Date lost to HIV Rx therapy
45239-1,Current HIV Rx duration
45244-1,% HIV ART Rx dose taken/presc
45247-4,Reason for missing HIV Rx schedule
45250-8,HIV confirmation facility Add
45251-6,HIV confirmation facility
45252-4,Inst entry point HIV Rx
45253-2,HIV Rx prior clinic transferred from Add
45254-0,HIV Rx prior clinic
45255-7,HIV Rx clinic transferred to Add
45256-5,HIV Rx clinic transferred to
45257-3,Date dropped from HIV Rx
45258-1,#% HIV ART Rx dose taken/pres MEMS cap
45259-9,% HIV ART Rx fills/Ideal
4526-0,Deprecated Complement protein Plas Qn
45260-7,HIV ART Rx
45261-5,HIV ART Rx doses missed yesterday
45262-3,HIV ART Rx doses missed 2 days ago
45263-1,HIV ART Rx doses missed 3 days ago
45264-9,HIV ART Rx doses missed 4 days ago
4527-8,Deprecated Complement receptor 1 WBC
45275-5,Bacteria Bld Aerobe Cult 25 Deg
45276-3,Bacteria Bld Anaerobe Cult 25 Deg
45279-7,FLUAV+FLUBV Ab Fld Ql
4528-6,Deprecated Complement receptor 2 WBC
4529-4,Deprecated Complement receptor 3 WBC
45296-1,Cortis Pre Dex SerPl-sCnc
45297-9,Glucose 24h Dial fld-sCnc
4530-2,Deprecated Complement receptor 4 WBC
4531-0,Total Hem Comp Bld-aCnc
45316-7,Hexacarboxylate/Creat Ur-sRto
45317-5,Pentacarboxylate/Creat Ur-sRto
45319-1,Uropor/Creat Ur-sRto
4532-8,CH50 SerPl-aCnc
4533-6,Comp+Ig RBC-aCnc
45338-1,Proinsulin/Insulin SerPl-Rto
4534-4,CyanmetHgb MFr Bld
45353-0,Date Of Analysis Spec
4536-9,DO-Hgb MFr Bld
45360-5,LPT 0.125 Ug PW Bld-nRate
45361-3,LPT 0.25 ug PW Bld-nRate
45362-1,LPT 0.50 ug PW Bld-nRate
45363-9,LPT 1.0 ug PHA Bld-nRate
45364-7,LPT 1.0 ug PW Bld-aCnc
45365-4,LPT 10 ug CA Bld-nRate
45366-2,LPT 2.0 ug PHA Bld-nRate
45367-0,LPT 20 ug CA Bld-nRate
45368-8,LPT 5 ug CA Bld-nRate
45369-6,LPT 0.5 ug PHA Bld-nRate
4537-7,Erythrocyte Sed Rat Bld Westrgrn
45372-0,BP sys/dias--p phlebotomy
45379-5,Eosinophil Stl Ql Micro
4538-5,Erythrocyte Sed Rat Bld Wintrobe
45380-3,Baso Stipl Fine Bld Ql Smear
45381-1,Baso Stipl coarse Bld Ql Smear
45388-6,Ca Phos Cry #/area UrnS LPF
45389-4,Ca Carbonate Cry #/area UrnS LPF
4539-3,Erythrocyte Sed Rat Bld Zeta
4540-1,Deprecated Ethanol gelation Ser Qn
4542-7,Haptoglob SerPl-mCnc
4543-5,Haptoglob SerPl Elph-mCnc
4544-3,Hct VFr Bld Auto
4545-0,Hct VFr Bld Spun
4546-8,Hgb A MFr Bld
4547-6,Hgb A1 MFr Bld
4548-4,HbA1c MFr Bld
4549-2,HbA1c MFr Bld Elph
45492-6,Periods of altered perception or awareness of surroundings
4550-0,Hgb A2 Bld Column Chrom-sCnc
4551-8,Hgb A2 MFr Bld
4552-6,Hgb A2 MFr Bld Elph
4553-4,Hgb A2 MFr Bld Elph Acid
4554-2,Hgb A2 MFr Bld Elph Alk
4555-9,Hgb A3 MFr Bld
45559-2,Alterability of wandering
4556-7,Hgb Abruz Bld Ql Elph Acid
45561-8,Alterability of verbally abusive behavioral symptoms
45563-4,Alterability of physically abusive behavioral symptoms
45565-9,Alterability of socially inappropriate or disruptive behavioral symptoms
45567-5,Alterability of resists care
4557-5,Hgb Abruz Bld Ql Elph Alk
4558-3,Hgb Barts Bld Ql Elph Acid
4559-1,Hgb Barts Bld Ql Elph Alk
4560-9,Hgb Bethes Bld Ql
4561-7,Hgb C MFr Bld Elph Acid
4562-5,Hgb C MFr Bld Elph Alk
45623-6,Fecal impaction
4563-3,Hgb C MFr Bld
4564-1,Hgb C-Harlem Bld Ql
4565-8,Hgb Chesap Bld Ql Elph Acid
4566-6,Hgb Chesap Bld Ql Elph Alk
45669-9,Asthma
4567-4,Hgb CSp Bld Ql Elph Acid
4568-2,Hgb CSp Bld Ql Elph Alk
45683-0,HIV infection
4569-0,Hgb D MFr Bld
45690-5,Viral hepatitis
4570-8,Hgb D-Punjab Bld Ql Elph Acid
4571-6,Hgb D-Punjab Bld Elph Alk-aCnc
4572-4,Hgb Denver Bld Ql
4573-2,Hgb E MFr Bld Elph Acid
4574-0,Hgb E MFr Bld Elph Alk
45743-2,Mechanically altered diet
4575-7,Hgb E MFr Bld
4576-5,Hgb F MFr Bld
4577-3,Hgb F-Texas Bld Ql Elph Acid
4578-1,Hgb F-Texas Bld Elph Alk-aCnc
4579-9,Hgb F Bld Ql
4580-7,Hgb F1 MFr Bld
4581-5,Hgb G-Coush Bld Ql Elph Acid
4582-3,Hgb G-Coush Bld Elph Alk-aCnc
4583-1,Hgb G-Georg Bld Ql Elph Acid
4584-9,Hgb G-Georg Bld Ql Elph Alk
4585-6,Hgb G-Philad Bld Ql Elph Acid
4586-4,Hgb G-Philad Bld Ql Elph Alk
4587-2,Hgb H MFr Bld Elph
4588-0,Hgb H MFr Bld
4589-8,Hgb Hashar Bld Ql Elph Acid
4590-6,Hgb Hashar Bld Ql Elph Alk
4591-4,Hgb Hope Bld Ql Elph Acid
4592-2,Hgb Hope Bld Ql Elph Alk
4593-0,Hgb I Bld Ql Elph Acid
4594-8,Hgb I Bld Ql Elph Alk
4595-5,Hgb J-Balt Bld Ql Elph Acid
45953-7,Influenza virus vaccine received in facility
45954-5,Reason influenza virus vaccine not received
4596-3,Hgb J-Balt Bld Ql Elph Alk
4597-1,Hgb J-Cape Bld Ql
4598-9,Hgb J-Oxf Bld Ql Elph Acid
4599-7,Hgb J-Oxf Bld Ql Elph Alk
4600-3,Hgb Kansas Bld Ql
4601-1,Hgb Kempsey Bld Ql Elph Acid
4602-9,Hgb Kempsey Bld Ql Elph Alk
4603-7,Hgb Koln Bld Ql
4604-5,Hgb Lepore Bld Ql Elph Acid
4605-2,Hgb Lepore Bld Ql Elph Alk
4606-0,Hgb M-Boston Bld Ql
4607-8,Hgb M-Hyde Park Bld Ql
46077-4,Influenza vaccine
4608-6,Hgb M-Iwate Bld Ql
46082-4,FLUAV Ag Nph Ql IA
46083-2,FLUBV Ag Nph Ql IA
46084-0,BJ Protein 24h Ur-mRate
4609-4,Hgb M-Milw Bld Ql
46093-1,Ca-I Dial fld-sCnc
46095-6,Anabolic Steroids SerPl-sCnc
46099-8,Calcium Album cor SerPl-mCnc
4610-2,Hgb M-Sask Bld Ql
4611-0,Hgb Malmo Bld Ql Elph Acid
4612-8,Hgb Malmo Bld Ql Elph Alk
46127-7,Haptoglob SerPl Neph-mCnc
4613-6,Hgb N-Balt Bld Ql Elph Acid
46131-9,C diff Tox B Stl Ql CT Tiss Cult
46132-7,GAG/Creat Ur-Rto
46137-6,Tri-Phos Cry #/area UrnS HPF
4614-4,Hgb N-Balt Bld Ql Elph Alk
4615-1,Hgb N-Seattle Bld Ql Elph Acid
4616-9,Hgb N-Seattle Bld Ql Elph Alk
4617-7,Hgb O-Arab Bld Ql Elph Acid
4618-5,Hgb O-Arab Bld Ql Elph Alk
4619-3,Hgb Ranier Bld Ql
4620-1,Deprecated Hgb S Fr Bld
46205-1,S pneum IgG Ser-mCnc
4621-9,Hgb S Bld Ql
46217-6,M TB IFN-g CD4+ T-cells Bld-aCnc
4622-7,Hgb S Bld Ql Elph Acid
46221-8,Glucose 2h spec Dial fld-sCnc
46222-6,Glucose 4h spec Dial fld-sCnc
46223-4,Glucose Overnight Dial fld-sCnc
4623-5,Hgb S Bld Ql Elph Alk
46237-4,Lymphs Kappa/lymph NFr Mar
46238-2,Lymphs Kappa/lymph NFr Fld
4624-3,Deprecated Hgb S Bld Ql
4625-0,Hgb S MFr Bld
4626-8,Hgb Yakima Bld Ql
46268-9,ABO + Rh p transf rx Bld BPU
4627-6,Hgb Yoshiz Bld Ql
46270-5,ABO Group p transf rx Bld
46276-2,Rh p transf rx Bld
4628-4,Hgb Ypsilan Bld Ql
4629-2,Hgb Zurich Bld Ql Elph Acid
4630-0,Hgb Zurich Bld Ql Elph Alk
4631-8,Hgb F Stl Ql Apt-Downey
4632-6,Hgb F Bld Ql Alk Denat
4633-4,Hgb F MFr Bld Kleih Betke
4634-2,Deprecated HgB RBC Kleih Betke
4635-9,Hgb Free Ser-mCnc
4636-7,Hgb Free Ur-mCnc
4637-5,Deprecated Hgb.glycated Bld Qn
4638-3,Hgb TL MFr RBC
4639-1,Hgb Unstab RBC Ql
46397-6,Cortis 15M p 1 ug/kg CRH IV SerPl-mCnc
46398-4,Cortis 1.5h p 1 ug/kg CRH IV SerPl-mCnc
46399-2,Cortis 2h p 1 ug/kg CRH IV SerPl-mCnc
46403-2,Cortis 2h p Ins IV SerPl-mCnc
46404-0,GH 2h p Ins IV SerPl-mCnc
46416-4,Cortis 8h p 8 mg Dex SerPl-mCnc
46417-2,PT BldC
46418-0,INR BldC
46423-0,HDW Bld-mCnc
46435-4,RF+cCP IgG Ser-Imp
46437-0,Rheumatoid factor & Cyclic citrullinated peptide Ab.IgG panel
4662-3,Lymphs+Monos NFr Bld
4667-2,OF NFr RBC
46701-9,ATP RBC-sCnc
46727-4,Deprecated Prolactin.monomeric SerPl-mCn
46740-7,Hemoglobin disorders DBS-Imp
46760-5,Other Hemoglobinopathies DBS-Imp
46766-2,Hemoglobin SC Disease DBS-Imp
46767-0,Hb S/bTh DBS-Imp
4679-7,Retics/RBC NFr
4685-4,SulfHgb MFr Bld
46965-0,MCOLN1 gene Mut Anl Bld/T
46978-3,Salicylates SerPl Cfm-mCnc
46983-3,Ethanol Ur Cfm-mCnc
46984-1,LDL2 SerPl-mCnc
46985-8,LDL3 SerPl-mCnc
46986-6,VLDL3c SerPl-mCnc
46989-0,CFTR Mut Anl Amn
46992-4,DYS gene Mut Anl Bld/T
47029-4,HIV 2 Ab CSF Ql IB
47092-2,BNP SerPl-sCnc
47095-5,APAP Gast-sCnc
47102-9,Copper RBC-sCnc
47107-8,Ethanol Gast-sCnc
47109-4,Gentamicin SerPl-sCnc
47128-4,Salicylates Gast-sCnc
47130-0,Thallium RBC-sCnc
47181-3,Progest 1.5h p chal SerPl-sCnc
47182-1,Progest sp10 p chal SerPl-sCnc
47183-9,Progest 15M p chal SerPl-sCnc
47184-7,Progest 1h p chal SerPl-sCnc
47185-4,Progest 2h p chal SerPl-sCnc
47186-2,Progest 30M p chal SerPl-sCnc
47187-0,Progest 45M p chal SerPl-sCnc
47188-8,Progest sp5 p chal SerPl-sCnc
47189-6,Progest BS SerPl-sCnc
47191-2,T3 sp2 p chal SerPl-sCnc
47192-0,T3 sp3 p chal SerPl-sCnc
47193-8,T3 sp4 p chal SerPl-sCnc
47194-6,T3 sp5 p chal SerPl-sCnc
47195-3,T3 sp6 p chal SerPl-sCnc
47196-1,T3 sp7 p chal SerPl-sCnc
47197-9,T3 sp8 p chal SerPl-sCnc
47200-1,Methionine+Homocysteine Dose
47210-0,Trigl p fast SerPl-sCnc
47213-4,LDLc real size Pat SerPl
47215-9,LDL med SerPl Qn
47216-7,HBV DNA # SerPl NAA DL=200
47218-3,VLDL3+4c SerPl-mCnc
47219-1,VLDL5+6c SerPl-mCnc
47220-9,HDL4+5c SerPl-mCnc
47221-7,HDL1+2c SerPl-mCnc
47225-8,Bilirub Amn-Imp
47228-2,NonHDLc SerPl
47232-4,FLUAV Ab sp1 Ser Ql
47233-2,FLUAV Ab sp2 Ser Ql
47239-9,Reason for stopping HIV Rx
47240-7,Date eligible to start HIV Rx
47241-5,Date eligible & ready to start HIV Rx
47242-3,Med/other side effects assoc with HIV Rx
47243-1,Severity of side effect to HIV Rx
47244-9,"Symptom, Dx, or infect related to HIV Rx"
47245-6,HIV Rx Form
47246-4,Demographic information section
47247-2,OP encounter-level info section
47248-0,Antiretroviral therapy status section
47249-8,HIV care & family status section
47252-2,HCV RNA SerPl NAA+probe-Log#
47274-6,S100 Ca binding protein B CSF-mCnc
47275-3,S100 Ca binding protein B Ser-mCnc
47276-1,SC5b9 Ab SerPl Ql
47312-4,FLUAV IgM Ser IA-aCnc
47313-2,FLUAV IgG Ser IA-aCnc
47314-0,FLUBV IgG Ser IA-aCnc
47315-7,FLUBV IgM Ser IA-aCnc
47323-1,Deprecated S pneum17 IgG Ser IA-mCnc
47327-2,Deprecated S pneum2 IgG Ser IA-mCnc
47331-4,Deprecated S pneum20 IgG Ser IA-mCnc
47335-5,Deprecated S pneum22 IgG Ser IA-mCnc
47339-7,Deprecated S pneum34 IgG Ser IA-mCnc
47342-1,Deprecated S pneum43 IgG Ser IA-mCnc
47358-7,HBV core Ab Ser Donr Ql IA
47359-5,HIV1 RNA SerPl Donr Ql Probe amp
47364-5,HBV surface Ag Ser Donr Ql IA
47365-2,HCV Ab Ser Donr Ql IA
47397-5,BCS1L gene Mut Anl Bld/T
47418-9,Lipase Plr-cCnc
47440-3,HBV core Ab Ser Donr Ql
47441-1,HCV Ab Ser Donr Ql
47443-7,FLUAV Ab Egg Yolk Ql
47444-5,FLUAV H1 Ab Titr Ser
47445-2,FLUAV H10 Ab Titr Ser
47446-0,FLUAV H11 Ab Titr Ser
47447-8,FLUAV H12 Ab Titr Ser
47448-6,FLUAV H13 Ab Titr Ser
47449-4,FLUAV H14 Ab Titr Ser
47450-2,FLUAV H15 Ab Titr Ser
47451-0,FLUAV H2 Ab Titr Ser
47452-8,FLUAV H3 Ab Titr Ser
47453-6,FLUAV H4 Ab Titr Ser
47454-4,FLUAV H5 Ab Titr Ser
47455-1,FLUAV H6 Ab Titr Ser
47456-9,FLUAV H7 Ab Titr Ser
47457-7,FLUAV H8 Ab Titr Ser
47458-5,FLUAV H9 Ab Titr Ser
47481-7,Deprecated S pneum 1 IgG sp1 Ser-mCnc
47482-5,Deprecated S pneum 1 IgG sp2 Ser-mCnc
47483-3,Deprecated S pneum14 IgG sp1 Ser-mCnc
47484-1,Deprecated S pneum14 IgG sp2 Ser-mCnc
47486-6,Deprecated S pneum17 IgG sp2 Ser-mCnc
47487-4,Deprecated S pneum2 IgG sp1 Ser-mCnc
47488-2,Deprecated S pneum2 IgG sp2 Ser-mCnc
47489-0,Deprecated S pneum20 IgG sp1 Ser-mCnc
47492-4,Deprecated S pneum22 IgG sp2 Ser-mCnc
47493-2,Deprecated S pneum3 IgG sp1 Ser-mCnc
47494-0,Deprecated S pneum3 IgG sp2 Ser-mCnc
47497-3,Deprecated S pneum43 IgG sp1 Ser-mCnc
47498-1,Deprecated S pneum43 IgG sp2 Ser-mCnc
47499-9,Deprecated S pneum5 IgG sp1 Ser-mCnc
47500-4,Deprecated S pneum5 IgG sp2 Ser-mCnc
47505-3,Deprecated S pneum6 IgG Ser-mCnc
47549-1,Adenosine deaminase RBC-cCnt
47558-2,Microalbumin 24h MFr Ur
47579-8,HCO3 24h Ur-sRate
47580-6,HCO3 24h Ur-sCnc
47582-2,Biopterin/Creat Ur-sRto
47583-0,C peptide 1.5h p Glc SerPl-sCnc
47584-8,C peptide 10M p Glc SerPl-sCnc
47585-5,C peptide 15M p Glc SerPl-sCnc
47586-3,C peptide 1h p Glc SerPl-sCnc
47587-1,C peptide 1M p Glc SerPl-sCnc
47588-9,C peptide 2h p Glc SerPl-sCnc
47589-7,C peptide 30M p Glc SerPl-sCnc
47590-5,C peptide 3h p Glc SerPl-sCnc
47591-3,C peptide 3M p Glc SerPl-sCnc
47592-1,C peptide 5M p Glc SerPl-sCnc
47593-9,C peptide 5M pre Glc SerPl-sCnc
47594-7,C peptide pre Gc SerPl-sCnc
47595-4,C peptide pre Glc SerPl-sCnc
47596-2,Ca-I Bld ISE-sCnc
47597-0,Calcium TP cor Bld-sCnc
47598-8,Ca-I adj pH7.4 Bld-sCnc
47604-4,Cortis 1.5h p 1 ug/kg CRH IV SerPl-sCnc
47605-1,Cortis 15M p 1 ug/kg CRH IV SerPl-sCnc
47606-9,Cortis 1h p 1 ug/kg CRH IV SerPl-sCnc
47607-7,Cortis 30M p 1 ug/kg CRH IV SerPl-sCnc
47608-5,Cortis Pre ACTH SerPl-sCnc
47609-3,Cortis pre 1 ug/kg CRH IV SerPl-sCnc
47610-1,Creat Stl-sCnc
47612-7,Cystatin C Ur-mCnc
47616-8,Estradiol 1h p ACTH SerPl-mCnc
47617-6,Estradiol Pre ACTH SerPl-mCnc
47620-0,Glucose Stl-sCnc
47621-8,Glucose IV Dose
47622-6,Glucose pre Glc SerPl-sCnc
47631-7,GSS RBC-sCnt
47632-5,Glycerol/Creat Ur-sRto
47640-8,Hct VFr Dial fld Calc
47650-7,Homogentisate/Creat Ur-sRto
47653-1,Insulin 10M p Gc SerPl-aCnc
47654-9,Insulin 10M p Glc SerPl-aCnc
47655-6,Insulin 15M p Gc SerPl-aCnc
47656-4,Insulin 1M p Glc SerPl-aCnc
47657-2,Insulin 1h p Glc SerPl-aCnc
47658-0,Insulin 1.5h p Glc SerPl-aCnc
47659-8,Insulin 2h p Glc SerPl-aCnc
47660-6,Insulin 2.5h p Glc SerPl-aCnc
47661-4,Insulin 20M p Glc SerPl-aCnc
47662-2,Insulin 3h p Glc SerPl-aCnc
47663-0,Insulin 30M p Glc SerPl-aCnc
47664-8,Insulin 3M p Glc SerPl-aCnc
47665-5,Insulin 5M p Glc SerPl-aCnc
47666-3,Insulin 5M pre Glc SerPl-aCnc
47667-1,Insulin 6M p Gc SerPl-aCnc
47668-9,Insulin pre Glc SerPl-aCnc
47669-7,Insulin pre Gc SerPl-aCnc
47670-5,Insulin pre-meal SerPl-aCnc
47678-8,LDH 24h Ur-cCnc
47696-0,Malonate/Creat Ur-sRto
47697-8,Mandelate/Creat Ur-sRto
47698-6,Mannitol/Creat Ur-sRto
47711-7,Neopterin/Creat Ur-sRto
47717-4,PTH-Intact 2h p Ca SerPl-mCnc
47718-2,PTH-Intact 4h p Ca SerPl-mCnc
47719-0,PTH-Intact pre Ca SerPl-mCnc
47720-8,pH temp adj BldCo
47727-3,Pipecolate/Creat Ur-sRto
47729-9,Prolactin 1.5h p TRH IV SerPl-mCnc
47730-7,Prolactin 15M p TRH IV SerPl-mCnc
47731-5,Prolactin 2h p TRH IV SerPl-mCnc
47740-6,PNP RBC-cCnt
47753-9,GH 1.5h p Ins IV SerPl-aCnc
47759-6,GH 15M p Ins IV SerPl-aCnc
47762-0,GH 1h p Ins IV SerPl-aCnc
47766-1,GH 2h p Ins IV SerPl-aCnc
47770-3,GH 30M p Ins IV SerPl-aCnc
47773-7,GH 45M p Ins IV SerPl-aCnc
47776-0,GH Pre Glc PO SerPl-aCnc
47777-8,GH pre Ins IV SerPl-aCnc
47827-1,Adenosyl homocysteine hydrolase RBC-cCnt
47829-7,Arabitol/Creat Ur-sRto
47832-1,C peptide 4M p 1 mg Gc SerPl-sCnc
47833-9,C peptide 6M p Gc SerPl-sCnc
47834-7,C peptide 8M p Gc SerPl-sCnc
47844-6,Cortis p 1 mg Dex SerPl-mCnc
47845-3,Cortis p 1 mg Dex SerPl-sCnc
47846-1,Cortis p 2 mg Dex high SerPl-mCnc
47847-9,Cortis p 2 mg Dex high SerPl-sCnc
47848-7,Cortis p 500 ug Dex SerPl-mCnc
47849-5,Cortis p 500 ug Dex SerPl-sCnc
47850-3,Cortis p ACTH SerPl-mCnc
47851-1,Cortis p Dex SerPl-mCnc
47853-7,Diphosphoglycerate phosphatase RBC-cCnt
47857-8,Galactitol/Creat Ur-sRto
47859-4,Glucose 5M p Glc SerPl-sCnc
47862-8,Insulin p meal SerPl-aCnc
47863-6,LDH 24h Ur-cRate
47866-9,PRPS RBC-cCnt
47868-5,Prolactin 1.5h p MCP SerPl-aCnc
47869-3,Prolactin 1h p MCP SerPl-aCnc
47870-1,Prolactin 2.5h p TRH IV SerPl-mCnc
47871-9,Prolactin 30M p MCP SerPl-aCnc
47872-7,Prolactin pre MCP SerPl-aCnc
47885-9,GH 1.5h p Arg+Ins SerPl-aCnc
47888-3,GH 1.75h p Arg+Ins SerPl-aCnc
47890-9,GH 15M p Arg+Ins SerPl-aCnc
47898-2,GH 2.25h p Arg+Ins SerPl-aCnc
47901-4,GH 2h p Arg+Ins SerPl-aCnc
47909-7,GH 30M p Arg+Ins SerPl-aCnc
47919-6,GH 45M p Arg+Ins SerPl-aCnc
47925-3,GH 5M p Arg+Ins SerPl-aCnc
47933-7,GH pre dose Arg+Ins SerPl-aCnc
47940-2,Testost 12h p 5000 U HCG IM SerPl-mCnc
47941-0,Testost 1h p ACTH SerPl-mCnc
47942-8,Testost 1D p 5000 U HCG IM SerPl-mCnc
47943-6,Testost 2D p 5000 U HCG IM SerPl-mCnc
47944-4,Testost 4h p 5000 U HCG IM SerPl-mCnc
47945-1,Testost 3D p 5000 U HCG IM SerPl-mCnc
47946-9,Testost Pre ACTH SerPl-mCnc
47956-8,CNR1 gene Mut Anl Bld/T
47964-2,MVK gene Mut Anl Bld/T
47966-7,NCF2 gene Mut Anl Bld/T
47970-9,SGCB gene Mut Anl Bld/T
47971-7,SGSH gene Mut Anl Bld/T
47988-1,Progest sp6 p chal SerPl-sCnc
47989-9,Progest sp7 p chal SerPl-sCnc
47990-7,Progest sp8 p chal SerPl-sCnc
47991-5,Progest sp9 p chal SerPl-sCnc
47994-9,Bilirub BldCo-sCnc
47995-6,Glucose BldCo-sCnc
47996-4,Adenosine deaminase BP Ur-aCnc
48007-9,Genetic variant allelic state Bld/T
48023-6,HIV 1 pro DNA SerPl Ql NAA+probe
48035-0,Hgb CSF Ql
48036-8,Glucose Stl-mCnc
48045-9,Magnesium CtO Stl-mCnt
48046-7,Phosphate CtO Stl-mCnt
48047-5,Hgb Vom gastro Ql
48048-3,Neutrophils Nose Ql Wright Stn
48049-1,Eosinophil Stl Ql Wright Stn
48050-9,Neutrophils Stl Ql Wright Stn
48058-2,D Dimer PPP IA.DDU-mCnc
48065-7,D Dimer PPP FEU-mCnc
48066-5,D Dimer PPP DDU-mCnc
48067-3,D Dimer PPP IA.FEU-mCnc
48070-7,HBV surface IgG Ser Ql IA
48071-5,CH50 Titr SerPl
48074-9,GH 2.5h p Arg+Ins SerPl-aCnc
48089-7,Cholest/Apo B SerPl-sRto
48090-5,HDLc/HDLc+VLDLc SerPl-sRto
48098-8,Cortis 12 AM SerPl-mCnc
48099-6,Cortis 12 PM SerPl-mCnc
48100-2,Cortis 15M pre 1 ug/kg CRH IV SerPl-mCnc
48101-0,Cortis 15M pre 1 ug/kg CRH IV SerPl-sCnc
48102-8,Cortis 4 AM specimen SerPl-mCnc
48103-6,Cortis 4 AM specimen SerPl-sCnc
48104-4,Cortis 8 AM SerPl-mCnc
48105-1,Cortis 8 PM SerPl-mCnc
48107-7,Erythritol/Creat Ur-sRto
48109-3,Glucose 15M pre glc SerPl-sCnc
48112-7,GSH RBC-aCnt
48113-5,Heptadecenoate/Creat Ur-sRto
48114-3,Hexadecanedioate/Creat Ur-sRto
48115-0,Hcys.free/Creat Ur-sRto
48116-8,Insulin 10M pre Glc SerPl-aCnc
48120-0,Prolactin 15M pre TRH IV SerPl-mCnc
48123-4,GH 15M pre Arg+Ins SerPl-aCnc
48125-9,GH 15M pre Ins IV SerPl-aCnc
48128-3,GH 1h p Arg+Ins SerPl-aCnc
48141-6,Ferritin RBC Qn
48143-2,LDL.oxidized Ab Ser-aCnc
48147-3,Oligosaccharide/Creat Ur-sRto
48157-2,Thymine/Creat Ur-sRto
48158-0,Vanillate/Creat Ur-sRto
48159-8,HCV Ab s/co SerPl IA
48161-4,PROS1 gene Mut Anl Bld/T
48166-3,B2 Microglob Fld-mCnc
48186-1,Amylase LR-mCnc
48227-3,HAS LR-mCnc
48228-1,BSA LR-mCnc
48239-8,A alternata LR-mCnc
48277-8,APAP LR-mCnc
48289-3,Sodium benzoate LR-mCnc
48290-1,Sodium nitrite LR-mCnc
48291-9,K metabisulfite LR-mCnc
48292-7,Sodium salicylate LR-mCnc
48310-7,FLUAV Spec Ql Cult
48342-0,Alcohol.XXX SerPl-sCnc
48343-8,Hgb Other MFr Bld
48345-3,HIV 1+O+2 Ab SerPl Ql
48346-1,HIV 1+O+2 Ab SerPl-aCnc
48357-8,Testost Sal-sCnc
48386-7,Lg Platelets/Platelet NFr Bld Auto
48389-1,Macroprolactin/Prolactin SFr SerPl
48392-5,C immitis Ab Titr Fld CF
48395-8,Copro/Creat Ur-sRto
48398-2,HBV DNA SerPl NAA+probe-Log IU
48420-4,C3c Fld-mCnc
48425-3,Troponin T Bld-mCnc
48426-1,Troponin T Bld Ql
48494-9,C1INH Act/Nor SerPl
48496-4,CH50 Act/Nor SerPl
48509-4,FLUAV + FLUBV RNA Spec NAA+probe
48510-2,HIV1 RNA SerPl NAA DL=1.7-Log#
48511-0,HIV1 RNA # SerPl NAA DL=50
48548-2,Living with HIV (LIV-HIV) panel
48549-0,HIV-Signs and Symptoms Checklist (SSC) panel
48551-6,HIV1 RNA # SerPl NAA DL=400
48552-4,HIV1 RNA SerPl NAA DL=2.6-Log#
48558-1,HIV Gentyp Islt
48559-9,Deprecated HIV genotype Islt Genotyp
48574-8,HCV Gentyp Bld NAA+probe
48575-5,HCV Gentyp Spec NAA+probe
48576-3,HCV RNA Spec Ql Probe+sig amp
48584-7,NM ExG GE time p 100mg Na octanoate PO
48585-4,NM ExG GE time p 100mg Na acetate PO
48592-0,FSP Titr PPP LA
48598-7,BBS2 gene Mut Anl Bld/T
48599-5,CLCN1 gene Mut Anl Bld/T
48600-1,VPS13B gene Mut Anl Bld/T
48602-7,TGM1 gene Mut Anl Bld/T
48606-8,Glucose Pre fructose PO SerPl-mCnc
48615-9,Insulin.free & Insulin.total panel
48617-5,Phosphate p dialysis SerPl-mCnc
48618-3,VLDLc SerPl.Ultracent-mCnc
48619-1,Apo E1 Bld Ql
48620-9,Cholest SerPl.Ultracent-mCnc
48622-5,Urea nit 24h p PD Prt-mCnc
48623-3,Bilirub Direct BldCo-mCnc
48624-1,Bilirub BldCo-mCnc
48627-4,M Protein Ur-aCnc
48628-2,IGF BP3 Ur Ql
48629-0,BUN p dialysis BldV-mCnc
48631-6,HCO3 p dialysis Ser-sCnc
48635-7,LDLc A SerPl Ql
48636-5,LDLc BII SerPl Ql Elph
48637-3,LDLc BI SerPl Ql Elph
48639-9,BUN p dialysis BldP-mCnc
48641-5,Phosphate pre dial SerPl-mCnc
48650-6,HBV DNA # SerPl NAA DL=500
48659-7,Deprecated HBV preC codon 28 Ser PCR
48661-3,LPT 100 umol Be 5D Bld-Rto
48662-1,LPT PHA Bld-Rto
48664-7,Fibrinogen PPP Coag.derived-mCnc
48669-6,Albumin & Ig Quotient Ser+CSF-Imp
48677-9,Cancer Ag125 Tiss Ql ImStn
48683-7,Gp B Strep DNA Spec Ql NAA+probe
48703-3,Hct VFr Bld Est
48706-6,RMV Retic
48707-4,Hgb C Cry RBC Ql Micro
48710-8,Eosinophil Spec Ql Micro
48711-6,Hgb Free p transf rx Plas-mCnc
48724-9,Bacteria Bld Cult org #3
48725-6,Hgb pre therapeutic phlebotomy Bld-mCnc
48727-2,Bacteria Bld Cult org #2
48731-4,C4 SerPl Ql
48777-7,Kappa LC Free/Alb Ser+CSF
48788-4,Creat Cl DiafP+SerPl-vRate
48791-8,Urea nit Cl/1.73 sq M DiafP+SerPl-ArVRat
48796-7,Hepatitis C virus FibroSURE panel
48806-4,Salm+Shig+E coli ETEC Stl Cult
48810-6,Glucose 5h p 50 g Glu PO SerPl-mCnc
48814-8,vanA Islt/Spm Ql
48821-3,"t(12;21)(ETV6,RUNX1) Mar Ql"
48877-5,A phagocytoph IgG Titr Fld IF
48970-8,ELN gene Mut Anl Bld/T
48971-6,EYA1 gene Mut Anl Bld/T
48981-5,Anaplasma Spec Ql Micro
48984-9,Glucose 10M p Glc SerPl-mCnc
48985-6,Glucose 20M p Glc SerPl-mCnc
48986-4,Glucose 8 AM SerPl-mCnc
48988-0,Glucose 12 PM SerPl-mCnc
48989-8,Glucose 6 PM SerPl-mCnc
48990-6,Glucose 8 PM SerPl-mCnc
48991-4,Glucose 10 PM SerPl-mCnc
48992-2,Glucose 12 AM SerPl-mCnc
48993-0,Glucose 3 AM SerPl-mCnc
48994-8,Glucose 6 AM SerPl-mCnc
48996-3,Amylase P Fld-cCnc
48998-9,6PGD RBC-cCnt
49000-3,Hgb Free CSF Ql
49002-9,Albumin ?Tm Ur-mRate
49005-2,Calcium DiafP-sCnc
49006-0,Phosphate DiafP-sCnc
49007-8,Magnesium DiafP-sCnc
49012-8,FLUAV + FLUBV Spec Bioassay
49016-9,Streptococcus sp exoenzyme Ab Ser-aCnc
49023-5,Microalbumin ?Tm Ur-mRate
49026-8,LDL6 SerPl-mCnc
49027-6,LDL7 SerPl-mCnc
49029-2,Cortis F/Cortisone Free Ur
49039-1,Subtelomere analysis Bld/T FISH
49041-7,Testost SerPl DL<=1.0 ng/dL-mCnc
49042-5,Testost Free SerPl DL<=1.0 ng/dL-mCnc
49043-3,Testost Free MFr SerPl DL<=1.0 ng/dL
49045-8,PT & aPTT & Fibrinogen panel
49061-5,Hepatic iron index Liver-Rto
49071-4,BUN post/pre dialysis SerPl-mRto
49073-0,FLUAV IgG CSF-mCnc
49074-8,FLUAV IgA CSF-mCnc
49075-5,FLUAV IgM CSF-mCnc
49076-3,FLUBV IgA CSF-mCnc
49077-1,FLUBV IgG CSF-mCnc
49078-9,FLUBV IgM CSF-mCnc
49081-3,B2 Microglob Dial fld-mCnc
49110-0,Mycoplasma Ur Cult
49122-5,Anaplasma Spec Seq
49129-0,CK MiMi CFr SerPl
49130-8,HDLc SerPl Elph-mCnc
49131-6,Chylo MFr SerPl
49132-4,LDLc SerPl Elph-mCnc
49133-2,VLDLc SerPl Elph-mCnc
49134-0,Glucose 2h p Glc Bld-mCnc
49135-7,Fract excret Na Ur+SerPl-Rto
49136-5,CK MB SerPl-Rto
49137-3,Hgb Ur Strip-mCnc
49177-9,HBV surface IgG Ser Ql
49219-9,Galactose RBC-mCnc
49220-7,Prolactin SerPl 3rd IS-mCnc
49221-5,Catalase RBC-cCnt
49231-4,Cholinesterase RBC-cCnt
49243-9,ALP Isos SerPl-Imp
49251-2,Amylase Isos SerPl-Imp
49252-0,Stone Analysis-Imp
49255-3,Stone Analysis IR-Imp
49258-7,CK Isos SerPl Elph-Imp
49259-5,CK Isos SerPl-Imp
49264-5,Folate+Vit B12 SerBld-Imp
49266-0,G6PD Phenotyp RBC-Imp
49267-8,GR Phenotyp RBC-Imp
49270-2,BJ Protein Ur-Imp
49279-3,LDH Isos SerPl-Imp
49280-1,LP SerPl Elph-Imp
49281-9,LP SerPl-Imp
49299-1,Prot Pattern Ur Elph-Imp
49300-7,Prot Pattern Ur IFE-Imp
49301-5,Prot Pattern 24h Ur Elph-Imp
49308-0,ANCA Ab pattern Ser IF-Imp
49316-3,Hgb Fract Bld Elph-Imp
49317-1,Hgb Fract Bld-Imp
49322-1,Hgb Fract Bld HPLC-Imp
49323-9,Hgb Fract Bld Elph Citrate-Imp
49357-7,HBV DNA CSF NAA+probe-aCnc
49358-5,HBV DNA Mar NAA+probe-aCnc
49359-3,HBV DNA Mar NAA+probe-Log#
49360-1,HBV DNA Spec NAA+probe-aCnc
49361-9,HBV DNA Tiss NAA+probe-Log#
49362-7,HBV DNA # Spec NAA+probe
49363-5,HBV DNA # CSF NAA+probe
49364-3,HBV DNA # Mar NAA+probe
49365-0,HBV DNA # Tiss NAA+probe
49366-8,HBV DNA Spec NAA+probe-Log#
49367-6,HBV DNA CSF NAA+probe-Log#
49368-4,HBV DNA Tiss NAA+probe-aCnc
49369-2,HCV RNA # CSF NAA+probe
49370-0,HCV RNA # Mar NAA+probe
49371-8,HCV RNA # Tiss NAA+probe
49372-6,HCV RNA Spec NAA+probe-Log#
49373-4,HCV RNA CSF NAA+probe-Log#
49374-2,HCV RNA Mar NAA+probe-Log#
49375-9,HCV RNA Tiss NAA+probe-Log#
49376-7,HCV RNA Spec NAA+probe-aCnc
49377-5,HCV RNA CSF NAA+probe-aCnc
49378-3,HCV RNA Mar NAA+probe-aCnc
49379-1,HCV RNA Tiss NAA+probe-aCnc
49380-9,HCV RNA # Spec NAA+probe
49483-1,HIV1 SerPl IA-Imp
49484-9,Phe Bld Ql
49495-5,HBV surface Ab S SerPl
49500-2,Calcium Oxalate Dihydrate MFr Stone IR
49501-0,COM MFr Stone IR
49502-8,G6PD Bld Qn
49503-6,p-ANCA atypical Titr Ser IF
49518-4,Deprecated FLUV Ab Titr Ser
49519-2,FLUAV H16 Ab Titr Ser HAI
49520-0,FLUAV H1 RNA Islt Ql NAA+probe
49521-8,FLUAV H1 RNA Spec Ql NAA+probe
49522-6,FLUAV H3 Ag Islt Ql IF
49523-4,FLUAV H3 RNA Islt Ql NAA+probe
49524-2,FLUAV H3 RNA Spec Ql NAA+probe
49525-9,FLUAV H5 Ab Ser Ql
49526-7,FLUAV H5 RNA Islt Ql NAA+probe
49527-5,FLUAV H7 RNA Islt Ql NAA+probe
49528-3,FLUAV H9 RNA Spec Ql NAA+probe
49529-1,FLUAV Ag Islt Ql IF
49530-9,Deprecated FLUAV NA cDNA Islt Ql Amp/Seq
49531-7,FLUAV RNA Islt Ql NAA+probe
49532-5,FLUAV HA RNA Islt Seq
49533-3,FLUBV Ab Ser Ql IA
49534-1,FLUBV Ag Islt Ql IF
49535-8,FLUBV RNA Islt Ql NAA+probe
49536-6,FLUBV RNA Islt Seq
49537-4,FLUAV + FLUBV RNA Islt NAA+probe
49538-2,FLUV Spec Shell Vial Cult
49551-5,CK MB Bld-mCnc
49563-0,Troponin I SerPl DL<=0.01 ng/mL-mCnc
49573-9,HIV Gentyp Islt Nar
49580-4,HIV1+2 Ab Spec Ql IA.rapid
49596-0,URO-D RBC-aCnc
49600-0,HBV DNA Spec NAA+probe-Log IU
49601-8,HBV DNA CSF NAA+probe-Log IU
49602-6,HBV DNA Mar NAA+probe-Log IU
49603-4,HCV RNA CSF NAA+probe-Log IU
49604-2,HCV RNA Mar NAA+probe-Log IU
49605-9,HCV RNA Spec NAA+probe-Log IU
49606-7,HBV DNA Tiss NAA+probe-Log IU
49607-5,HCV Gentyp Tiss NAA+probe
49608-3,HCV RNA Tiss NAA+probe-Log IU
49610-9,S pyo DNA Spec NAA+probe
49624-0,VLDL1+2c SerPl-mCnc
49628-1,Remnant lipoprotein SerPl-mCnc
49633-1,Ethanolamine Ur Ql
49656-2,HIV protease gene mutations
49657-0,HIV nonnucleoside reverse transcriptase susceptibility panel
49658-8,HIV nucleoside reverse transcriptase susceptibility panel
49659-6,HIV reverse transcriptase susceptibility panel
49660-4,HIV susceptibility panel
49661-2,HIV protease gene mutations
49662-0,HIV nonnucleoside reverse transcriptase susceptibility panel
49663-8,HIV nucleoside reverse transcriptase susceptibility panel
49664-6,HIV reverse transcriptase susceptibility panel
49665-3,HIV susceptibility panel
49672-9,S pneum DNA Spec Ql NAA+probe
49673-7,LPT 100 umol Be 7D Bld-Rto
49674-5,LPT 10 umol Be 5D Bld-Rto
49675-2,LPT 10 umol Be 7D Bld-aCnc
49676-0,LPT 1 umol Be 5D Bld-Rto
49677-8,LPT 1 umol Be 7D Bld-Rto
49682-8,LPT PHA 3D Bld-Rto
49688-5,GTT p 75 g Glc PO SerPl-Imp
49689-3,GTT p 100 g Glc PO SerPl-Imp
49693-5,HEV IgG Ser Ql IA
49698-4,pH temp adj BldCoA
49699-2,pH temp adj BldCoV
49701-6,pH temp adj Bld
49711-5,Listeria Ab Titr Ser CF
49713-1,HPIV Ab Titr Ser CF
49718-0,HIV1 p24 Ag CSF Ql
49727-1,Hcys CSF-sCnc
49748-7,HDL SerPl-sCnc
49758-6,HCV RNA SerPl NAA DL=5-aCnc
49763-6,Bilirub Pcar-mCnc
49764-4,Calcium Amn-mCnc
49765-1,Calcium Bld-mCnc
49775-0,HDV IgG Ser IA-aCnc
49776-8,HEV Ab Ser IA-aCnc
49777-6,HGV Ab Ser-aCnc
49788-3,Potassium Amn-sCnc
49789-1,Potassium Prt-sCnc
49790-9,Sodium Prt-sCnc
49791-7,Sodium Amn-sCnc
49793-3,"t(14;18)(IGH,BCL2) Major Mar Ql"
49794-1,"t(14;18)(IGH,BCL2) Minor Mar Ql"
49796-6,"t(ABL1,BCR)p210 # Bld/T"
49797-4,"t(ABL1,BCR)p210 Mar Ql"
49837-8,DMPE MFr Amn
49839-4,Eosinophil UrnS Ql Wright Stn
49846-9,HCV core Ag Bld/Mar Donr Ql
49850-1,IGF-I BS SerPl-mCnc
49862-6,G6PC gene Mut Anl Bld/T
49874-1,ABCB4 gene Mut Anl Bld/T
49877-4,HBV 173 Islt Genotyp
49878-2,HBV 180 Islt Genotyp
49879-0,HBV 181 Islt Genotyp
49880-8,HBV 204 Islt Genotyp
49881-6,HBV 236 Islt Genotyp
49882-4,HBV 80 Islt Genotyp
49883-2,Hepatitis B virus resistance panel
49884-0,LPT TT 7D Bld-Rto
49885-7,Lymphocyte proliferation.beryllium stimulation panel
49890-7,HIV1 RNA Spec NAA+probe-Log#
49897-2,Insulin pre chal SerPl-aCnc
49905-3,HIV1 Ab Spec Ql IA.rapid
49917-8,LPT 10 umol Be 6D WBC-Rto
49921-0,LPT CA Bld-nRate
49922-8,LPT PHA Bld-nRate
49923-6,LPT PW Bld-nRate
49924-4,ALP macro CFr SerPl
49925-1,G6PD RBC Glock & McLean-cCnt
49926-9,G6PD RBC WHO method-cCnt
49927-7,Amylase Fld/SerPl
49930-1,LDH Plr/SerPl
49935-0,Ca-I Album cor MFr SerPl
49936-8,Ca-I Album cor MFr Bld
49937-6,Calcium/Oxalate Ur-sRto
49939-2,Dodecenedioate/Creat Ur-sRto
49965-7,Deprecated HIV1 Ab/HIV 2 Ab Ser IB-Rto
49968-1,Cortis 1h p 250 ug ACTH IM SerPl-SCDiff
49969-9,Cortis 30M p 250 ug ACTH IM SerPl-SCDiff
50017-3,Hgb Sput/Gast gastro Ql
50022-3,Alcohol.XXX SerPlBld Ql
50023-1,Hepatitis C virus RNA panel
50032-2,China aster IgE Qn
50039-7,5Me-tetrahydrofolate/Folate SFr SerPl
50041-3,Bilirub+Urobilinogen Ur Ql
50054-6,Hemicystine/Creat Ur-sRto
50057-9,Fract excret PO4 ?Tm Ur+SerPl-Rto
50058-7,Phosphate Cl ?Tm Ur+SerPl-vRate
50059-5,Oligoclonal Bands MFr Ur Elph
50061-1,Tdecanedioate/Creat Ur-sRto
50062-9,Tdecenedioate/Creat Ur-sRto
5007-0,HBV DNA Bld Ql NAA+probe
5008-8,HBV DNA Tiss Ql NAA+probe
5009-6,HBV DNA Spec Ql NAA+probe
5010-4,HCV RNA Bld Ql NAA+probe
5011-2,HCV RNA Tiss Ql NAA+probe
5012-0,HCV RNA Spec Ql NAA+probe
5017-9,HIV1 RNA Bld Ql NAA+probe
50176-7,A2 Macroglob MFr SerPl
50178-3,LPT 100 umol Be 6D Bld-Rto
50179-1,Calcitonin Calcium & Pentagastrin challenge panel
5018-7,HIV1 RNA Spec Ql NAA+probe
50180-9,Calcit 10M p CPG IV SerPl-mCnc
50181-7,Calcit 5M p CPG IV SerPl-mCnc
50182-5,Calcit 2M p CPG IV SerPl-mCnc
50183-3,Calcit 1M p CPG IV SerPl-mCnc
50184-1,Calcit pre CPG IV SerPl-mCnc
50187-4,Art-mixed ven O2 sat diff %
50188-2,Art-ven O2 sat diff %
50189-0,Neonatal bilirubin panel
50190-8,Iron & Iron binding capacity panel
50191-6,Occult blood panel
50192-4,VLDL1+2+3c SerPl-mCnc
50193-2,LDLc ND SerPl-mCnc
50194-0,IDLc+VLDL3c SerPl-mCnc
50196-5,Occult blood panel
50198-1,Iron sp1 SerPl-mCnc
50199-9,Iron sp2 SerPl-mCnc
50200-5,Iron sp3 SerPl-mCnc
50201-3,Iron sp4 SerPl-mCnc
50202-1,Iron sp5 SerPl-mCnc
50203-9,Iron sp6 SerPl-mCnc
50204-7,Iron sp7 SerPl-mCnc
50205-4,Iron sp8 SerPl-mCnc
50206-2,Glucose sp1 SerPl-mCnc
50207-0,Glucose sp7 SerPl-mCnc
50208-8,Glucose sp10 SerPl-mCnc
50209-6,Albumin sup ?Tm Ur-mRate
50210-4,GFR/BSA.pred SerPlBld Cys-based-ArV
50212-0,Glucose sp2 SerPl-mCnc
50213-8,Glucose sp3 SerPl-mCnc
50214-6,Glucose sp4 SerPl-mCnc
50215-3,Glucose sp5 SerPl-mCnc
50216-1,Glucose sp6 SerPl-mCnc
50217-9,Glucose sp8 SerPl-mCnc
50218-7,Glucose sp9 SerPl-mCnc
50219-5,Respiratory pathogens DNA & RNA 12a panel
50223-7,Cholest Cry Ur Ql Comp Assist
50236-9,Amorph Phos Cry Ur Ql Comp Assist
50262-5,Reticulocytes panel
50330-0,SLC6A4 gene Mut Anl Bld/T
50336-7,B-cortolone/Cortis Ur
50339-1,Deprecated Cholest Bld-mCnc
5034-4,Gp B Strep rRNA Spec Ql Probe
50340-9,Eosinophil Nose Ql Hansel Stn
50341-7,Eosinophil Spt Ql Hansel Stn
50343-3,Ethanol Sal Ql Scn
5035-1,S pneum rRNA Spec Ql Probe
5036-9,S pyo rRNA Spec Ql Probe
50366-4,Prolactin.monomeric/Total MFr SerPl
50373-0,Eosinophil band NFr Mar Manual
50374-8,Myelocytes.eos NFr Mar Manual
50382-1,GR RBC-cCnt
50408-4,Abn Prot MFr Ur Elph
50409-2,HDL2+3c SerPl-mCnc
5041-9,HAdV Ab Titr Ser CF
50415-9,Cortis pre 2 mg Dex SerPl-mCnc
50416-7,Cortis p 2 mg Dex SerPl-mCnc
50421-7,Cortis pre 100 ug CRH IV SerPl-mCnc
50422-5,Cortis 20M p 100 ug CRH IV SerPl-mCnc
50423-3,Cortis 40M p 100 ug CRH IV SerPl-mCnc
50424-1,Cortis 1h p 100 ug CRH IV SerPl-mCnc
50429-0,Cortis 9 AM SerPl-mCnc
50430-8,Cortis 3 PM SerPl-mCnc
50431-6,Cortis 6 PM SerPl-mCnc
50432-4,Cortis 9 PM SerPl-mCnc
50433-2,Cortis 3 AM SerPl-mCnc
50434-0,Cortis 6 AM SerPl-mCnc
50441-5,Cortis 30M pre Ins IV SerPl-mCnc
50442-3,Cortis 20M p Ins IV SerPl-mCnc
50453-0,Cortis sp1 SerPl-mCnc
50454-8,Cortis sp2 SerPl-mCnc
50455-5,Cortis sp3 SerPl-mCnc
50456-3,Cortis sp4 SerPl-mCnc
50457-1,Cortis sp5 SerPl-mCnc
50458-9,Cortis sp6 SerPl-mCnc
50459-7,Cortis sp7 SerPl-mCnc
50460-5,Cortis sp8 SerPl-mCnc
50461-3,C peptide sp1 SerPl-sCnc
50462-1,C peptide sp2 SerPl-sCnc
50463-9,C peptide sp3 SerPl-sCnc
50464-7,C peptide sp4 SerPl-sCnc
50465-4,C peptide sp5 SerPl-sCnc
50466-2,C peptide sp6 SerPl-sCnc
50467-0,C peptide sp7 SerPl-sCnc
50468-8,C peptide sp8 SerPl-sCnc
50501-6,Insulin sp1 SerPl-aCnc
50502-4,Insulin sp2 SerPl-aCnc
50503-2,Insulin sp3 SerPl-aCnc
50504-0,Insulin sp4 SerPl-aCnc
50505-7,Insulin sp5 SerPl-aCnc
50506-5,Insulin sp6 SerPl-aCnc
50507-3,Insulin sp7 SerPl-aCnc
50508-1,Insulin sp8 SerPl-aCnc
50517-2,Prolactin sp1 SerPl-mCnc
50518-0,Prolactin sp2 SerPl-mCnc
50519-8,Prolactin sp3 SerPl-mCnc
50520-6,Prolactin sp4 SerPl-mCnc
50521-4,Prolactin sp5 SerPl-mCnc
50522-2,Prolactin sp6 SerPl-mCnc
50523-0,Prolactin sp7 SerPl-mCnc
50524-8,Prolactin sp8 SerPl-mCnc
5053-4,Aspergillus Ab Titr Ser CF
50551-1,Bilirub Ur Ql Strip.auto
50554-5,Urinalysis microscopic panel
50555-2,Glucose Ur Ql Strip.auto
50556-0,Urinalysis dipstick panel
50559-4,Hgb Ur Strip.auto-mCnc
50561-0,Prot Ur Strip.auto-mCnc
50564-4,Urinalysis panel
5057-5,B dermat Ab Titr Ser CF
50582-6,Glucose tolerance gestational panel
50583-4,Glucose screen gestational panel
50586-7,Glucose tolerance 3H panel
50587-5,Glucose tolerance 4H panel
50588-3,Glucose tolerance 5H panel
50589-1,Glucose tolerance 6H panel
50596-6,HPA-1a Bld
50597-4,HPA-2 Bld
50598-2,HPA-15 Bld
50599-0,HPA-1 Bld
50600-6,HPA-3 Bld
50601-4,HPA-4 Bld
50602-2,HPA-5 Bld
50603-0,HPA-6 Bld
50604-8,HPA panel
50608-9,Glucose tolerance 3H gestational panel
50624-6,HIV 1 RNA panel
50630-3,Gentamicin Islt SlowMyco
50645-1,THF/Creat Ur
50658-4,Basophils band NFr Mar
50659-2,Chrom analy interphase Mar FISH-Imp
50666-7,NMP22 Ur Ql
50667-5,GTT SerPl-Imp
50673-3,Insulin XXX challenge panel
50675-8,CaxP SerPl-MCncSq
50676-6,Calcium-phosphorus product panel
50684-0,Chrom analy interphase Bld FISH-Imp
50688-1,Plasmodium LDH Bld
50692-3,HPIV1+2+3 Ab Titr Ser CF
50693-1,FLUAV+FLUBV Ab Titr Ser CF
50696-4,FLUAV NAb Ser Nt
50697-2,FLUAV Ag Islt
50698-0,FLUAV ADM resis Islt Ql Phenotyp
50699-8,FLUAV ADM resis Islt Ql
50700-4,FLUAV ADM resis RNA Islt Ql NAA+probe
50701-2,FLUAV H1 Ag Islt Ql IF
50702-0,FLUAV MP RNA Islt Ql Seq
50703-8,FLUAV NI resis Islt Ql Phenotyp
50704-6,FLUAV NP RNA Islt Ql Seq
50705-3,FLUAV NS RNA Islt Ql Seq
50706-1,FLUAV PA RNA Islt Ql Seq
50707-9,FLUAV PB1 cDNA Islt Ql Seq
50708-7,FLUAV PB2 RNA Islt Ql Seq
50709-5,FLUBV Ab Titr Ser HAI
50710-3,Influenza virus susceptibility panel
50711-1,FLUAV polymerase RNA Islt Seq
50712-9,FLUV NI resist Islt Ql
50713-7,FLUV NI resist Islt Genotyp
50749-1,Prot Ur-Imp
50751-7,Glucose 15M p 0.1 U/kg Ins SerPl-mCnc
50752-5,Cortis 15M p Ins IV SerPl-mCnc
50753-3,GH 15M p Ins IV SerPl-mCnc
50756-6,CK Bld-mCnc
50757-4,CK/CK MB Bld-cRto
50765-7,Hgb Hashar MFr Bld Elph
50773-1,ABO + Rh p transf rx Bld NB
50775-6,Cancer Ag125 CSF-aCnc
50779-8,Cancer Ag19-9 CSF-aCnc
50780-6,Cancer Ag19-9 Pcar-aCnc
50781-4,Cancer Ag19-9 Prt-aCnc
5079-9,C psittaci Ab Titr Ser CF
50790-5,HIV1 RNA tropism Islt
50791-3,Hgb Fract Bld Elph pH6.0-Imp
50792-1,M Protein 3 MFr SerPl Elph
50793-9,M Protein 4 MFr SerPl Elph
50811-9,Antimony RBC-sCnc
50812-7,Arsenic RBC-sCnc
50824-2,B2 Microglob 24h Ur-sCnc
5083-1,Chlamydia Ab Titr Ser CF
50832-5,Boron/Creat Ur-sRto
50834-1,Cadmium RBC-sCnc
50836-6,Calcium Hair-sCnt
50837-4,Ca-I Fld-sCnc
50838-2,Ca-I adj pH7.4 Fld-sCnc
50839-0,Calcium/Creat 24h Ur-sRto
50840-8,HDLc Fld-sCnc
50841-6,Cr RBC-sCnc
50847-3,Cobalt RBC-sCnc
50848-1,Cortis 24h Ur-sCnc
50867-1,Insulin Fld-sCnc
50869-7,Iron Hair-sCnt
5087-2,C trach Ab Titr Ser CF
50872-1,Lithium Hair-sCnt
50873-9,Magnesium/Creat 24h Ur-sRto
50875-4,Manganese RBC-sCnc
50887-9,Nickel RBC-sCnc
50898-6,Phosphate Hair-sCnt
50902-6,Potassium Hair-sCnt
50911-7,Sodium Gast-sCnc
50912-5,Sodium Hair-sCnt
50938-0,Vancomycin Fld-sCnc
50949-7,Albumin Ur Ql Strip
5096-3,C immitis Ab Titr Ser CF
50967-9,HBV surface Ag Bld Donr Ql Nt
50980-2,pH temp adj BldMV
50994-3,CMT1 gene Mut Anl Bld/T
50997-6,C8 functional SerPl-aCnc
5100-3,C burnet Ab Titr Ser CF
51002-4,Lipoprotein midband A SerPl-mCnc
51003-2,Lipoprotein midband B SerPl-mCnc
51004-0,Lipoprotein midband C SerPl-mCnc
51005-7,Testosterone.free+WB SerPl HS-mCnc
51006-5,DAT RBC Ql
5104-5,CV B1 Ab Titr Ser CF
5106-0,CV B2 Ab Titr Ser CF
5108-6,CV B3 Ab Titr Ser CF
5110-2,CV B4 Ab Titr Ser CF
5112-8,CV B5 Ab Titr Ser CF
5114-4,CV B6 Ab Titr Ser CF
51190-7,Albumin 24h Ur Elph-mCnc
51196-4,Hgb A1 MFr Bld Elph
51197-2,Iron Fld-mCnc
51205-3,Sodium Hair-mCnt
51213-7,Acetamin Cry #/area UrnS HPF
5128-4,ANCA Ab Ser-aCnc
51300-2,CD3+CD4+ Cells NFr Tiss
5137-5,ECV1 Ab Titr Ser CF
5139-1,ECV19 Ab Titr Ser CF
51406-7,BJ Protein Free 24h Ur-mRate
51407-5,S pneum CPS IgG Ser IA-mCnc
51408-3,S pneum CPS IgG2 Ser IA-mCnc
5141-7,ECV3 Ab Titr Ser CF
51419-0,Sodium Glucose cor SerPl-sCnc
51421-6,Testost pre/p chal SerPl-sCnc
51424-0,Cortis pre/p chal SerPl-sCnc
51427-3,Insulin pre/p chal SerPl-sCnc
51428-1,Lactate pre/p chal SerPl-sCnc
5143-3,ECV4 Ab Titr Ser CF
51432-3,Prolactin pre/p chal SerPl-mCnc
51436-4,M Protein 24h Ur Elph-mCnc
51437-2,M Protein 2 Ur Elph-mCnc
51438-0,M Protein 2 24h Ur Elph-mCnc
51439-8,M Protein 3 24h Ur Elph-mCnc
51440-6,M Protein 3 Ur Elph-mCnc
51441-4,Macroprolactin/Prolactin MFr SerPl
5145-8,ECV6 Ab Titr Ser CF
51458-8,HDV IgG Ser-aCnc
51459-6,HEV Ab Ser-aCnc
51460-4,FLUAV H16 Ab Titr Ser
5147-4,ECV9 Ab Titr Ser CF
51472-9,S pneum CPS IgG Ser-mCnc
51473-7,S pneum CPS IgG2 Ser-mCnc
51488-5,Cortis sp6 p chal Sal-mCnc
51489-3,Cortis sp7 p chal Sal-mCnc
5149-0,ECV Ab Titr Ser CF
51490-1,Cortis sp5 p chal Sal-mCnc
51491-9,Cortis sp4 p chal Sal-mCnc
51492-7,Cortis sp3 p chal Sal-mCnc
51493-5,Cortis sp2 p chal Sal-mCnc
51494-3,Cortis sp1 p chal Sal-mCnc
51495-0,Cortis BS Sal-mCnc
51496-8,Estradiol sp4 p chal SerPl-mCnc
51497-6,Estradiol sp5 p chal SerPl-mCnc
51498-4,Estradiol sp3 p chal SerPl-mCnc
51499-2,Estradiol sp1 p chal SerPl-mCnc
51500-7,Estradiol sp7 p chal SerPl-mCnc
51501-5,Estradiol sp2 p chal SerPl-mCnc
51502-3,Estradiol sp6 p chal SerPl-mCnc
51505-6,CK BB CSF Elph-cCnc
51506-4,CK MB CSF Elph-cCnc
51507-2,CK MM CSF Elph-cCnc
51508-0,LDH1 CFr Plr Elph
51509-8,LDH1 CFr Prt Elph
51510-6,LDH1 CFr CSF Elph
51511-4,LDH2 CFr CSF Elph
51512-2,LDH2 CFr Plr Elph
51513-0,LDH2 CFr Prt Elph
51514-8,LDH3 CFr Plr Elph
51515-5,LDH3 CFr Prt Elph
51516-3,LDH3 CFr CSF Elph
51517-1,LDH4 CFr Prt Elph
51518-9,LDH4 CFr Plr Elph
51519-7,LDH4 CFr CSF Elph
51520-5,LDH5 CFr Prt Elph
51521-3,LDH5 CFr Plr Elph
51522-1,LDH5 CFr CSF Elph
51540-3,A alternata IgG Ql
51550-2,Deprecated Mouse Epith+Ser+Ur Prot IgE RAST Ql
51566-8,Deprecated Amylase IgE RAST Ql
51590-8,Chloride BldC-sCnc
51591-6,Cholest Snv-sCnc
51595-7,Glucose Stl Ql
51596-5,Glucose BldC-sCnc
51597-3,Glucose 1h p 75 g Glc PO SerPl-sCnc
51604-7,Phosphate 12h Ur-sRate
51605-4,Trigl Snv-sCnc
51610-4,Calcium 12h Ur-sRate
51613-8,Hgb J MFr Bld
51614-6,Hgb M MFr Bld
51615-3,Hgb A2+C MFr Bld
51616-1,Hgb A2+E MFr Bld
51618-7,Potassium pre dial SerPl-sCnc
51626-0,PT 1:4 NP 1h separate PPP
51627-8,Lymphocytes # Prt Manual
51634-4,Mid Retics #
51635-1,Mat Retics #
51636-9,Imm Retics #
51641-9,MSCV RBC
51642-7,HL Retics NFr
51643-5,HL Retics #
51649-2,HCV c100p+5-1-1 Ab Ser Ql IB
51653-4,HEV Ab Fld Ql
51654-2,HDV Ab Fld Ql
51655-9,HCV RNA Fld Ql NAA+probe
51656-7,HCV Ab s/co Fld
51657-5,HCV Ab Fld Ql
51658-3,HBV core IgM Fld Ql
51659-1,HBV surface Ag Fld Ql
51660-9,HAV IgM Fld Ql
51661-7,HAV Ab Fld Ql
51692-2,PCP Bld Ql Scn
51693-0,Albumin Pcar-mCnc
51695-5,Chloride 24h Ur-mRate
5171-4,Neutrophil Ab Ser-aCnc
5172-2,S pyog.enz Ab Ser Ql LA
51720-1,Potassium 24h Ur-mRate
5173-0,S pyog.enz Ab Titr Ser LA
51731-8,SaO2 % BldV from pO2
51732-6,SaO2 % BldC from pO2
51733-4,SaO2 % BldA from pO2
51735-9,UUN Cl 24h Ur+SerPl-vRate
51756-5,ATP7B gene Mut Anl Bld/T
51773-0,HEXA gene Mut Anl Bld/T
51780-5,HIV1 RNA SerPl NAA DL=0.5-Log#
51786-2,HIV 2 Ab s/co SerPl IA
5179-7,HAV IgG Ser IA-aCnc
51795-3,C1INH Bnd Ab SerPl-mCnc
51798-7,HEV IgM Ser-aCnc
5180-5,HAV IgG Ser RIA-aCnc
5181-3,HAV IgM Ser IA-aCnc
5182-1,HAV IgM Ser RIA-aCnc
51824-1,HCV IgM Ser IA-aCnc
51829-0,Lactate BldC-mCnc
5183-9,HAV Ab SerPl IA-aCnc
5184-7,HAV Ab Ser RIA-aCnc
51844-9,Cortis Sal-sCnc
5185-4,HBV core IgM SerPl IA-aCnc
5186-2,HBV core IgM Ser RIA-aCnc
51861-3,Mold Allerg Mix6 IgG Ql
51866-2,Deprecated HIV 1 Ab+Ag Ser Ql
5187-0,Deprecated HBV core Ab Ser IA-aCnc
51871-2,DAT Poly-Sp Reag RBCCo Ql
5188-8,HBV core Ab Ser RIA-aCnc
5189-6,HBV e Ab Ser IA-aCnc
51892-8,ABO Group BldCo
5190-4,HBV e Ab Ser RIA-aCnc
5191-2,HBV e Ag Ser IA-aCnc
51913-2,HAV IgG+IgM Ser Ql
51914-0,HBV core IgG+IgM Ser Ql
5192-0,HBV e Ag Ser Ql RIA
51924-9,ANCA Ab Titr Ser IF
5193-8,HBV surface Ab SerPl IA-aCnc
5194-6,HBV surface Ab Ser RIA-aCnc
5195-3,HBV surface Ag Ser Ql
51950-4,Calcium p dialysis SerPl-mCnc
51956-1,DNA region analysis test coverage panel
5196-1,HBV surface Ag SerPl Ql IA
51962-9,Pharmacogenetic DNA analysis panel
51964-5,Drug eff analysis imp-Imp
5197-9,HBV surface Ag Ser Ql RIA
51974-4,Gas panel
5198-7,HCV Ab Ser IA-aCnc
5199-5,HCV Ab Ser Ql IB
5200-1,HDV Ab Ser IA-aCnc
5201-9,HDV Ab Ser RIA-aCnc
5204-3,HSV Ab Titr Ser CF
52041-1,Blood glucose monitor attachment
52114-6,DAT IgG-Sp Reag RBCCo Ql
52120-3,PT NP 1h separate PPP
52122-9,PT p hep neut PPP
52124-5,OF .90% NaCl NFr RBC
52125-2,OF .90% NaCl 24h Inc NFr RBC
52129-4,INR p hep neut PPP
52131-0,"t(ABL1,BCR)b3a2/control Bld/T"
5219-1,H capsul Ab Titr Ser CF
5220-9,HIV1 Ab SerPl IA-aCnc
5221-7,HIV1 Ab SerPl Ql IB
5222-5,HIV1 Ag SerPl Ql IA
5223-3,HIV1+2 Ab SerPl IA-aCnc
5224-1,HIV 2 Ab SerPl IA-aCnc
5225-8,HIV 2 Ab Ser Ql IB
5229-0,FLUAV Ab Titr Ser CF
523-1,Vancomycin Islt MLC
5230-8,FLUBV Ab Titr Ser CF
5231-6,FLUCV Ab Titr Ser CF
5232-4,Insulin Ab Ser RIA-aCnc
524-9,Vancomycin Islt MIC
5241-5,LCMV Ab Titr Ser CF
5243-1,MeV Ab Titr Ser CF
52484-3,Arterial Blood Gases (ABGs)
5249-8,MuV Ab Titr Ser CF
525-6,Vancomycin Islt KB
5254-8,M pneumo Ab Titr Ser CF
526-4,Vancomycin Titr SBT
5262-1,ANCA Ab Ser IF-aCnc
5266-2,P brasilien Ab Titr Ser CF
5267-0,Paragonimus Ab Titr Ser CF
5268-8,HPIV1 Ab Titr Ser CF
5269-6,HPIV2 Ab Titr Ser CF
5270-4,HPIV3 Ab Titr Ser CF
52740-8,Altered level of consciousness/alertness
52767-1,aPTTprotein C activator/aPTT PPP
5282-9,PV1 Ab Titr Ser CF
5284-5,PV2 Ab Titr Ser CF
5286-0,PV3 Ab Titr Ser CF
52894-3,Titanium RBC-sCnc
52905-7,Silver/Creat Ur-sRto
52907-3,Bismuth/Creat Ur-sRto
52911-5,Magnesium Tiss-sCnt
52917-2,Tin/Creat Ur-sRto
52919-8,Tellurium/Creat Ur-sRto
52922-2,Strontium/Creat Ur-sRto
52923-0,Selenium/Creat Ur-sRto
52926-3,Nickel/Creat Ur-sRto
52938-8,Barium/Creat Ur-sRto
5294-4,RSV Ab Titr Ser CF
52941-2,Antimony/Creat Ur-sRto
52968-5,Gp B Strep Anal Ql Cult
5297-7,Rheumatoid fact Ser Ql LA
52974-3,FLUBV Ab Ser CF-aCnc
52975-0,RSV Ab Ser CF-aCnc
52976-8,CMV Ab Ser CF-aCnc
52977-6,HSV Ab Ser CF-aCnc
52978-4,VZV Ab Ser CF-aCnc
5298-5,Rheumatoid fact Ser Ql Shp Aggl
52987-5,M pneumo Ab Ser CF-aCnc
5299-3,Rheumatoid fact Titr Ser LA
5300-9,Rheumatoid fact Titr Ser Shp Aggl
53012-1,Atyp ANCA Titr Ser IF
53020-4,C1q Ab Ser Ql
53029-5,p-ANCA atypical Ser Ql IF
53043-6,DNA mark analysis cover Pnl
53045-1,Ref sequence alteration
53048-5,Ferritin Fld-mCnc
53049-3,Glucose pre-meal SerPl-mCnc
53050-1,Glucose TPN-mCnc
53051-9,B+G-Globulin MFr Fld Elph
5306-6,Rickettsia Ab Titr Ser CF
53081-6,Ammonia Dial fld-sCnc
53082-4,Cholest Dial fld-sCnc
53083-2,Bilirub Conj Dial fld-sCnc
53084-0,Glucose Fld.NB-sCnc
53086-5,HCO3 Fld.NB-sCnc
53087-3,Ca-I adj pH7.4 Fld.NB-sCnc
53088-1,Ca-I Fld.NB ISE-sCnc
53093-1,Glucose p chal SerPl-sCnc
53094-9,Glucose p meal SerPl-sCnc
53099-8,Chloride TPN-sCnc
53100-4,Calcium TPN-sCnc
53107-9,KYN/Creat Ur-sRto
53114-5,Glucose p fast Ur-sCnc
53117-8,Hgb TL RBC Ql
53121-0,Prot 1h Ur-mRate
53122-8,Sodium 1h Ur-sRate
53123-6,Potassium 1h Ur-sRate
53124-4,Calcium 1h Ur-sRate
53125-1,Monos+Macros NFr Mar
53126-9,Monos+Macros NFr Bld
53127-7,Monos+Macros NFr Tiss
53129-3,Na Urate Cry #/area UrnS HPF
53131-9,CaOx Cry #/area UrnS LPF
53133-5,LDLc Fld-sCnc
53134-3,Amylase Isos Fld-Imp
53135-0,HDLc Dial fld-sCnc
53138-4,Ca-I adj pH7.4 BldA-sCnc
53139-2,Ca-I adj pH7.4 BldC-sCnc
53140-0,Ca-I adj pH7.4 BldV-sCnc
53149-1,Iron/Creat 24h Ur-sRto
53223-4,Hgb G MFr Bld
53224-2,Hgb M Bld Ql
5323-1,O tsut Ab Titr Ser CF
53230-9,PT imm 1:4 NP Cont PPP
53248-1,Plasmodium LDH Bld Ql
53250-7,FLUAV RNA # Spec NAA+probe
53251-5,FLUBV RNA # Spec NAA+probe
53263-0,Urinalysis yeast variants panel
53264-8,Urinalysis yeast variants panel
53267-1,Urinalysis yeast variants panel
53270-5,Urinalysis type of non-squamous epithelial cells panel
53273-9,Urinalysis type of non-squamous epithelial cells panel
53276-2,Urinalysis type of non-squamous epithelial cells panel
53277-0,Urinalysis type of cast panel
53281-2,Urinalysis type of cast panel
53293-7,Urinalysis microscopic panel
53295-2,Urinalysis type of crystal panel
53296-0,CaOx Cry # Ur Comp Assist
53298-6,Tri-Phos Cry # Ur Comp Assist
53299-4,Ca Phos Cry # Ur Comp Assist
533-0,Mycobacterium Bld Cult
53302-6,Ca Carbonate Cry # Ur Comp Assist
53305-9,Urinalysis type of crystal panel
53306-7,CaOx Cry #/area Ur Comp Assist
53308-3,Tri-Phos Cry #/area Ur Comp Assist
53309-1,Ca Phos Cry #/area Ur Comp Assist
53312-5,Ca Carbonate Cry #/area Ur Comp Assist
53315-8,Urinalysis microscopic panel
53325-7,Urinalysis type of crystal panel
53327-3,Bilirub Ur Strip.auto-mCnc
53328-1,Glucose Ur Strip.auto-mCnc
53330-7,Urinalysis type of cast panel
53333-1,Urinalysis other formed elements panel
53336-4,17OHCS+Androst/Cortis DBS
53337-2,17OHCS+Androst/Cortis DBS-sRto
53345-5,Cortis DBS-mCnc
53346-3,Cortis DBS-sCnc
53349-7,T4 Free DBS-mCnc
53350-5,T4 Free DBS-sCnc
53351-3,Urinalysis other formed elements panel
53353-9,Urinalysis other formed elements panel
53376-0,HCV IgM Ser-aCnc
53379-4,HIV1 Ab Spec Ql
53381-0,FLUAV Ab Ser
53415-6,Bilirub CSF Ql
53433-9,CK Dial fld-cCnc
53454-5,Iron p deferoxamine Ur-mCnc
53455-2,Calcium Spec-mCnt
53456-0,Iron Spec-mCnt
53457-8,Gamma 3 glob abnormal MFr SerPl Elph
53474-3,Glucose 4 AM specimen SerPl-sCnc
53475-0,Glucose pre betaxolol SerPl-sCnc
53495-8,Iron p deferoxamine Ur-sCnc
53500-5,Ammonia Wat-sCnc
53501-3,Iron Wat-sCnc
53502-1,Calcium Spec-sCnt
53503-9,Iron Spec-sCnt
53507-0,Kynurenin/Creat Ur-sRto
53513-8,Anthranilate/Creat Ur-sRto
53516-1,Basophils NFr Dial fld Manual
53519-5,Monocytes NFr Dial fld
53520-3,Neutrophils NFr Dial fld
53524-5,ALP Bile CFr SerPl
53525-2,Prot Ur Ql SSA
53526-0,Trigl in VLDL SerPl-sCnc
53527-8,Trigl in HDL2 SerPl-sCnc
53528-6,Trigl in HDL3 SerPl-sCnc
53529-4,Microalbumin Fld DL<=1mg/L-mCnc
53530-2,Microalbumin 24h Ur DL<=1mg/L-mCnc
53531-0,Microalbumin Ur DL<=1mg/L-mCnc
53532-8,Microalbumin 24h Ur DL<=1mg/L-mRate
53540-1,Alpha Glob.abnormal MFr SerPl Elph
53553-4,Est. average glucose Bld gHb Est-sCnc
53555-9,Sp Gr RBC
53561-7,LDH/Creat Ur-Rto
53562-5,Rheumatoid fact Plr-aCnc
53575-7,VAP panel
53578-1,ALP Intest 2 CFr SerPl
53579-9,ALP Intest 3 CFr SerPl
53589-8,Beta glob abnormal MFr SerPl Elph
53590-6,Gamma glob abnormal MFr SerPl Elph
53593-0,Gamma 2 glob abnormal MFr SerPl Elph
53600-3,pH BPU
53601-1,HIV1 p24 Ag SerPl IA-aCnc
53627-6,Chloride Plr-sCnc
53640-9,Chloride/Creat 24h Ur-Rto
53645-8,PV Stl Cult
5368-6,S pneum IgG Ser IA-aCnc
53725-8,SLC25A4 gene Mut Anl Bld/T
53732-4,GCK gene Mut Anl Bld/T
53744-9,DAT Comp-Sp Reag RBC Ql 5M RT inc
53761-3,JAK2 p.V617F mut/Nor Bld/T
53775-3,Hepatitis A virus Ab panel
53776-1,HAV Ab Ser-Imp
53781-1,Acetaminophen & Propoxyphene panel
53788-6,Na Urate Cry UrnS Ql Micro
53797-7,Neutrophils.immature NFr Bld
53798-5,HIV RT+PR Mut Det Islt
53800-9,Platelets panel
53805-8,LDL apheresis procedure type
53806-6,LDL apheresis procedure ID
53810-8,Lymphocyte prolif Bld-Imp
53811-6,Tri-Phos 24h SatFr Ur
53825-6,HIV 1+HCV RNA SerPl Ql NAA+probe
53836-3,ABCD1 gene Mut Anl Bld/T
53840-5,TGFB3 gene Mut Anl Bld/T
53844-7,BRAF gene Mut Anl Bld/T
53847-0,CACT gene Mut Anl Bld/T
53853-8,COL4A5 gene Mut Anl Bld/T
53857-9,Hgb F Bld-mCnc
53863-7,FLNA gene Mut Anl Bld/T
53866-0,GCH1 gene Mut Anl Bld/T
53867-8,GYS2 gene Mut Anl Bld/T
53868-6,Glucose tetrasaccharide/Creat Ur-sRto
53871-0,HRAS gene Mut Anl Bld/T
53888-4,PHEX gene Mut Anl Bld/T
53894-2,TRAPPC2 gene Mut Anl Bld/T
53895-9,SH3BP2 gene Mut Anl Bld/T
53900-7,C10orf2 gene Mut Anl Bld/T
53901-5,USH2A gene Mut Anl Bld/T
53917-1,S pneum DNA Bld Ql NAA+probe
53923-9,HIV1 tropism Bld
53924-7,Rheumatoid fact Titr Snv LA
53933-8,LDH Pcar/SerPl
53934-6,LDH Prt/SerPl
5396-7,T3 Ab Ser-aCnc
53977-5,Di-Mg phos cry UrnS Ql Micro
5398-3,T cruzi Ab Titr Ser CF
5401-5,VZV Ab Titr Ser CF
54040-1,HEDIS 2009 CDC-H
54046-8,HEDIS 2009 CMC-D
54048-4,HEDIS 2009 CWP-D
54051-8,HEDIS 2009 MPM-A BUN
54053-4,HEDIS 2009 MPM-A K
54057-5,HEDIS 2009-10 MPM-E Phenytoin
54068-2,Hgb O-Arab MFr DBS
54069-0,Hgb Barts MFr DBS
54070-8,Hgb D MFr DBS
54071-6,Hgb E MFr DBS
54072-4,Hgb A MFr DBS
54073-2,Hgb C MFr DBS
54074-0,Hgb F MFr DBS
54081-5,Hemoglobinopathies newborn screening panel
54086-4,HIV1+2 IgG DBS Ql
541-3,Mycobacterium Ur Cult
54103-7,Hgb Fract DBS Elph
54104-5,Hgb Fract DBS HPLC
54105-2,Hgb Fract DBS IEF
54209-2,Hgb C-Harlem MFr Bld
54210-0,HBV BCP Mut Ser NAA+probe
54211-8,Cortis 24h p DEX SerPl-sCnc
54212-6,Cortis 3D p Dex SerPl-sCnc
54213-4,Cortis 4D p Dex SerPl-sCnc
54214-2,Cortis 5D p Dex SerPl-sCnc
54215-9,Cortis 5h p Dex SerPl-sCnc
54216-7,IGF BP1 pre/p chal SerPl-mCnc
54218-3,CD3+CD4+ Cells/CD3+CD8+ Cll Bld
54235-7,Cortisol challenge panel
54236-5,Cortis 9 AM day 2 SerPl-mCnc
54238-1,LDL.oxidized SerPl-aCnc
54240-7,FLUV Ag Spec Ql
54241-5,FLUBV Ag Islt Ql
54242-3,FLUV Islt
54243-1,FLUV RNA Spec Probe
54244-9,FLUV Spec
54246-4,Protein & Glucose panel
54257-1,Glucose pre Ins IV SerPl-sCnc
54258-9,Glucose 2h p Ins IV SerPl-sCnc
54259-7,Glucose 2.5h p Ins IV SerPl-sCnc
54260-5,Glucose 15M p Ins IV SerPl-sCnc
54261-3,Glucose 15M pre Ins IV SerPl-sCnc
54262-1,Glucose 3h pre Ins IV SerPl-sCnc
54263-9,Glucose 30M p Ins IV SerPl-sCnc
54264-7,Glucose 45M p Ins IV SerPl-sCnc
54265-4,Glucose 1h p Ins IV SerPl-sCnc
54266-2,Glucose 1.3h p Ins IV SerPl-sCnc
54267-0,Glucose 1.5h p Ins IV SerPl-sCnc
54289-4,Hgb Bld BPU-mCnc
54300-9,Hcys Amn-sCnc
54301-7,Hcys DBS-sCnc
54309-0,Lactate/Pyruvate CSF-sRto
54346-2,Albumin Stl-mCnc
54347-0,Albumin SerPl-sCnc
54349-6,Ammonia Dial fld-mCnc
54355-3,B2 Microglob CSF/Ser
54356-1,B2 Microglob 24h Ur-mCnc
54357-9,Beta2+Gamma Glob MFr Ur Elph
54358-7,B-Globulin MFr Dial fld Elph
54359-5,HCO3 p dialysis Plas-sCnc
54360-3,HCO3 Prt-sCnc
54361-1,HCO3 Plr-sCnc
54362-9,Bilirub Dial fld-sCnc
54363-7,Bilirub Bld-sCnc
54364-5,Calcium Fld.NB-sCnc
54365-2,Calcium BldCo-sCnc
54366-0,Ca-I adj pH7.4 BldCo-sCnc
54367-8,Ca-I BldCo-sCnc
54369-4,Chloride p dialysis SerPl-sCnc
54370-2,Chloride Fld-mCnc
54371-0,Cholest Prt-sCnc
54372-8,HDLc Fld-mCnc
54373-6,NE Cholest SerPl-sCnc
54376-9,Vit B12 Fld-sCnc
54377-7,Vit B12 Fld-mCnc
54378-5,Vit B12 Ur-sCnc
54379-3,Cystatin C/Creat Ur-Rto
54380-1,Cystatin C 24h Ur-mCnc
54381-9,Cystatin C 24h Ur-mRate
54391-8,Gamma glob MFr Dial fld Elph
54400-7,Glucose pre Gc SerPl-sCnc
54410-6,DAT C3-Sp Reag RBC Ql
54416-3,Rh Bld Fetus
54417-1,ABO + Rh Bld Fetus
54434-6,LDL SerPl-sCnc
54437-9,Na Urate MFr Stone IR
54438-7,Cholest MFr Stone
54439-5,Ca Bilirub MFr Stone
54441-1,Lipoprotein goals
54447-8,FLT3 gene Mut Anl Mar
54449-4,SMN2 gene Mut Anl Bld/T
54464-3,Albumin MFr Dial fld Elph
54465-0,Alpha1 Glob MFr Dial fld Elph
54466-8,Alpha2 Glob MFr Dial fld Elph
54467-6,HDLc 2a MFr SerPl Elph
54468-4,HDLc 2b MFr SerPl Elph
54469-2,HDLc 3a MFr SerPl Elph
54470-0,HDLc 3b MFr SerPl Elph
54471-8,HDLc 3c MFr SerPl Elph
54472-6,Amylase Macro CFr SerPl
54486-6,Glucose Wat-mCnc
54487-4,Glucose Wat-sCnc
54494-0,Chloride Wat-mCnc
54495-7,Glucose p dialysis SerPl-sCnc
546-2,B-Hem Strep Throat Ql Cult
54630-9,Altered level of consciousness.  Did the resident have altered level of consciousness?
547-0,B-Hem Strep Spec Ql Cult
54788-5,HIV infection in last 30D
54789-3,Staphylococcus aureus.methicillin resistant or Enterococcus species.vancomycin resistant or Clostridium difficile infections &or colonization in last 30D
54794-3,Viral Hepatitis
54822-2,"Asthma,Chronic Obstructive Pulmonary Disease (COPD), or Chronic Lung Disease"
54866-9,Mechanically altered diet - require change in texture of food or liquids in last 7D
54907-1,ALP Amn-cCnc
54913-9,Gentamicin IgE Qn
54914-7,HCV core Ag Ser IA-aCnc
54919-6,Magnesium Smn-mCnc
54922-0,Phosphate 12h Ur-mRate
55018-6,Influenza vaccine
55019-4,Influenza virus vaccine received in facility
55020-2,Reason influenza virus vaccine not received
551-2,Brucella Bld Cult
55101-0,Respiratory pathogens panel
55133-3,FLUAV HA cDNA Islt NAA+probe
55134-1,FLUAV NA RNA Islt NAA+probe
55138-2,Cortis p Dex overnight SerPl-mCnc
55146-5,Familial LQTS Mut Anl Bld/T
55147-3,"t(ABL1,BCR)p210/control Bld/T"
55163-0,Streptococcus pyogenes enzyme Ab panel
55166-3,HGV E2 Ab Ser Ql
55178-8,Ca Phos Cry Spec Ql Micro
55179-6,Na Urate Cry Spec Ql Micro
55195-2,DHCR7 gene Mut Anl Bld/T
55201-8,KIT gene Mut Anl Bld/T
55216-6,Assault involving Bld or semen
55235-6,Abnormal hemoglobin gene panel
55262-0,FLUV immunization status
55264-6,HAV immunization status
55270-3,S pneum polyvalent immunization status
55271-1,S pneum conjugated immunization status
55275-2,HBV status
55276-0,HCV status
55277-8,HIV status
55295-0,Protein fractions & Immunoglobulins panel
55342-0,Sd sup(a) Ag RBC Ql
55348-7,Cortis 20M p chal SerPl-sCnc
55351-1,Glucose 1.5h p 75 g Glc PO SerPl-sCnc
55352-9,Glucose 45M p 75 g Glc PO SerPl-sCnc
55367-7,Cholest Cry #/area Ur Comp Assist
55370-1,Hgb A2+C+E+O MFr Bld
55371-9,Hgb A2+E+O MFr Bld
55372-7,Hgb CSp MFr Bld
55373-5,Hgb D+G MFr Bld
55374-3,Hgb N+I MFr Bld
55378-4,Amorph Phos Cry #/area Ur Comp Assist
55381-8,Glucose 2.5h p 75 g Glc PO SerPl-sCnc
55382-6,Insulin 5M p chal SerPl-sCnc
55383-4,Insulin 10M p chal SerPl-sCnc
55384-2,Insulin 3M p chal SerPl-sCnc
55385-9,Insulin 15M p chal SerPl-sCnc
55386-7,Insulin 2M p chal SerPl-sCnc
55387-5,Insulin 45M p chal SerPl-sCnc
55388-3,Insulin 4h p chal SerPl-sCnc
55389-1,Insulin 5h p chal SerPl-sCnc
55390-9,Insulin 6h p chal SerPl-sCnc
55391-7,Insulin 4M p chal SerPl-sCnc
55392-5,Insulin 1M p chal SerPl-sCnc
55394-1,Protein & Glucose panel
55398-2,Short Fibrin D-dimer FEU & DDU panel
554-6,Candida Stl Cult
55403-0,Asthma tracking panel
55404-8,Asthma spells 1W nRate
55415-4,Oxygen saturation & therapy panel
55434-5,Insulin 20M p chal SerPl-sCnc
55440-2,LDLc-R SerPl VAP-mCnc
55448-5,Deprecated CH50 SerPl
55449-3,Deprecated D Dimer PPP
55450-1,Deprecated FSP Ser
55451-9,Deprecated FSP PPP
55452-7,Deprecated Fibrinogen PPP
55453-5,Deprecated Haptoglob SerPl
55454-3,Deprecated Hgb A1c Bld
55455-0,Deprecated Hgb F XXX
55456-8,Deprecated Hgb S Bld
55457-6,Deprecated Hgb Free Plas
55463-4,FLUAV swine RNA Spec NAA+probe
55464-2,FLUAV swine RNA Spec Ql NAA+probe
55465-9,FLUAV H1 2009 pand RNA Spec Ql NAA+probe
55472-5,Cortis 2.5h p chal SerPl-sCnc
55473-3,Cortis 3h p chal SerPl-sCnc
55476-6,Estradiol BS SerPl-sCnc
55477-4,Estradiol 4h p chal SerPl-sCnc
55479-0,Insulin 7M p Glc IV SerPl-sCnc
55480-8,Insulin 5M pre Glc SerPl-sCnc
55481-6,Insulin 10M pre Glc SerPl-sCnc
55482-4,Insulin 4h p Glc IV SerPl-sCnc
55483-2,Insulin 1.5h p Glc IV SerPl-sCnc
55484-0,Insulin 10M p Glc IV SerPl-sCnc
55485-7,Insulin 1h p Glc IV SerPl-sCnc
55486-5,Insulin 1M p Glc IV SerPl-sCnc
55487-3,Insulin 2.5h p Glc IV SerPl-sCnc
55488-1,Insulin 1h p Gc SerPl-sCnc
55489-9,Insulin 1.5h p Gc SerPl-sCnc
55490-7,Insulin 45M p Gc SerPl-sCnc
55491-5,Insulin 2h p Gc SerPl-sCnc
55492-3,Insulin 30M p Glc IV SerPl-sCnc
55493-1,Insulin 3hp Glc IV SerPl-sCnc
55494-9,Insulin 5M p Glc IV SerPl-sCnc
55495-6,Insulin 45M p Glc IV SerPl-sCnc
55496-4,Insulin 2h p Glc IV SerPl-sCnc
55497-2,Insulin 3M p Glc IV SerPl-sCnc
55498-0,Insulin 7M pre Glc SerPl-sCnc
55499-8,Insulin 15M p Glc IV SerPl-sCnc
55500-3,Insulin 30M p Gc SerPl-sCnc
55502-9,Prolactin 20M pTRH IV SerPl-mCnc
55503-7,Prolactin 40M p TRH IV SerPl-mCnc
55518-5,Testost 4h p GnRH SerPl-sCnc
55519-3,Testost BS SerPl-sCnc
55607-6,Trigl/HDLc SerPl-sRto
55724-9,Apolipoprotein A-I & A-II & B & C panel
5575-6,Aluminum RBC-mCnc
55771-0,Basophils CSF Manual
55774-4,DAT C3d-Sp Reag RBC Ql
55775-1,DAT IgA-Sp Reag RBC Ql
55776-9,DAT IgG-Sp Reag RBC Ql
55777-7,DAT IgM-Sp Reag RBC Ql
55778-5,Eosinophil CSF Manual
55781-9,Hct VFr Mar Calc
55782-7,Hgb Bld Oximetry-mCnc
55783-5,Hgb Barts Bld Ql HPLC
55787-6,Lymphocytes CSF Manual
55790-0,Neuts Band CSF Manual
55791-8,Neutrophils CSF Manual
55837-9,Chloride 24h Stl-sCnc
55838-7,Cholest/Phospholipid SerPl-sRto
55839-5,Cholest est trnsfr prot SerPl-aCnc
55840-3,Cholest Ester SerPl-sCnc
55844-5,Cortis F 24h Ur RIA-mRate
55845-2,Cortis F 24h Ur RIA-mCnc
55850-2,Vit B12 Ur-mCnc
55857-7,Estradiol Fld-mCnc
55858-5,Estradiol Fld-sCnc
55859-3,Folate CSF-mCnc
55860-1,Glucose 24h Stl-mRate
55877-5,Hcys Fld-sCnc
55878-3,Hcys 24h Ur-sCnc
55893-2,HPRT/APRT RBC-cRto
55897-3,BJ Protein Free Ser Ql IEP
55898-1,BJ Protein Free Ser Ql IFE
55899-9,BJ Protein Free Ur Ql Elph
55900-5,BJ Protein Free Ur Ql IFE
55918-7,C peptide p meal SerPl-mCnc
55919-5,C peptide p meal SerPl-sCnc
55920-3,C peptide 24h Ur-mCnc
55928-6,Iodine/Creat Ur
55931-0,Lactate Dial fld-sCnc
55932-8,Lactate BldCo-sCnc
55934-4,Lipase Dial fld-cCnc
55937-7,Magnesium p dialysis SerPl-sCnc
55938-5,Magnesium TPN-sCnc
55939-3,Malondialdehyde RBC-sCnt
55942-7,MetHgb MFr BldCo
55971-6,ALP BldCo-cCnc
55972-4,Phosphate p dialysis SerPl-sCnc
55973-2,Phosphate Prt-sCnc
56024-3,FLUAV N1 RNA Spec NAA+probe-aCnc
56032-6,Lithium Gast-sCnc
56035-9,Apo A-I/HDLc SerPl
56036-7,Apo B/LDLc SerPl
56124-1,Glucose 1h p meal Ur-mCnc
56125-8,BJ Protein Free Ser Ql
56132-4,HDLc 2a SerPl-sCnc
56133-2,HDLc 2b SerPl-sCnc
56134-0,IDL1c SerPl-sCnc
56135-7,IDL2c SerPl-sCnc
56136-5,LDL1 SerPl-sCnc
56137-3,LDL2 SerPl-sCnc
56138-1,LDL3 SerPl-sCnc
56139-9,LDL4 SerPl-sCnc
56140-7,HPV I/H Risk 1 DNA Anal Ql Probe+sig amp
56143-1,Potassium/Creat 24h Ur-sRto
56153-0,Albumin.Serum/Prt
56154-8,Abn Prot MFr SerPl Elph
56159-7,LDLR gene Mut Anl Bld/T
56161-3,Stone Analysis+Photography-Imp
5617-6,Cesium RBC-mCnc
56170-4,A alternata IgG4-mCnc
56197-7,Insulin Bovine IgG4-mCnc
562-9,C diff Stl Ql Cult
5621-8,Cr RBC-mCnc
56292-6,Insulin Human IgG4-mCnc
5630-9,Copper RBC-mCnc
56363-5,Insulin Porcine IgG4-mCnc
5639-0,Ethanol Bld Ql
5640-8,Alcohol screen
5641-6,Ethanol ExG-mCnc
5642-4,Ethanol SerPl Ql
5643-2,Ethanol SerPl-mCnc
5644-0,Ethanol Ur Ql
56448-4,Chloride Sweat Scn-sCnc
5645-7,Ethanol Ur-mCnc
56471-6,DAT C3c-Sp Reag RBC Ql
56476-5,Hgb S MFr DBS
56478-1,Ethanol Bld GC-mCnc
56482-3,Insulin BS SerPl-aCnc
56490-6,Hgb sp2 Stl gastro lower Ql IA
56491-4,Hgb sp3 Stl gastro lower Ql IA
56492-2,Insulin 6M p chal SerPl-aCnc
56496-3,Prolactin 2h p chal SerPl-aCnc
56513-5,HEV IgG SerPl IA-aCnc
56516-8,C peptide 6M p chal SerPl-mCnc
56523-4,IGF-I 15M p chal SerPl-mCnc
56524-2,IGF-I 45M p chal SerPl-mCnc
56533-3,Insulin IgG Ser-aCnc
56546-5,Insulin Ab Ser IA-aCnc
56553-1,Microalbumin 8h Ur-mRate
56581-2,Insulin 12M p chal SerPl-aCnc
56582-0,C peptide 10M p chal SerPl-mCnc
56583-8,C peptide 45M p chal SerPl-mCnc
56584-6,C peptide 12M p chal SerPl-mCnc
56585-3,Cortis 45M p chal SerPl-mCnc
56618-2,IGF-I 10M p chal SerPl-mCnc
56619-0,IGF-I 20M p chal SerPl-mCnc
56625-7,DCM Bld-sCnc
56646-3,TCA/Creat Ur-Rto
56650-5,Cr/Creat Ur-Rto
56651-3,Cadmium/Creat Ur-Rto
56652-1,Arsenic/Creat Ur-Rto
56653-9,Mercury/Creat Ur-Rto
56654-7,Nickel/Creat Ur-Rto
56655-4,Bromide/Creat Ur-Rto
56656-2,Fluoride/Creat Ur-Rto
56658-8,D-ALA/Creat Ur-Rto
56660-4,Mehyl Formamide/Creat Ur-Rto
56662-0,B2 Microglob 24h Ur-sRate
56664-6,Methylmalonate/Creat Ur-Rto
56678-6,Ethanolamine/Creat 24h Ur-Rto
56690-1,Insulin 16h p chal SerPl-mCnc
56691-9,Insulin 20H p chal SerPl-mCnc
56692-7,Insulin 1D p chal SerPl-mCnc
56711-5,Sodium benzoate IgE Qn
56749-5,Estradiol 30M p chal SerPl-mCnc
56750-3,Estradiol 1h p chal SerPl-mCnc
56752-9,APOB+LDLR gene Mut Anl Bld/T
56759-4,Deprecated LDH Smn L to P-cCnc
56766-9,M Protein 1 MFr SerPl Elph
56767-7,M protein beta Ur Elph-mCnc
56768-5,M protein beta MFr Ur Elph
56769-3,Lymphocytes NFr Bronch FC
56770-1,Neutrophils NFr Bronch FC
56771-9,Eosinophil NFr Bronch FC
56774-3,Lymphocytes NFr Tiss
56776-8,Amylase S3+S4 CFr SerPl
56777-6,VLDL/LDL SerPl
56782-6,Amylase S4 CFr SerPl
56784-2,Fibrinogen Frg Ur-mCnc
56786-7,B2 Microglob tumor marker Ser-mCnc
56788-3,Insulin 28h p chal SerPl-aCnc
56789-1,Insulin 32h p chal SerPl-aCnc
56790-9,Insulin 36h p chal SerPl-aCnc
56875-8,Mixed venous O2 sat monitoring
56888-1,HIV 1+2 Ab+HIV1 p24 Ag SerPl Ql IA
56902-0,Amylase/Creat 24h Ur-Rto
56905-3,Bilirub Direct Plr-mCnc
56906-1,Bilirub Direct Prt-mCnc
56912-9,Cholest Pcar-mCnc
56925-1,Fract excret PO4 24h Ur+SerPl-Rto
56926-9,HCV c1 Ab Ser Ql IB
56927-7,HCV c2 Ab Ser Ql IB
56928-5,HCV E2 Ab Ser Ql IB
56929-3,HCV NS3 Ab Ser Ql IB
56930-1,HCV NS4 Ab Ser Ql IB
56941-8,Insulin 8h p chal SerPl-aCnc
56942-6,Insulin 64h p chal SerPl-aCnc
56943-4,Insulin 68h p chal SerPl-aCnc
56944-2,Insulin 3D p chal SerPl-aCnc
56945-9,Insulin 56h p chal SerPl-aCnc
56946-7,Insulin 2D p chal SerPl-aCnc
56947-5,Insulin 60H p chal SerPl-aCnc
56948-3,Insulin 44h p chal SerPl-aCnc
56949-1,Insulin 40H p chal SerPl-aCnc
56956-6,Magnesium/Creat Ur-Rto
56960-8,Neuts Seg NFr Mar Manual
56964-0,Phosphate/Creat Ur-Rto
56965-7,Phosphate/Creat 24h Ur-Rto
56971-5,Potassium/Creat 24h Ur-Rto
56972-3,Prolactin post precipitation SerPl-mCnc
56979-8,Sodium Sal-sCnc
56980-6,Sodium/Creat 24h Ur-Rto
56986-3,T4 Free 1h p chal SerPl-mCnc
56987-1,T4 Free 40M p chal SerPl-mCnc
56988-9,T4 Free 1.5h p chal SerPl-mCnc
56989-7,T4 Free 20M p chal SerPl-mCnc
57004-4,Glucose/Creat 24h Ur
57006-9,HCV IgG Ser IA-aCnc
57007-7,Insulin 52h p chal SerPl-aCnc
57014-3,Iron/Creat 24h Ur
57019-2,Urinalysis dipstick W Reflex Culture panel
57020-0,Urinalysis dipstick W Reflex Microscopic panel
57028-3,Iron Liver-mCnt
57033-3,A alternata Ab Ser Ql ID
57089-5,ECP Nasal fluid-mCnc
57182-8,HIV1 RNA tropism Plas
57208-1,Influenza virus vaccination received
57209-9,Reason influenza virus vaccine not received
57324-6,FLUAV IgG sp1 Ser IA-aCnc
57325-3,FLUAV IgG sp2 Ser IA-aCnc
57326-1,FLUAV IgM sp1 Ser IA-aCnc
57327-9,FLUAV IgM sp2 Ser IA-aCnc
57328-7,FLUBV IgM sp1 Ser IA-aCnc
57329-5,FLUBV IgM sp2 Ser IA-aCnc
57333-7,Ca-I adj pH7.4 SerPl ISE-mCnc
57334-5,Calcium 2h Ur-mCnc
57335-2,Calcium 12h Ur-mCnc
57340-2,Chloride 12h Ur-sCnc
57341-0,Chloride 2h Ur-sCnc
57342-8,Chloride 12h Ur-sRate
57348-5,Phosphate 12h Ur-mCnc
57349-3,Phosphate 2h Ur-mCnc
57353-5,Insulin 5M p chal SerPl-aCnc
57355-0,Potassium 12h Ur-sCnc
57356-8,Lactate 1M p chal SerPl-mCnc
57357-6,Lactate 10M p chal SerPl-mCnc
57358-4,Lactate 2h p chal SerPl-mCnc
57359-2,Lactate 3h p chal SerPl-mCnc
57360-0,Lactate 20M p chal SerPl-mCnc
57361-8,Lactate 3M p chal SerPl-mCnc
57362-6,Lactate 30M p chal SerPl-mCnc
57363-4,Lactate 5M p chal SerPl-mCnc
57364-2,Lactate 1h p chal SerPl-mCnc
57365-9,Lactate 1.5h p chal SerPl-mCnc
57366-7,Lactate pre chal SerPl-mCnc
57367-5,Magnesium 12h Ur-mCnc
57368-3,Magnesium 12h Ur-mRate
57369-1,Microalbumin 12h Ur-mCnc
57370-9,Sodium 12h Ur-sCnc
57376-6,C peptide BS SerPl-mCnc
57379-0,Potassium 2h Ur-sCnc
57380-8,Potassium 12h Ur-sRate
57382-4,Sodium 2h Ur-sCnc
57391-5,Eosinophil NFr Snv Manual
57460-8,Activ T Lymphs NFr BAL
57461-6,Activ T Lymphs NFr Bronch
57463-2,Cortis sp12 SerPl-mCnc
57464-0,Cortis sp11 SerPl-mCnc
57465-7,Cortis sp10 SerPl-mCnc
57466-5,Cortis sp9 SerPl-mCnc
57467-3,"1,25(OH)2D3 pre Ca SerPl-mCnc"
57468-1,"1,25(OH)2D3 pre Ca SerPl-sCnc"
57469-9,"1,25(OH)2D3 2h p Ca SerPl-sCnc"
57470-7,"1,25(OH)2D3 2h p Ca SerPl-mCnc"
57471-5,"1,25(OH)2D3 3h p Ca SerPl-sCnc"
57472-3,"1,25(OH)2D3 3h p Ca SerPl-mCnc"
57473-1,"1,25(OH)2D3 1h p Ca SerPl-sCnc"
57474-9,"1,25(OH)2D3 1h p Ca SerPl-mCnc"
57566-2,25(OH)D3 pre Ca SerPl-sCnc
57567-0,25(OH)D3 2h p Ca SerPl-sCnc
57568-8,25(OH)D3 3h p Ca SerPl-sCnc
57569-6,25(OH)D3 1h p Ca SerPl-sCnc
57645-4,C peptide 10M pre chal SerPl-sCnc
57646-2,C peptide 190M p chal SerPl-sCnc
57647-0,C peptide 3.3h p chal SerPl-sCnc
57648-8,C peptide 5M pre chal SerPl-sCnc
57649-6,C peptide 1h pre chal SerPl-sCnc
57650-4,C peptide 70M pre chal SerPl-sCnc
57651-2,C peptide 1.3h p chal SerPl-sCnc
57664-5,LDH Smn-cCnc
57667-8,Deprecated M protein beta Ur Elph-mCnc
57668-6,IGF BP3 10M p chal SerPl-mCnc
57669-4,IGF BP3 20M p chal SerPl-mCnc
57684-3,Cortis sp11 Sal-mCnc
57685-0,Cortis sp2 Sal-mCnc
57686-8,Cortis sp12 Sal-mCnc
57687-6,Cortis sp1 Sal-mCnc
57688-4,Cortis sp3 Sal-mCnc
57689-2,Cortis sp4 Sal-mCnc
57690-0,Cortis sp10 Sal-mCnc
57691-8,Cortis sp9 Sal-mCnc
57692-6,Cortis sp5 Sal-mCnc
57693-4,Cortis sp6 Sal-mCnc
57694-2,Cortis sp7 Sal-mCnc
57695-9,Cortis sp8 Sal-mCnc
57698-3,Lipid panel with direct LDL
5770-3,Bilirub Ur Ql Strip
57703-1,Hemoglobin disorders NBS comment
5771-1,Bilirub Cry UrnS Ql Micro
5772-9,Ca Carbonate Cry Snv Ql Micro
57728-8,Lactate 40M p chal SerPl-mCnc
57729-6,Lactate 6M p chal SerPl-mCnc
5773-7,Ca Carbonate Cry UrnS Ql Micro
57735-3,Prot Ur Ql Strip.auto
5774-5,CaOx Cry UrnS Ql Micro
57741-1,LPT OKT3 Bld-nRate
57743-7,ABO Group Bld Cfm
5775-2,Ca Phos Cry UrnS Ql Micro
57751-0,Hgb Ur Ql Strip.auto
5776-0,Ca Sulfate Cry UrnS Ql Micro
57763-5,aPTT imm NP/pre NP PPP
5777-8,Cholest Cry UrnS Ql Micro
57778-3,Immunoglobulin light chains.free panel
57795-7,Fecal hydrolysis panel
57797-3,Glucose Stl Post hydrolysis-mCnc
57798-1,Progest 20M p chal SerPl-mCnc
57803-9,Occult blood panel
57804-7,# Occ bld spec recommended Stl
57810-4,HEDIS 2010-11 MPM-A BUN
57815-3,HEDIS 2010 CDC-H
57816-1,HEDIS 2010 CMC-D
57821-1,HEDIS 2010 MPM-A K
57824-5,Cortis F AM peak SerPl-mCnc
57825-2,Cortis F PM SerPl-mCnc
57836-9,Basophils NFr Snv Manual
57840-1,Eosinophil NFr Dial fld Manual
5785-1,Eosinophil #/area UrnS HPF
57894-8,C peptide 100M p chal SerPl-sCnc
57895-5,FLUAV H1 NI resis Spec Genotyp
57897-1,FLUAV+FLUBV NI resis Spec Genotyp
57899-7,T3/T3Reverse SerPl-Rto
57904-5,Bg sup(a) Ag RBC Ql
57905-2,Hgb sp1 Stl gastro lower Ql IA
57919-3,Calcium Fld.NB-mCnc
5792-7,Glucose Ur Strip-mCnc
57936-7,HDLc 2a SerPl-mCnc
57937-5,HDLc 3a SerPl-mCnc
57938-3,LDL5 SerPl-mCnc
5794-3,Hgb Ur Ql Strip
57946-6,C immitis IgG CSF Ql CF
57949-0,Complement C4c SerPl-mCnc
57970-6,Glucose 3h p 75 g Glc PO Ur-mCnc
57974-8,HIV1 Ab CSF Ql IB
57975-5,HIV 1+O+2 Ab Fld Ql
57976-3,HIV 2 gp140 Ab Ser Ql IB
57977-1,HIV 2 p16 Ab Ser Ql IB
57978-9,HIV 2 p34 Ab Ser Ql IB
57985-4,FLUAV H2 RNA Spec Ql NAA+probe
57986-2,IGF sp1 p chal SerPl-mCnc
57988-8,Iron CSF-mCnc
57998-7,Magnesium Fld.NB-mCnc
5801-6,Deprecated MAP Cry UrnS Ql Micro
58019-1,Phosphate Fld.NB-mCnc
5804-0,Prot Ur Strip-mCnc
58042-3,PCP Bld Ql Cfm
58053-0,Ch sup(a) Ag RBC Ql
58064-7,Jr sup(a) Ag RBC Ql
58069-6,Kn sup (b) Ag RBC Ql
58071-2,Rg sup(a) Ag RBC Ql
58073-8,Wr sup(a) Ag RBC Ql
58077-9,Urinalysis complete W Reflex Culture panel
58082-9,Vel Ag RBC Ql
58089-4,G6PD DBS-Imp
58090-2,G6PD NBS comment
58091-0,Glucose-6-Phosphate dehydrogenase newborn screen panel
581-9,Gp B Strep Cvx Ql Cult
58131-4,Flu vaccine date
5814-9,Tri-Phos Cry UrnS Ql Micro
582-7,Gp B Strep Genital Ql Cult
58212-2,RUG Case Mix Group
58213-0,RUG version code
58217-1,Insulin
58240-3,PhenX measure - blood pressure
58241-1,PhenX measure - high blood pressure during pregnancy
58292-4,Hgh blood cholesterol
58293-2,High cholest med
58299-9,Age began taking cholest med
583-5,Gp B Strep Gen lochia Ql Cult
58300-5,Toxemia during preg
58310-4,Location of chest discomfort
5835-4,CMV Bld Ql Cult
58356-7,Ethanol/Creat Ur
58357-5,Amphet/Creat Ur
58358-3,Methamphet/Creat Ur
58360-9,Buprenorphine/Creat Ur
58367-4,Nordiazepam/Creat Ur
58368-2,Oxazepam/Creat Ur
58369-0,Temazepam/Creat Ur
5837-0,CMV Ur Ql Cult
58371-6,Carisoprodol/Creat Ur
58382-3,Norfentanyl/Creat Ur
58386-4,Meperidine/Creat Ur
58387-2,Normeperidine/Creat Ur
58392-2,Morphine/Creat Ur
58393-0,HYDROcodone/Creat Ur
58395-5,oxyCODONE/Creat Ur
58397-1,PCP/Creat Ur
58398-9,Propoxyph/Creat Ur
584-3,Gp B Strep Vag Ql Cult
58405-2,HBV surface Ab s/co Ser
5842-0,EV Stl Cult
58422-7,Alternate state Medicaid billing
58431-8,Microalbumin panel
58447-4,Microalbumin/Creatinine ratio panel
58448-2,Microalbumin ug/min 24H Ur-mRate
58450-8,Bilirub Ur Ql Cfm
58452-4,HBV surface Ag Ser-aCnc
58453-2,Hgb Stl gastro lower IA-mCnc
58462-3,Comp functional activity SerPl IA-aCnc
58463-1,Tau Prot MFr CSF
58484-7,Estradiol sp8 p chal SerPl HS-mCnc
58485-4,Estradiol BS SerPl HS-mCnc
58486-2,Estradiol sp7 p chal SerPl HS-mCnc
58487-0,Estradiol sp6 p chal SerPl HS-mCnc
58488-8,Estradiol sp5 p chal SerPl HS-mCnc
58489-6,Estradiol sp4 p chal SerPl HS-mCnc
58490-4,Estradiol sp3 p chal SerPl HS-mCnc
58491-2,Estradiol sp2 p chal SerPl HS-mCnc
58492-0,Estradiol sp1 p chal SerPl HS-mCnc
58494-6,C peptide 1.5h p Glc SerPl-mCnc
58495-3,C peptide 10M p 1 mg Gc IV SerPl-sCnc
58496-1,C peptide sp10 p chal SerPl-mCnc
58497-9,C peptide sp11 p chal SerPl-mCnc
58498-7,C peptide sp12 p chal SerPl-mCnc
58499-5,C peptide 15M p 1 mg Gc PO SerPl-sCnc
585-0,Gp B Strep Throat Ql Cult
58500-0,C peptide 15M p Glc SerPl-mCnc
58501-8,C peptide 15M pre chal SerPl-mCnc
58502-6,C peptide 15M pre chal SerPl-sCnc
58503-4,C peptide 1h p Glc SerPl-mCnc
58504-2,C peptide sp1 p chal SerPl-mCnc
58505-9,C peptide 2.5h p Glc SerPl-mCnc
58506-7,C peptide 2.5h p Glc SerPl-sCnc
58507-5,C peptide 2M p 1 mg Glc IV SerPl-sCnc
58508-3,C peptide 3.5h p Glc SerPl-mCnc
58509-1,C peptide 3.5h p Glc SerPl-sCnc
58510-9,C peptide 30M p Glc SerPl-mCnc
58511-7,C peptide 3h p Glc SerPl-mCnc
58512-5,C peptide 4.5h p Glc SerPl-mCnc
58513-3,C peptide 4.5h p Glc SerPl-sCnc
58514-1,C peptide 45M p Glc SerPl-mCnc
58515-8,C peptide 45M p Glc SerPl-sCnc
58516-6,C peptide 4h p Glc SerPl-mCnc
58517-4,C peptide 4h p Glc SerPl-sCnc
58518-2,C peptide 5h p Glc SerPl-mCnc
58519-0,C peptide 5h p Glc SerPl-sCnc
58520-8,C peptide 5M p 1 mg Gc IV SerPl-sCnc
58521-6,C peptide sp9 p chal SerPl-mCnc
58522-4,C peptide pre Glc SerPl-mCnc
58529-9,ACTH 1.5h p Glc Plas-sCnc
58531-5,ACTH 1.5h p Ins IV Plas-sCnc
58536-4,ACTH 105M p Ins IV Plas-mCnc
58537-2,ACTH 105M p Ins IV Plas-sCnc
58547-1,ACTH 15M p Ins IV Plas-mCnc
58548-9,ACTH 15M p Ins IV Plas-sCnc
58551-3,ACTH 15M pre Ins IV Plas-mCnc
58552-1,ACTH 15M pre Ins IV Plas-sCnc
58556-2,ACTH 1h p Glc Plas-mCnc
58557-0,ACTH 1h p Glc Plas-sCnc
58558-8,ACTH 1h p Ins IV Plas-sCnc
58565-3,ACTH 2.5h p Ins IV Plas-mCnc
58566-1,ACTH 2.5h p Ins IV Plas-sCnc
58567-9,ACTH 2.5h p Glc Plas-mCnc
58568-7,ACTH 2.5h p Glc Plas-sCnc
58574-5,ACTH 2h p Glc Plas-mCnc
58575-2,ACTH 2h p Glc Plas-sCnc
58576-0,ACTH 2h p Ins IV Plas-mCnc
58577-8,ACTH 2h p Ins IV Plas-sCnc
58583-6,ACTH 30M p Glc Plas-mCnc
58584-4,ACTH 30M p Glc Plas-sCnc
58585-1,ACTH 30M p Ins IV Plas-sCnc
58591-9,ACTH 30M pre Ins IV Plas-sCnc
58596-8,ACTH 3h p Glc Plas-mCnc
58597-6,ACTH 3h p Glc Plas-sCnc
58598-4,ACTH 3h p Ins IV Plas-mCnc
58599-2,ACTH 3h p Ins IV Plas-sCnc
586-8,Gp B Strep Spec Ql Cult
5860-2,FLUAV Ag Throat Ql IA
58606-5,ACTH 45M p Ins IV Plas-sCnc
5861-0,FLUAV Ag Throat Ql IF
58612-3,ACTH 75M p Ins IV Plas-mCnc
58613-1,ACTH 75M p Ins IV Plas-sCnc
5862-8,FLUAV Ag Spec Ql IA
58624-8,ACTH pre Glc Plas-mCnc
58625-5,ACTH pre Glc Plas-sCnc
58626-3,ACTH pre Ins IV Plas-sCnc
5863-6,FLUAV Ag Spec Ql IF
58631-3,Cortis 1.5h p 1 ug/kg CRH IV Sal-mCnc
58632-1,Cortis 1.5h p 1 ug/kg CRH IV Sal-sCnc
58633-9,Cortis 10 AM SerPl-mCnc
58634-7,Cortis 10 AM SerPl-sCnc
58635-4,Cortis 10 PM SerPl-mCnc
58636-2,Cortis 10 PM SerPl-sCnc
58637-0,Cortis sp10 p chal Sal-mCnc
58638-8,Cortis sp10 p chal Sal-sCnc
58639-6,Cortis sp10 p chal SerPl-sCnc
5864-4,FLUBV Ag Throat Ql IA
58640-4,Cortis sp11 p chal Sal-mCnc
58641-2,Cortis sp11 p chal Sal-sCnc
58642-0,Cortis 12 AM Sal-mCnc
58643-8,Cortis 12 AM Sal-sCnc
58644-6,Cortis 12 PM Sal-mCnc
58645-3,Cortis 12 PM Sal-sCnc
58646-1,Cortis sp12 p chal Sal-mCnc
58647-9,Cortis sp12 p chal Sal-sCnc
58648-7,Cortis 15M p 1 ug/kg CRH IV Sal-mCnc
58649-5,Cortis 15M p 1 ug/kg CRH IV Sal-sCnc
5865-1,FLUBV Ag Throat Ql IF
58650-3,Cortis 15M pre 1 ug/kg CRH IV Sal-mCnc
58651-1,Cortis 15M pre 1 ug/kg CRH IV Sal-sCnc
58652-9,Cortis 1h p 1 ug/kg CRH IV Sal-mCnc
58653-7,Cortis 1h p 1 ug/kg CRH IV Sal-sCnc
58654-5,Cortis sp1 p chal Sal-sCnc
58655-2,Cortis 2 PM SerPl-mCnc
58656-0,Cortis 2 PM SerPl-sCnc
58657-8,Cortis 2h p 1 ug/kg CRH IV Sal-mCnc
58658-6,Cortis 2h p 1 ug/kg CRH IV Sal-sCnc
58659-4,Cortis 2h p 1 ug/kg CRH IV SerPl-sCnc
5866-9,FLUBV Ag Spec Ql IA
58660-2,Cortis sp2 p chal Sal-sCnc
58661-0,Cortis 30M pre 1 ug/kg CRH IV Sal-mCnc
58662-8,Cortis 30M pre 1 ug/kg CRH IV Sal-sCnc
58663-6,Cortis 30M pre 1 ug/kg CRH IV SerPl-mCnc
58664-4,Cortis 30M pre 1 ug/kg CRH IV SerPl-sCnc
58665-1,Cortis sp3 p chal Sal-sCnc
58666-9,Cortis 4 AM specimen Sal-mCnc
58667-7,Cortis 4 AM specimen Sal-sCnc
58668-5,Cortis 4 PM Sal-mCnc
58669-3,Cortis 4 PM Sal-sCnc
5867-7,FLUBV Ag Spec Ql IF
58670-1,Cortis 45M p 1 ug/kg CRH IV Sal-mCnc
58671-9,Cortis 45M p 1 ug/kg CRH IV Sal-sCnc
58672-7,Cortis 45M p 1 ug/kg CRH IV SerPl-sCnc
58673-5,Cortis sp4 p chal Sal-sCnc
58674-3,Cortis 8 AM Sal-mCnc
58675-0,Cortis 8 AM Sal-sCnc
58676-8,Cortis 8 PM Sal-mCnc
58677-6,Cortis 8 PM Sal-sCnc
58678-4,Cortis pre 1 ug/kg CRH IV Sal-mCnc
58679-2,Cortis pre 1 ug/kg CRH IV Sal-sCnc
58680-0,Cortis pre 2 mg Dex high SerPl-sCnc
58683-4,C5 SerPl Ql
58686-7,C peptide 2h p Glc SerPl-mCnc
58688-3,Cortis sp11 p chal SerPl-mCnc
58689-1,Cortis sp11 p chal SerPl-sCnc
58690-9,Cortis sp12 p chal SerPl-mCnc
58691-7,Cortis sp12 p chal SerPl-sCnc
58692-5,Cortis sp5 p chal Sal-sCnc
58693-3,Cortis sp6 p chal Sal-sCnc
58694-1,Cortis sp7 p chal Sal-sCnc
58695-8,Cortis sp8 p chal Sal-mCnc
58696-6,Cortis sp8 p chal Sal-sCnc
58697-4,Cortis sp9 p chal Sal-mCnc
58698-2,Cortis sp9 p chal Sal-sCnc
58716-2,Testosterone.free+weakly bound & total panel
58717-0,LPT CA Bld-Imp
58718-8,LPT 10 ug CA Act/Nor Bld
58719-6,LPT 5 ug CA Act/Nor Bld
58720-4,LPT 2 ug CA Act/Nor Bld
58721-2,LPT .5 ug CA Act/Nor Bld
58722-0,LPT PW Bld-Imp
58723-8,LPT 10 ug PW Act/Nor Bld
58724-6,LPT 5 ug PW Act/Nor Bld
58725-3,LPT 1.0 ug PW Act/Nor Bld
58726-1,LPT 0.50 ug PW Act/Nor Bld
58727-9,LPT PHA Bld-Imp
58728-7,LPT 5 ug PHA Act/Nor Bld
58729-5,LPT 2.5 ug PHA Act/Nor Bld
58730-3,LPT 1.0 ug PHA Act/Nor Bld
58731-1,LPT 0.5 ug PHA Act/Nor Bld
58759-2,ECV Ab Titr CSF CF
58774-1,A alternata (rAlt a) 1 IgE Qn
5878-4,Rickettsia Bld Cult
58781-6,Calcium DiafP-mCnc
58797-2,Y enterocol Ab Titr Ser CF
58803-8,Acetone/Creat Ur
58810-3,Testost sp2 SerPl-mCnc
58816-0,C peptide sp2 SerPl-mCnc
58817-8,Estradiol sp3 SerPl-mCnc
58819-4,Cortis sp21 SerPl-mCnc
58820-2,Cortis sp24 SerPl-mCnc
58821-0,Cortis sp23 SerPl-mCnc
58822-8,Cortis sp22 SerPl-mCnc
58823-6,Cortis sp20 SerPl-mCnc
58824-4,Cortis sp19 SerPl-mCnc
58825-1,Cortis sp18 SerPl-mCnc
58826-9,Cortis sp17 SerPl-mCnc
58827-7,Cortis sp16 SerPl-mCnc
58828-5,Cortis sp14 SerPl-mCnc
58829-3,Cortis sp15 SerPl-mCnc
5883-4,Virus Bld Cult
58830-1,Cortis sp13 SerPl-mCnc
58832-7,IGF BP3 45M p chal SerPl-mCnc
58835-0,Testost BS SerPl-mCnc
58836-8,T4 Free 3h p chal SerPl-mCnc
58837-6,T4 Free 2h p chal SerPl-mCnc
58838-4,T4 Free BS SerPl-mCnc
58839-2,T3Free 3h p chal SerPl-mCnc
58840-0,T3Free BS SerPl-mCnc
58841-8,C peptide 5M p chal SerPl-mCnc
58851-7,Testost 3D p chal SerPl-mCnc
58854-1,Estradiol 4D p chal SerPl-mCnc
58859-0,Hcys p chal SerPl-sCnc
5886-7,Virus Stl Cult
58896-2,C peptide p chal SerPl-mCnc
58900-2,HIV 1+2 Ab+HIV1 p24 Ag SerPl IA-aCnc
58920-0,CD4+CD45RO+ Cells/CD3+CD4+ Bld
58927-5,Glutamine+Histidine/Creat Ur-Rto
58936-6,HEV Ab Ser Ql IA
58937-4,F12 gene Mut Anl Bld/T
58938-2,LCT gene Mut Anl Bld/T
5894-1,Prothrombin time/nomal
58941-6,Bilirub Skin-mCnc
5895-7,Deprecated INR Plas
58952-3,Testosterone free & total panel
58956-4,DAT C3b+C4d Comp-Sp Reag RBC Ql
5896-5,Deprecated PT Inv Ratio Plas
58992-9,Prot 18h Ur-mRate
58993-7,Phosphate 18h Ur-mRate
58994-5,Sodium 18h Ur-sRate
58995-2,Magnesium 18h Ur-mRate
58996-0,Potassium 18h Ur-sRate
58997-8,Glucose 18h Ur-mRate
58999-4,Chloride 18h Ur-sRate
59000-0,Calcium 18h Ur-mRate
59001-8,Amylase 18h Ur-cRate
59004-2,Lactate BS SerPl-sCnc
59005-9,Lactate 1M p chal SerPl-sCnc
59006-7,Lactate 3M p chal SerPl-sCnc
59007-5,Lactate 5M p chal SerPl-sCnc
59008-3,IGF BP3 15M p chal SerPl-mCnc
5901-4,PT PPP Cont
59010-9,Fract excret K ?Tm Ur+SerPl-Rto
59011-7,Lactate 10M p chal SerPl-sCnc
59012-5,Lactate 15M p chal SerPl-sCnc
59013-3,Lactate 30M p chal SerPl-sCnc
5902-2,Prothrombin time
59025-7,Neutrophil Ab Ser FC-aCnc
59032-3,Lactate Bld-mCnc
59036-4,Trigl DiafP-mCnc
59037-2,Phosphate DiafP-mCnc
59038-0,Cholest DiafP-mCnc
59039-8,Amylase DiafP-cCnc
59040-6,Cancer Ag125 DiafP-aCnc
59047-1,F5 p.H1299R Bld/T Ql
59048-9,Lactate/Pyruvate Bld
5905-5,Monocytes NFr Bld Auto
59052-1,HIV 1+HCV RNA+HBV DNA SerPl Ql NAA+probe
5906-3,Neutrophils # Snv Auto
59063-8,Lymphocyte proliferation panel
5907-1,Deprecated Platelet # Bld Auto
5910-5,LDH Isos SerPl-Imp
5911-3,LP SerPl-Imp
5912-1,CK Isos SerPl-Imp
5913-9,Hgb F MFr Amn
5914-7,Glucose Bld Ql Strip
59148-7,Calcium p dialysis SerPl-sCnc
59149-5,CK Macro SerPl Ql
59150-3,VRE Anal Ql Cult
59151-1,VRE Ur Ql Cult
59152-9,VRE DNA Spec Ql NAA+probe
59153-7,Cortis 5h p chal SerPl-sCnc
59156-0,Glucose Ur Strip.auto-sCnc
59157-8,Glucose pre Lac PO SerPl-sCnc
59159-4,Microalbumin/Creat 24h Ur-Rto
59161-0,Phosphate Stl-sCnc
59162-8,Potassium 24h Stl-sCnc
59163-6,Sodium 24h Stl-sCnc
59164-4,ALP Dial fld-cCnc
59166-9,Bilirub 24h Stl-sRate
59167-7,Phosphate 24h Stl-sRate
59177-6,B2 Microglob/Creat Ur-Rto
59178-4,Chloride Gast-sCnc
59179-2,Insulin p fast SerPl-sCnc
5918-8,Urea nit Dial fld-mCnc
59185-9,Hgb H inclusion bodies Bld Ql
59188-3,ALP Plac CSF-cCnc
5919-6,Creat Dial fld-mCnc
59193-3,Deoxyuridine/Creat Ur-sRto
59201-4,Deoxyguanosine/Creat Ur-sRto
59202-2,Deoxyinosine/Creat Ur-sRto
5921-2,LDH Dial fld-cCnc
59217-0,B2 Microglob Prt-mCnc
59218-8,B2 Microglob Plr-mCnc
59219-6,Testost Plr-sCnc
59229-5,Testost Prt-sCnc
59233-7,Testost CSF-sCnc
59240-2,Testost Fld-sCnc
59248-5,Cholest Est Tiss-cCnt
59250-1,Tocopherols/Cholest SerPl-sRto
59252-7,Hycs-Cys diS CSF-sCnc
59253-5,Hycs-Cys diS Ur-sCnc
5926-1,Deprecated Sodium Dial fld-sCnc
59260-0,Hgb Bld-sCnc
59261-8,HbA1c per IFCC-RMP for CDT SFr Bld
5927-9,Deprecated Potassium Dial fld-sCnc
59273-3,Cortis p 6 mg Dex SerPl-mCnc
59276-6,Ca H2 Phos dihyd Cry Stone Ql XR diff
59278-2,COD Cry Stone Ql XR diff
5928-1,Deprecated Chloride Dial fld-sCnc
5932-9,Cholest Bld Strip
59379-8,Gentamicin p dialysis SerPl-mCnc
59381-4,Vancomycin p dialysis SerPl-mCnc
59384-8,APAP Ur Ql Scn
59405-1,SaO2 8h Max % BldA PulseOx
59406-9,SaO2 8h Min % BldA PulseOx
59407-7,SaO2 % Bld Preductal PulseOx
59408-5,SaO2 % BldA PulseOx
59409-3,SaO2 during Tx % BldA PulseOx
59410-1,SaO2 room air % BldA PulseOx
59411-9,SaO2 p BD % BldA PulseOx
59412-7,SaO2 p Exc % BldA PulseOx
59413-5,SaO2 p Tx % BldA PulseOx
59414-3,SaO2 pre BD % BldA PulseOx
59415-0,SaO2 pre PT % BldA PulseOx
59416-8,SaO2 pre Tx % BldA PulseOx
59417-6,SaO2 Resting % BldA PulseOx
59418-4,SaO2 % Bld Postductal PulseOx
59419-2,HIV1 RNA # Plas Probe+sig amp
59423-4,FLUAV HA RNA Spec NAA+probe
59424-2,FLUAV HA RNA Islt NAA+probe
59463-0,Lymphocytes NFr Dial fld
59467-1,MCHC RBC-EntSCnc
59470-5,Ca-I BldA-mCnc
59471-3,Ca-I BldV-mCnc
59472-1,Ca-I adj pH7.4 BldA ISE-mCnc
59473-9,Ca-I adj pH7.4 BldV ISE-mCnc
5956-8,PT imm NP PPP Cont
59563-7,M Protein 4 Ur Elph-mCnc
59570-2,BUN Bld-sCnc
59571-0,Trigl 24h Ur-sRate
59572-8,Trigl Ur-sCnc
5959-2,PT imm NP PPP
5960-0,Deprecated PT PPP Cont Qn
5961-8,Deprecated PT PPP Qn
5962-6,Deprecated PT imm NP PPP Qn
5963-4,Deprecated PT imm NP PPP Cont Qn
5964-2,PT Bld
59733-6,Potassium Tiss-mCnt
59740-1,Silver RBC-mCnc
59755-9,Titanium RBC-mCnc
59766-6,Tungsten RBC-mCnc
59786-4,Urea/Creat Ur-sRto
59800-3,M Protein 2 MFr Ur Elph
59801-1,M Protein 3 MFr Ur Elph
59802-9,M Protein 4 MFr Ur Elph
59803-7,Cortis 30M p chal SerPl-SCDiff
59804-5,Cortis 1h p chal SerPl-SCDiff
59808-6,Lg Gran Lymphs Bld Ql
59812-8,Glucose 11 AM SerPl-sCnc
59813-6,Glucose 7 AM BldC Glucomtr-sCnc
59814-4,Glucose 7 AM SerPl-sCnc
59815-1,Glucose 3 PM SerPl-sCnc
59816-9,Neutrophils.immature NFr Fld
59826-8,Creat Bld-sCnc
59827-6,Bilirub BldA-mCnc
59828-4,Bilirub BldV-mCnc
59849-0,Lactate p Exc SerPl-sCnc
599-1,Bacteria BPU Aerobe Cult
5994-9,PA PRP Ca Ionoph
59988-6,Testost sp8 p chal SerPl-mCnc
59989-4,Testost sp7 p chal SerPl-mCnc
59990-2,Testost sp6 p chal SerPl-mCnc
59991-0,Testost sp5 p chal SerPl-mCnc
59992-8,Testost sp4 p chal SerPl-mCnc
59993-6,Testost sp3 p chal SerPl-mCnc
59994-4,Testost sp2 p chal SerPl-mCnc
59995-1,Testost sp1 p chal SerPl-mCnc
59996-9,IGF BP3 sp8 p chal SerPl-mCnc
59997-7,IGF BP3 sp7 p chal SerPl-mCnc
59998-5,IGF BP3 sp6 p chal SerPl-mCnc
59999-3,IGF BP3 sp5 p chal SerPl-mCnc
600-7,Blood culture result
60000-7,IGF BP3 sp4 p chal SerPl-mCnc
60001-5,IGF BP3 sp3 p chal SerPl-mCnc
60002-3,IGF BP3 sp2 p chal SerPl-mCnc
60003-1,IGF BP3 BS SerPl-mCnc
60004-9,IGF BP3 sp1 p chal SerPl-mCnc
60005-6,IGF-I sp8 p chal SerPl-mCnc
60006-4,IGF-I sp7 p chal SerPl-mCnc
60007-2,IGF-I sp6 p chal SerPl-mCnc
60008-0,IGF-I sp5 p chal SerPl-mCnc
60009-8,IGF-I sp4 p chal SerPl-mCnc
60010-6,IGF-I sp3 p chal SerPl-mCnc
60011-4,IGF-I sp2 p chal SerPl-mCnc
60012-2,IGF-I sp1 p chal SerPl-mCnc
60013-0,Cortis 40M p chal SerPl-sCnc
60017-1,LDH Fld P to L-cCnc
60018-9,LDH Pcar P to L-cCnc
60019-7,LDH Pcar L to P-cCnc
60020-5,LDH Prt P to L-cCnc
60021-3,LDH Plr P to L-cCnc
60022-1,LDH Plr L to P-cCnc
60023-9,LDH CSF P to L-cCnc
60024-7,LDH CSF L to P-cCnc
60046-0,Acetaldehyde RBC-mCnc
60048-6,APAP Bld-mCnc
60049-4,APAP Fld-mCnc
60050-2,APAP Tiss-mCnt
60055-1,Astemizole Fld-mCnc
60056-9,Astemizole Tiss-mCnt
60058-5,Bismuth RBC-mCnc
60076-7,Gallium RBC-mCnc
60080-9,Germanium RBC-mCnc
60089-0,Indium RBC-mCnc
601-5,Fungus Bld Cult
60161-7,Phenacemide Bld-mCnc
60164-1,Phensuximide Bld-mCnc
60180-7,Tellurium RBC-mCnc
60185-6,Thallium RBC-mCnc
60190-6,Tin RBC-mCnc
6020-2,A alternata IgE Qn
60201-1,Salicylates Bld-mCnc
60217-7,Chloride Mother Milk-sCnc
60218-5,Potassium Mother Milk-sCnc
60220-1,Sodium Mother Milk-sCnc
60267-2,FLUCV RNA Islt Ql NAA+probe
60277-1,C3 Ag Tiss Ql IF
60278-9,Fibrinogen Ag Tiss Ql IF
60341-5,Deprecated Na Urate Cry UrnS Ql Micro
60344-9,LPa MFr SerPl
60430-6,HEV Gentyp Bld NAA+probe
60439-7,Lg Gran Lymphs NFr Bld FC
60449-6,HEDIS 2011-12 MPM-A K
60459-5,C6.functional SerPl-aCnc
60463-7,Insulin Ab Ser-sCnc
60472-8,C5.functional SerPl-aCnc
60473-6,Lymphs Vac Bld Ql Smear
60474-4,Retics # Auto
60479-3,HEDIS 2011-12 CMC-D
60480-1,HEDIS 2010-11 CWP-D
60481-9,HEDIS 2011-12 CDC-H
60482-7,HEDIS 2011-12 MPM-E Phenytoin
60489-2,S pyo DNA Throat Ql NAA+probe
60491-8,LCA gene Mut Anl Bld/T
60494-2,FLUAV H1 2009 RNA Spec NAA+probe-Imp
60496-7,MAP2K2 gene Mut Anl Bld/T
60517-0,Iron/Transferrin SerPl-Rto
60520-4,Eosinophil Fld Ql Micro
60529-5,FLUAV H1 2009 pand Ab Titr Ser
60530-3,FLUAV H9 RNA Islt Ql NAA+probe
60538-6,FLUAV H1+H3+FLUBV RNA Spec Ql NAA+probe
60554-3,CD59 deficient Monocytes NFr Bld
60566-7,Respiratory pathogens DNA & RNA 12b panel
60576-6,"t(14;18)(IGH,BCL2) Major CSF Ql"
60584-0,"t(14;18)(IGH,BCL2) Minor CSF Ql"
60678-0,Prot/Creat 12h Ur
60680-6,Cortis F 30M p ACTH SerPl-mCnc
60681-4,Cortis F 1h p ACTH SerPl-mCnc
61066-7,Ethanol Spec Ql Scn
61095-6,Ethanol Gast Ql Scn
61101-2,FLUAV NA RNA Spec Seq
61102-0,FLUAV + FLUBV Ag Spec IF
61106-1,16p11.2 chrom Del+Dup Bld/T
61108-7,mtDNA I Mut Anl Bld/T
61113-7,Ig gene Rear Bld/T
61118-6,Lymphocytes.cyIgG/lymph NFr Fld
61119-4,Lymphocytes.cyIgM/lymph NFr Fld
61123-6,Lymphocytes NFr Spec FC
61125-1,Monocytes NFr Spec FC
61151-7,Albumin SerPl BCG-mCnc
61152-5,Albumin SerPl BCP-mCnc
61153-3,Glucose BS DiafP-mCnc
61154-1,HBV L180M Islt Ql Genotyp
61155-8,HBV L80V Islt Ql Genotyp
61156-6,HBV V173L Islt Ql Genotyp
61157-4,HBV M204V Islt Ql Genotyp
61158-2,HBV M204I Islt Ql Genotyp
61159-0,HBV M204S Islt Ql Genotyp
61160-8,HBV A181V Islt Ql Genotyp
61161-6,HBV A181T Islt Ql Genotyp
61162-4,HBV N236T Islt Ql Genotyp
61163-2,HBV A194T Islt Ql Genotyp
61164-0,HBV T184S Islt Ql Genotyp
61165-7,HBV T184I Islt Ql Genotyp
61166-5,HBV S202G Islt Ql Genotyp
61167-3,HBV S202C Islt Ql Genotyp
61168-1,HBV S202I Islt Ql Genotyp
61169-9,HBV I233V Islt Ql Genotyp
61170-7,HBV M250V Islt Ql Genotyp
61171-5,HBV M250I Islt Ql Genotyp
61172-3,HBV M250L Islt Ql Genotyp
61173-1,HBV L80I Islt Ql Genotyp
61180-6,Hgb Bld Fetus-mCnc
61189-7,INR PPP Fetus
61190-5,PT PPP Fetus
61195-4,Albumin SerPl Fetus-mCnc
61196-2,Albumin Ur Fetus-mCnc
61199-6,HIV1 integrase gene Mut Det Islt
61201-0,Mold Allerg Mix1 IgE/IgE total %
61276-2,Insulin Porcine IgE/IgE total %
61342-2,Mouse Urine Prot IgE/IgE total %
61346-3,Rat Urine Prot IgE/IgE total %
61350-5,LPT 2.5 ug CA Bld
61351-3,LPT 0.6 ug PW Bld
61352-1,LPT 2.5 ug PW Bld
61353-9,LPT 10 ug PHA Bld
61354-7,LPT 40 ug PHA Bld
61407-3,Amitrip/Creat Ur
61408-1,Cyclobenzaprine/Creat Ur
61411-5,Desipramine/Creat Ur
61414-9,Doxepin/Creat Ur
61420-6,Norhydrocodone/Creat Ur
61423-0,Noroxycodone/Creat Ur
61426-3,Nortrip/Creat Ur
61435-4,Deprecated Calcium Intake (Da
61436-2,PhenX - calcium intake - pediatric protocol 050201
61452-9,OJ calcium fortified in 30D PhenX
61458-6,PhenX measure - calcium intake
6147-3,Insulin Bovine IgE Qn
6148-1,Insulin Human IgE Qn
6149-9,Insulin Porcine IgE Qn
61510-4,Bcomplex stress vit PhenX
61511-2,Years Bcomplex stress multiple vit PhenX
61512-0,Calcium PhenX
61513-8,Y calcium alone or combined PhenX
61517-9,Folic acid folate PhenX
61522-9,Iron PhenX
61523-7,Years iron PhenX
61526-0,Regular multiple vit PhenX
61527-8,Years regular multiple vit PhenX
61534-4,Vit B12 PhenX
61535-1,Years vit B12 PhenX
61536-9,Vit B6 PhenX
61537-7,Years vit B6 PhenX
61538-5,Vit C PhenX
61539-3,How much vitamin C PhenX
61540-1,Years vit C PhenX
61541-9,Vit D alone PhenX
61542-7,Years vit D alone PhenX
61543-5,Vit E PhenX
61544-3,How much vitamin E PhenX
61545-0,Years vit E PhenX
61546-8,Years folic acid folate PhenX
6181-2,Mouse Urine Prot IgE Qn
62068-2,PROMIS pediatric item bank - asthma - version 1.0
62069-0,In the past 7 days - I felt scared that I might have trouble breathing because of my asthma
62070-8,In the past 7 days - My chest felt tight because of my asthma
62071-6,In the past 7 days - I felt wheezy because of my asthma
62072-4,In the past 7 days - I had trouble sleeping at night because of my asthma
62073-2,In the past 7 days - It was hard for me to play sports or exercise because of my asthma
62074-0,In the past 7 days - It was hard to take a deep breath because of my asthma
62075-7,In the past 7 days - My asthma bothered me
62076-5,In the past 7 days - I coughed because of my asthma
62077-3,In the past 7 days - I got tired easily because of my asthma
62078-1,In the past 7 days - I had asthma attacks
62079-9,In the past 7 days - I had trouble walking because of my asthma
62080-7,In the past 7 days - I missed school because of asthma
62082-3,In the past 7 days - It was hard for me to play with pets because of my asthma
62083-1,In the past 7 days - My asthma bothered me when I was with my friends
62208-4,PROMIS pediatric short form - asthma 8a - version 1.0
62213-4,In the past 7 days - I had trouble breathing because of my asthma
62234-0,Albumin SerPl BCP-sCnc
62235-7,Albumin SerPl BCG-sCnc
62236-5,Pyridoxal Phos SerPl-sCnc
62241-5,Hct VFr Bld Fetus Auto
62242-3,MCV RBC Fetus Auto
62244-9,Platelet # Bld Fetus Auto
62246-4,MCHC RBC Fetus Auto-EntMCnc
62249-8,Retics # Fetus Auto
62250-6,Imm Retics NFr Fetus Auto
62253-0,HDL SerPl Qn
62254-8,VLDL SerPl Qn
62255-5,LP-IR score SerPl
6226-5,Rat Urine Prot IgE Qn
62261-3,vanA+vanB Islt/Spm Ql
62277-9,PhenX measure - vitamin D
62288-6,PhenX - vitamin D protocol
62289-4,PhenX - calcium intake - adult protocol 050202
62343-9,Chromosome analysis copy number change panel
62345-4,Chrom analy interphase pnl Bld FISH
62346-2,Chrom analy interphase pnl Amn FISH
62347-0,Chrom analy prenatal pnl FISH
62348-8,Chrom analy pnl Bld G-banded
62349-6,Chrom analy pnl Bld Fetus G-banded
62352-0,Chrom analy pnl POC G-banded
62355-3,Chromosome analysis panel
62360-3,Cells analyzed
62388-4,HbA1c MFr Bld JDS/JSCC
62392-6,PhenX - blood pressure protocol 040301
62393-4,PhenX - preg high blood pressure protocol 040401
62418-9,Glucose/Insulin SerPl-Rto
62456-9,HIV2 p15 Ab Ser Ql IB
62462-7,FLUAV+FLUBV RNA Spec Ql NAA+probe
62469-2,HIV1 RNA SerPl NAA+probe-aCnc
62493-2,S pn+HFLU+S agal DNA XXX NAA+pr
625-4,Bacteria Stl Cult
62612-7,PhenX measure - respiratory - arterial blood gas - ABG
62613-5,PhenX - respiratory - arterial blood gas - ABG protocol 090201
62620-0,PhenX measure - respiratory - immunoglobulin E - total and specific
62621-8,Resp immunoglobulin E proto
62802-4,PhenX measure - fasting C-peptide assay for residual beta cell function
62803-2,PhenX - fasting C-peptide assay for residual beta cell function protocol 141201
62804-0,PhenX measure - fasting serum insulin
62805-7,PhenX - fasting serum insulin protocol 141301
62808-1,PhenX measure - urinary microalbumin assay for kidney function
62809-9,PhenX - urinary microalbumin assay for kidney function protocol 141501
62850-3,PhenX measure - fasting plasma glucose for diabetes screening - blood draw
62851-1,PhenX - fasting plasma glucose for diabetes screening - blood draw protocol 140801
62853-7,PhenX measure - glycosylated hemoglobin assay that reflects long-term glucose concentration
62854-5,PhenX - glycosylated hemoglobin assay reflecting long-term glucose concentration protocol 140901
62855-2,PhenX measure - oral glucose tolerance test
62856-0,PhenX - oral glucose tolerance test protocol 141001
62860-2,FLUCV RNA Spec Ql NAA+probe
62868-5,PhenX measure - assay for hepatitis C
62869-3,PhenX - assay for hepatitis C protocol 160301
62870-1,PhenX measure - assay for hepatitis B
62871-9,PhenX - assay for hepatitis B protocol 160401
62881-8,PhenX measure - human immunodeficiency virus (HIV)
62882-6,PhenX - human immunodeficiency virus (HIV) protocol 160901
62897-4,PhenX measure - alkaline phosphatase
62898-2,PhenX - alkaline phosphatase protocol 170101
6290-1,MCP C3b-C4b WBC Ql
6291-9,iC3b Recep WBC Ql
6292-7,Comp DAF RBC Ql
6293-5,C4d RBC Ql
6295-0,C3d RBC Ql
6296-8,C3b-C4b Recep RBC Ql
6297-6,C1q Ag Ser-aCnc
6298-4,Potassium Bld-sCnc
6299-2,BUN Bld-mCnc
630-4,Bacteria Ur Cult
6300-8,Glucose Amn-mCnc
6301-6,INR PPP
6302-4,Coagulation normal/actual PPP PT
6309-9,Arbovirus Bld Cult
6316-4,B pert Ab Titr Ser CF
63196-0,A alternata+D farinae IgG-mCnc
6325-5,B abortus Ab Titr Ser CF
63292-7,ANCA Ab Titr Fld IF
63293-5,ANCA Ab Titr CSF IF
6330-5,Campylobacter Bld Cult
6331-3,Campylobacter Stl Cult
63313-1,Rheumatoid fact Fld Shp Aggl-aCnc
63314-9,RF IgA Fld IA-aCnc
63315-6,RF IgM Fld IA-aCnc
63371-9,Ketones 1h p Glc Ur Ql Strip
63372-7,Ketones 3h p Glc Ur Ql Strip
63373-5,Ketones 4h p Glc Ur Ql Strip
63382-6,Glucose p fast Ur-mCnc
6342-0,Deprecated Chlamydia Ab Titr Ser CF
63422-0,"t(ABL1,BCR)p210+p190 Bld/T Ql"
63434-5,CV A Ab Titr CSF CF
63450-1,CD3+CD4+ Cells # CSF
63451-9,CD3+CD8+ Cells # CSF
63474-1,Microalbumin 18h Ur-mRate
635-3,Bacteria Spec Anaerobe Cult
63523-5,COHgb MFr BldCoA
63524-3,COHgb MFr BldCoV
63549-0,Albumin ser-prt fld-MCDiff
63550-8,Calcium magnesium phosphate MFr Stone
63557-3,HBV surface Ag SerPl IA-aCnc
63567-2,ANCA Ab pattern Fld IF-Imp
63568-0,ANCA Ab pattern CSF IF-Imp
63595-3,Drunk not intended 3X SSAGA II
63600-1,Alcohol more than intended SSAGA II
6362-8,C diff Tox A+B Stl Ql CT Tiss Cult
63635-7,Alc more than intended 3X SSAGA II
63681-1,Drug use hepatitis SSAGA II
63682-9,Drug continue cause hepatitis SSAGA II
63882-5,Ever progesterone progestin CTS
63883-3,Progesterone age first CTS
63884-1,Progesterone age last CTS
63885-8,Progestin Ys CTS
63887-4,Progesterone Ds CTS
6390-9,Echinococcus Ab Ser CF-aCnc
6392-5,ECV30 Ab Titr Ser CF
6394-1,ECV40 Ab Titr Ser CF
63992-2,Child vitamins W fluoride PhenX
6403-0,A phagocytoph Ab Ser Ql IA
64044-1,"Blood, bleeding on probing Tooth PhenX"
64081-3,FMRP cells/lymph NFr Bld ImStn
64082-1,Bilirub Indirect BldCo-mCnc
64084-7,M TB IFN-g CD4+ bckgrnd cor Bld-aCnc
64116-7,Hemoglobin observations newborn screening panel
64117-5,Most predominant Hb DBS
64118-3,2nd most predominant Hb DBS
64119-1,3rd most predominant Hb DBS
64120-9,4th most predominant Hb DBS
64121-7,5th most predominant Hb DBS
64122-5,Hb pres ID based on avail contr DBS
64128-2,Amobarbital/Creat Ur
64132-4,Pentobarb/Creat Ur
64139-9,Butalbital/Creat Ur
64195-1,Asthma ever PhenX
64196-9,Asthma still have PhenX
64197-7,Asthma Dr confirmed PhenX
64198-5,Asthma start age PhenX
64199-3,Asthma stop age PhenX
64206-6,High blood press tx ever PhenX
6421-2,HBV rRNA Spec Ql Probe
6422-0,Deprecated HCV rRNA XXX Ql Prb
64241-3,Hx parent asthma PhenX
6429-5,HIV Bld Cult
6430-3,HIV Smn Cult
6431-1,HIV Spec Cult
6434-5,FLUAV+FLUBV Ab Titr Ser IF
6435-2,FLUAV+FLUBV Ag Throat Ql IA
6436-0,FLUAV+FLUBV Ag Throat Ql IF
6437-8,FLUAV+FLUBV Ag Spec Ql IA
6438-6,FLUAV+FLUBV Ag Spec Ql IF
6439-4,FLUAV+FLUBV+FLUCV Ag Throat Ql IA
64399-9,Asthma ever 6 PhenX
6440-2,FLUAV+FLUBV+FLUCV Ag Throat Ql IF
6441-0,FLUAV+FLUBV+FLUCV Ag Spec Ql IA
64412-0,Mycobacterium Bld Ql Cult
6442-8,FLUAV+FLUBV+FLUCV Ag Spec Ql IF
64496-3,Sleep apnea high B/P PhenX
6453-5,Leptospira Bld Cult
6455-0,Leptospira Ur Cult
6456-8,L monocytog Ab Titr Ser CF
6461-8,Bacteria Stl Anaerobe Cult
64657-0,Progesterone-progestin hormone Rx
64662-0,Progesterone pattern use PhenX
64820-4,Diabetic retinopathy ever PhenX
64873-3,Glasses contact lense astigmatism PhenX
64977-2,A alternata (rAlt a) 6 IgE Qn
65193-5,Feelings last 30D K6
65343-6,pO2 satn adj to 0.5 Bld
65351-9,T3Free pre/p chal SerPl-sCnc
65361-8,Phenytoin Album cor SerPl-sCnc
65362-6,Magnesium Album cor SerPl-sCnc
65364-2,Cortis F/Total MFr SerPl
65416-0,Pronate supinate hand PhenX
6542-5,R prowazek Ab Ser CF-aCnc
65452-5,Mania intense energy and rage P-GBI
65456-6,Mania intense energy and irritable P-GBI
65495-4,Depression number Ws CIDI-SF
6551-6,Gp B Strep Ag Throat Ql IF
6552-4,S pneum Ab Ser Ql IA
6553-2,S pneum Ag CSF Ql IF
6554-0,S pneum Ag Spt Ql IF
6555-7,S pneum Ag Spec Ql IF
6556-5,Deprecated S pyo Ag Throat Ql EIA
6557-3,S pyo Ag Throat Ql IF
6558-1,S pyo Ag Spec Ql IA
6559-9,S pyo Ag Spec Ql IF
65633-0,HBV surface Ag SerPl Ql Cfm
65639-7,Pronate supinate left hand PhenX
6564-9,T vaginalis Genital Ql CF
65646-2,SaO2% Device Manufacturer name
65670-2,Blood relative eye problem PhenX
65699-1,Rapid alt hand move - R
65700-7,Rapid alt hand move - L
65758-5,T-cell helper (CD4) subset panel
65759-3,T-cell subsets CD4 & CD8 panel
65761-9,Lymph subset interp Bld FC-Imp
6578-9,Vibrio Bld Cult
65785-8,Chicken CSA (nGal d) 5 IgE Qn
65788-2,Horse serum albumin (nEqu c) 3 IgE Qn
6579-7,Vibrio Stl Cult
6587-0,YFV Ab Titr Ser CF
65956-5,Altered libido DI-PAD
6597-9,Troponin T BldV-mCnc
6598-7,Troponin T SerPl-mCnc
6601-9,FLUV Spt Cult
6602-7,FLUV Sputum trach asp Cult
6603-5,FLUV Throat Cult
6604-3,FLUV Spec Cult
66126-4,VLDLc SerPl Calc-sCnc
66128-0,Chlordiazep/Creat Ur
66138-9,Neuts Band # Bld Fetus Manual
66139-7,Neutrophils # Bld Fetus Manual
66140-5,Lymphocytes # Bld Fetus Manual
66141-3,Eosinophil # Bld Fetus Manual
66142-1,Basophils # Bld Fetus Manual
66143-9,Monocytes # Bld Fetus Manual
66144-7,Variant Lymphs # Bld Fetus Manual
66146-2,Retics # Fetus Manual
66156-1,Diabetes insulin PhenX
66175-1,Taking insulin PhenX
66176-9,Diabetic pills PhenX
66179-3,Exclusion criteria glucose PhenX
66180-1,Blood draw done PhenX
66182-7,DS PhenX
66183-5,DS time PhenX
66206-4,Ms between dextrose blood draw PhenX
6623-3,Leishmania Ab Ser Ql CF
66240-3,Blood draw PhenX
6626-6,S japonicum Ab Titr Ser CF
6631-6,Schistosoma Ab Ser Ql CF
6634-0,FLUAV HK Ab Ser HAI-aCnc
6635-7,FLUAV Eng Ab Ser HAI-aCnc
6636-5,FLUAV Pt Chal Ab Ser HAI-aCnc
6637-3,FLUAV Vic Ab Ser HAI-aCnc
66376-5,Long-term health problem PhenX
6638-1,FLUAV Tex Ab Ser HAI-aCnc
66380-7,Transfus immune globulin antiviral PhenX
66389-8,Child transfusion immune globulin PhenX
6639-9,FLUAV Bang Ab Ser HAI-aCnc
6640-7,FLUAV Phill Ab Ser HAI-aCnc
6641-5,FLUAV Miss Ab Ser HAI-aCnc
6642-3,FLUAV Lenin Ab Ser HAI-aCnc
66472-2,How many times injected nRate PhenX
66481-3,M Protein 2 ?Tm Ur-mRate
66489-6,CYP2C19 Mut Anl Bld
66499-5,VLDLc beta SerPl-mCnc
66503-4,APC gene Fam Mut Anl Bld/T
66505-9,Exclusion criteria serum insulin PhenX
66539-8,Psoriasis family hx PhenX
66540-6,Inflammatory bowel disease fam hx PhenX
66541-4,Autoimmune disease family hx PhenX
66733-7,Cortis afternoon SerPl-msCnc
66735-2,Cortis AM peak SerPl-msCnc
6676-1,E vermicularis Anal Ql Pinworm Exam
66761-8,Lymphocytes NFr Dial fld Manual
66765-9,Alb Pcar/SerPl
66766-7,Alb Prt/SerPl
66769-1,Trigl Prt-sCnc
6685-2,Deprecated Apo B/Apo A-I SerPl-mRto
6688-6,CV A16 Ab Titr Ser CF
6689-4,Glucose 2h p meal Bld-mCnc
66951-5,C1.functional Ser-aCnc
6697-7,Deprecated Amylase Ser-cCnc
6708-2,ECV11 Ab Titr Ser CF
67103-2,Body psoriasis now PhenX
67104-0,Body psoriasis worst PhenX
6711-6,APAP IgE Qn
67151-1,Troponin T SerPl HS-mCnc
67215-4,Modified dukes - astler-coller PhenX
67409-3,Ear discharge PhenX
67436-6,Need insulin PhenX
6744-7,Lymphocytes # Fld Manual
6745-4,Neuts Seg # Fld Manual
67450-7,Daily aspirin PhenX
6747-0,Glucose 1h p 50 g Lac PO Ur Ql Strip
6748-8,Glucose 1h p 75 g Glc PO Ur Ql Strip
6749-6,Glucose 2.5h p 75 g Glc PO SerPl-mCnc
6750-4,Glucose 2h p 50 g Lac PO Ur Ql Strip
6751-2,Glucose 2h p 75 g Glc PO Ur Ql Strip
6752-0,Glucose 3.5h p 75 g Glc PO SerPl-mCnc
6753-8,Glucose 30M p 50 g Lac PO Ur Ql Strip
6754-6,Glucose 30M p 75 g Glc PO Ur Ql Strip
6755-3,Glucose 3h p 75 g Glc PO Ur Ql Strip
6756-1,Glucose 4.5h p 75 g Glc PO SerPl-mCnc
67569-4,St pyo emm gene Islt Seq
6757-9,Glucose 4h p 75 g Glc PO Ur Ql Strip
6758-7,Glucose 5h p 75 g Glc PO Ur Ql Strip
6759-5,Glucose 6h p 75 g Glc PO Ur Ql Strip
6760-3,Glucose 6h p 75 g Glc PO SerPl-mCnc
6761-1,Glucose 1.5h p 50 g Lac PO Ur Ql Strip
6763-7,Glucose 1.5h p 75 g Glc PO Ur Ql Strip
6764-5,Glucose p fast Ur Ql Strip
6768-6,ALP SerPl-cCnc
6769-4,Deprecated ALP SerPl-cCnc
6772-8,Deprecated Apo B SerPl-mCnc
6773-6,Deprecated CK MB SerPl EIA-cCnc
67760-9,HEDIS 2012 CWP-D
67763-3,HEDIS 2012-13 MPM-A BUN
6777-7,Deprecated Glucose SerPl-mCnc
6782-7,IgG/Alb Ser
67826-8,Neutrophils # Pcar
67827-6,Lymphocytes # Pcar
67829-2,Eosinophil # Pcar
67832-6,Neutrophils # Plr Fetus
67833-4,Lymphocytes # Plr Fetus
67835-9,Eosinophil # Plr Fetus
6792-6,Potassium 24h Stl-sRate
67941-5,"How much DIFFICULTY do you currently have opening medications or vitamin containers (e.g., childproof containers, small bottles)?"
67951-4,How much DIFFICULTY do you currently have climbing stairs step over step without a handrail? (alternating feet)?
6801-5,C3 Fld-mCnc
6813-0,ECV16 Ab Titr Ser CF
6819-7,Streptococcus Ab Ser Ql
6820-5,Streptococcus Ab Titr Ser
6823-9,Rheumatoid fact Snv Ql LA
6828-8,Deprecated A alternata IgE Qn
68315-1,Transcortin & Cortisol.free panel
68363-1,SaO2 % BldCo
68366-4,Bacteria BPU Cult
68367-2,Bilirub Ur Strip.auto-sCnc
68387-0,LDH Prt L to P-cCnc
68392-0,Basophils # Prt Manual
68393-8,Basophils # Pcar Manual
68394-6,Basophils # Plr Manual
68395-3,Basophils # Snv Manual
68396-1,Basophils NFr Vitf Manual
68397-9,Basophils # Vitf Manual
68398-7,Eosinophil # Pcar Manual
68399-5,Eosinophil # Prt Manual
68400-1,Eosinophil # Plr Manual
68401-9,Eosinophil # Snv Manual
68402-7,Eosinophil # Vitf Manual
68403-5,Eosinophil NFr Vitf Manual
68404-3,Lymphocytes # Pcar Manual
68405-0,Lymphocytes # Plr Manual
68406-8,Lymph Abn NFr Vitf Manual
68407-6,Lymphocytes # Vitf Manual
68420-9,Monocytes # Pcar Manual
68421-7,Monocytes # Prt Manual
68422-5,Monocytes # Plr Manual
68423-3,Monocytes NFr Vitf Manual
68424-1,Monocytes # Vitf Manual
68425-8,Neutrophils # Pcar Manual
68426-6,Neutrophils NFr Vitf Manual
68427-4,Neutrophils # Vitf Manual
6845-2,Ltx Glv Ext Ammon IgE Qn
68452-2,LDH Snv P to L-cCnc
68453-0,LDH Snv L to P-cCnc
68464-7,Insulin 1.25h p chal SerPl-aCnc
68465-4,Insulin 1.75h p chal SerPl-aCnc
68467-0,APOB+LDLR+PCSK9 gene Mut Anl Bld/T
6864-3,Hgb S Bld Ql Soly
6874-2,Calcium 24h Ur-mRate
6881-7,Ethanolamine 24h Ur-mRate
6883-3,PB Glucose SerPl-mCnc
68900-0,Albumin Lab Method
6891-6,Testosterone.free+WB MFr SerPl
68911-7,Lactate p Exc SerPl-mCnc
68913-3,VGKC Ab CSF-sCnc
6892-4,T4 Free SerPl Dialy-mCnc
68923-2,Cancer Ag125 Pcar-aCnc
68930-7,Albumin/Glob CSF Elph
68935-6,LDL.oxidized Ab Ser IA-aCnc
68943-0,VGKC Ab Ser-aCnc
68954-7,S pyo rRNA Throat Ql Probe
68961-2,HIV1 Ab SerPlBld Ql IA.rapid
68965-3,Rg Ag RBC Ql
68986-9,FLUAV H5a RNA Spec Ql NAA+probe
68987-7,FLUAV H5b RNA Spec Ql NAA+probe
6901-3,Insulin Free SerPl-aCnc
69013-1,LPT PHA max/CD3 NFr Bld FC
69014-9,LPT CA max/CD45 Bld FC-NFr
69015-6,LPT CA max/CD3 Bld FC-NFr
69016-4,LPT TT max/CD45 Bld FC-NFr
69018-0,Lymphocyte proliferation mitogen panel
69019-8,LPT PW/CD45 NFr Bld FC
69020-6,LPT PW/CD3 NFr Bld FC
69029-7,LPT TT max/CD3 Bld FC-NFr
69037-0,LPT PW max/CD19 NFr Bld FC
69038-8,LPT PHA max/CD45 NFr Bld FC
69042-0,Lymphocyte proliferation antigen panel
69051-1,Urinalysis specialist review
6908-8,C4 Fld-mCnc
6922-9,ECV7 Ab Titr Ser CF
6928-6,Rheumatoid fact Ser IA-aCnc
69339-0,Influenza vaccine
69353-1,HIV 2 RNA SerPl Ql NAA+probe
69354-9,HIV 2 RNA SerPl NAA+probe-aCnc
69357-2,Amylase p fast SerPl-cCnc
69359-8,Amylase sp2 p chal SerPl-cCnc
69360-6,Amylase sp1 p chal SerPl-cCnc
69379-6,van(A+B+C1+C2) genes Islt/Spm
69380-4,"t(ABL1,BCR)p210/Control (IS) Bld/T"
69382-0,"t(ABL1,BCR)b3a2/Control (IS) Bld/T"
69384-6,AGXT gene Fam Mut Anl Bld/T
6940-1,Potassium ?Tm Stl-sRate
6941-9,Albumin 24h Ur Elph-mRate
69419-0,LDLc SerPl Direct Assay-sCnc
6942-7,Albumin Ur Elph-mCnc
69425-7,Calcium Smn-mCnc
69478-6,AGXT gene Del+Dup Bld/T MLPA
69479-4,BTK gene Fam Mut Anl Bld/T
69481-0,ACVRL1+ENG gene Del+Dup Bld/T MLPA
69482-8,ENG Fam Mut Anl Bld/T
69485-1,LDLR gene Fam Mut Anl Bld/T
69486-9,LDLR gene Del+Dup Bld/T MLPA
69487-7,TNFRSF13B gene Full Mut Anl Bld/T Seq
69488-5,TNFRSF13B gene Fam Mut Anl Bld/T
69489-3,VHL gene Fam Mut Anl Bld/T
69551-0,Alt allele
6956-7,CV A21 Ab Titr Ser CF
69575-9,C jejuni Ab Ser Ql CF
69577-5,HEV RNA Bld Ql NAA+probe
69578-3,Diff cap.CO/Alv vol Hgb adj
69668-2,HIV 1 & 2 Ab SerPl IA.rapid
69910-8,Basophils/Masts NFr Fld
69913-2,Basophils/Masts NFr CSF
69916-5,Basophils/Masts NFr Snv
69938-9,HAstV RNA Spec Ql NAA+probe
69945-4,IGF BP1 Vag Ql
69947-0,Trigl Pcar-sCnc
69950-4,Hgb Pcar-mCnc
69951-2,Amylase P/Creat Ur-Rto
69961-1,HEV RNA SerPl NAA+probe-aCnc
69964-5,HCO3 std Plas-sCnc
69981-9,Asthma action plan
70015-3,Streptococcus DNA Bld Ql NAA+probe
70032-8,Deprecated Platelets.reticulated NFr Bld
70068-2,S dysgal eqsmls DNA Spec Ql NAA+probe
70069-0,S intermedius DNA Spec Ql NAA+probe
70070-8,S anginosus DNA Spec Ql NAA+probe
70071-6,S constellatus DNA Spec Ql NAA+probe
70152-4,T3/T4 SerPl
70154-0,HBV surface Ag SerPl Cfm-%
7016-9,Gentamicin Islt Grad strip
70168-0,Hct VFr Snv Calc
70169-8,Hct VFr Plr Calc
7017-7,Gentamicin Islt AD high potency
7018-5,Gentamicin Islt MIC high potency
70198-7,APAP SerPl Scn-sCnc
70199-5,Bilirub Ur-sCnc
70200-1,HDLc SerPl-sRto
70201-9,IDLc SerPl-sCnc
70202-7,IDLc+VLDL3c SerPl-sCnc
70203-5,VLDL3c SerPl-sCnc
70204-3,NonHDLc SerPl-sCnc
70208-4,Glucose pre 100 g Glc PO SerPl-sCnc
70209-2,Haptoglob SerPl-sCnc
70216-7,Salicylates SerPl Scn-sCnc
70217-5,T4 Free SerPl Dialy-sCnc
70218-3,Trigl Bld-sCnc
70219-1,Basic metabolic 2008 panel with ionized calcium
70239-9,Testost SerPl DL<= 3.47 pmol/L-sCnc
70240-7,Testost Free SerPl DL<= 3.47 pmol/L-sCnc
70241-5,HIV1 RNA # Plas NAA DL=20
70258-9,Amylase P Prt-cCnc
70259-7,Trigl Pcar/Ser
70260-5,Trigl Prt/Ser
70261-3,Chol Prt/Ser
70262-1,Amylase.prt fld/SerPl
70263-9,Chol Pcar/Ser
70264-7,Creat Plr/Ser
70266-2,Creat Prt/Ser
70268-8,Chol Plr/Ser
70269-6,Trigl Plr fld/Ser
70270-4,Amylase P Plr-cCnc
70275-3,"t(X;11)(FOXO4,MLL) Bld/T Ql"
70277-9,"t(3;5)(MLF1,NPM1) Bld/T Ql"
70278-7,"t(3;21)(MECOM,RUNX1) Bld/T Ql"
70280-3,"t(6;11)(MLLT4,MLL) Bld/T Ql"
70287-8,"t(16;21)(FUS,ERG) Bld/T Ql"
70288-6,"t(17;19)(HLF,TCF3) Bld/T Ql"
703-9,Baso Stipl Bld Ql Smear
704-7,Basophils # Bld Auto
705-4,Basophils # Bld Manual
7059-9,Vancomycin Islt Grad strip
706-2,Basophils NFr Bld Auto
707-0,Basophils NFr Bld Manual
7073-0,Amylase IgE Qn
7074-8,Alternaria IgE Qn
7075-5,Alternaria IgG Qn
7076-3,A alternata IgG Qn
7077-1,A alternata BasoBnd Ab Qn
70831-3,Functional assessment of incontinence therapy - fecal questionnaire - version 4
71089-7,"Did your doctor(s) discuss other treatments, example, alternative medicine or new for treatments?"
711-2,Eosinophil # Bld Auto
71127-5,Emotional well being - living with HIV
71133-3,Functional assessment of HIV infection questionnaire - version 4
712-0,Eosinophil # Bld Manual
713-8,Eosinophil NFr Bld Auto
71363-6,ALP Plac 2 CFr SerPl
71365-1,ALP Intest 2 SerPl-cCnc
71366-9,ALP Intest 3 SerPl-cCnc
71367-7,ALP Plac 2 SerPl-cCnc
71369-3,Neutrophils.dysplastic Bld Ql Smear
71375-0,Inhalant Allerg Mix 6 IgE Qn
714-6,Eosinophil NFr Bld Manual
71425-3,NT-proBNP Bld IA-mCnc
71427-9,D Dimer Bld IA.rapid-mCnc
71472-5,Date of blood culture
71549-0,"I feel tense, anxious or can't sit still"
71558-1,I can't get certain things out of my mind
71572-2,I can't concentrate or focus
71592-0,Hemoglobinopathies suspected DBS
71593-8,G6PD cSub RBC
71595-3,Basophils NFr.DF Bronch Manual
71596-1,Eosinophil NFr.DF Bronch Manual
71597-9,Lymphocytes NFr.DF Bronch Manual
71598-7,Neutrophils NFr.DF Bronch Manual
71602-7,Basophils NFr.DF Pcar Manual
71603-5,Eosinophil NFr.DF Pcar Manual
71604-3,Monocytes NFr.DF Pcar Manual
71605-0,Lymphocytes NFr.DF Pcar Manual
71606-8,Neutrophils NFr.DF Pcar Manual
71612-6,Basophils NFr.DF Plr Manual
71613-4,Eosinophil NFr.DF Plr Manual
71614-2,Monocytes NFr.DF Plr Manual
71615-9,Lymphocytes NFr.DF Plr Manual
71616-7,Neutrophils NFr.DF Plr Manual
71621-7,Basophils NFr.DF Snv Manual
71622-5,Eosinophil NFr.DF Snv Manual
71623-3,Monocytes NFr.DF Snv Manual
71624-1,Lymphocytes NFr.DF Snv Manual
71625-8,Neutrophils NFr.DF Snv Manual
71631-6,Basophils NFr.DF Prt Manual
71632-4,Eosinophil NFr.DF Prt Manual
71633-2,Monocytes NFr.DF Prt Manual
71634-0,Lymphocytes NFr.DF Prt Manual
71635-7,Neutrophils NFr.DF Prt Manual
71639-9,Monos+Macros NFr.DF Fld Manual
71645-6,Neuts Band NFr.DF Fld Manual
71646-4,Eosinophil NFr.DF Fld Manual
71647-2,Basophils NFr.DF Fld Manual
71648-0,Monocytes NFr.DF Fld Manual
71649-8,Lymphocytes NFr.DF Fld Manual
71650-6,Neuts Seg NFr.DF Fld Manual
71657-1,Neuts Band NFr.DF CSF Manual
71658-9,Neutrophils NFr.DF CSF Manual
71659-7,Monocytes NFr.DF CSF Manual
71660-5,Lymphocytes NFr.DF CSF Manual
71661-3,Eosinophil NFr.DF CSF Manual
71662-1,Basophils NFr.DF CSF Manual
71665-4,Variant Lymphs NFr.DF Bld Manual
71670-4,Neuts Band NFr.DF Bld Manual
71671-2,Neutrophils NFr.DF Bld Manual
71672-0,Monocytes NFr.DF Bld Manual
71673-8,Lymphocytes NFr.DF Bld Manual
71674-6,Eosinophil NFr.DF Bld Manual
71675-3,Basophils NFr.DF Bld Manual
71676-1,Neutrophils NFr.DF Bld Auto
71677-9,Monocytes NFr.DF Bld Auto
71678-7,Lymphocytes NFr.DF Bld Auto
71679-5,Eosinophil NFr.DF Bld Auto
71680-3,Basophils NFr.DF Bld Auto
71692-8,Platelets.reticulated # Bld Auto
71693-6,Platelets.reticulated NFr Bld Auto
71694-4,Hgb Retic Qn Auto
717-9,Hgb Bld Ql
71790-0,Calcium ?Tm Ur-sCnc
71797-5,ZPP RBC-sCnc
718-7,Hgb Bld-mCnc
71805-6,Cortis F/Cortisone Free Ur-sRto
71814-8,"I feel tense, anxious or can't sit still"
71823-9,I can't get certain things out of my mind
71826-2,I can't concentrate or focus
71828-8,Hct VFr.DF Fld Calc
71829-6,Hct VFr.DF BldV Calc
71830-4,Hct VFr.DF BldMV Calc
71831-2,Hct VFr.DF BldC Calc
71832-0,Hct VFr.DF BldA Calc
71833-8,Hct VFr.DF Bld Auto
71836-1,OxyHgb MFr.DF BldV
71837-9,OxyHgb MFr.DF BldMV
71838-7,OxyHgb MFr.DF BldC
71839-5,OxyHgb MFr.DF BldA
71840-3,OxyHgb MFr.DF Bld
71841-1,SaO2 DF BldV from pO2
71842-9,SaO2 DF BldC from pO2
71843-7,SaO2 DF BldA from pO2
71844-5,SaO2 DF Bld from pO2
71845-2,SaO2 DF BldV
71846-0,SaO2 DF BldMV
71847-8,SaO2 DF BldCoV
71848-6,SaO2 DF BldCoA
71849-4,SaO2 DF BldCo
71850-2,Deprecated SaO2 DF BldC Oximetry
71851-0,SaO2 DF BldC
71852-8,SaO2 DF BldA
71853-6,SaO2 DF Bld
71854-4,DO-Hgb MFr.DF BldA
71855-1,Hgb Other MFr.DF Bld Elph
71856-9,Hgb Other MFr.DF Bld HPLC
71857-7,Hgb S MFr.DF Bld
71858-5,Hgb S MFr.DF Bld HPLC
71859-3,Hgb S MFr.DF Bld Elph
71860-1,Hgb M MFr.DF Bld
71861-9,Hgb Lepore MFr.DF Bld
71862-7,Hgb H MFr.DF Bld Elph
71863-5,Hgb F MFr.DF Bld Kleih Betke
71864-3,Hgb F MFr.DF Bld HPLC
71865-0,Hgb F MFr.DF Bld Elph
71866-8,Hgb E MFr.DF Bld HPLC
71867-6,Hgb D MFr.DF Bld HPLC
71868-4,Hgb D MFr.DF Bld
71869-2,Hgb C MFr.DF Bld HPLC
71870-0,Hgb C MFr.DF Bld
71871-8,Hgb Barts MFr.DF Bld
71872-6,Hgb A2 MFr.DF Bld
71873-4,Hgb A2 MFr.DF Bld HPLC
71874-2,Hgb A2 MFr.DF Bld Elph
71875-9,HbA1c MFr.DF Bld
71876-7,Hgb A MFr.DF Bld
71877-5,Hgb A MFr.DF Bld HPLC
71878-3,Hgb A MFr.DF Bld Elph
71879-1,MetHgb MFr.DF BldV
71880-9,MetHgb MFr.DF BldMV
71881-7,MetHgb MFr.DF BldC
71882-5,MetHgb MFr.DF BldA
71883-3,MetHgb MFr.DF Bld
71884-1,COHgb MFr.DF BldV
71885-8,COHgb MFr.DF BldMV
71886-6,COHgb MFr.DF BldCoV
71887-4,COHgb MFr.DF BldCoA
71888-2,COHgb MFr.DF BldC
71889-0,COHgb MFr.DF BldA
71890-8,COHgb MFr.DF Bld
719-5,Hgb CSF-mCnc
71916-1,"As a result of any emotional problems, you didn't do work or other activities as carefully as usual in the past 4W"
720-3,Hgb Free Plas Ql
72030-0,Type oral vitamin D analog prescribed
72031-8,Oral vitamin D analog prescribed
72032-6,Type non-oral vitamin D analog prescribed
72033-4,Non-oral vitamin D analog prescribed
72034-2,Vitamin D panel
7205-8,Cheddar BasoBnd Ab Qn
72056-5,Hepatitis B vaccination received
72058-1,Influenza virus vaccination received
72063-1,Type oral iron prescribed
72064-9,Oral iron prescribed
72065-6,Type intravenous iron prescribed
72066-4,Intravenous iron prescribed
72067-2,Iron prescription current
72068-0,Iron panel
72069-8,Sodium profiling-modeling prescribed for any dialysis sessions in the reporting Mo
72077-1,Sodium restriction education received
72080-5,Did prescribed dialysate sodium concentration exceed 138 mEq/L for any dialysis session during the Mo
72081-3,Date of sodium education
72082-1,Constant dialysate sodium prescribed
721-1,Hgb Free Plas-mCnc
72152-2,Has the patient been tested for HIV?
72154-8,Pregnancy risk factors
72171-2,Glucose tolerance 2H panel
72180-3,Was the woman given iron and folic acid?
72181-1,Have you disclosed your HIV status to your partner?
72182-9,Has the partner been tested for HIV?
72197-7,HEDIS 2013 CWP-D
722-9,Hgb Plr-mCnc
72200-9,FLUAV NA seg sequence ID Islt Seq
72201-7,FLUAV MP seg seqence ID Islt Seq
72207-4,"t(8;21)(RUNX1T1,RUNX1)/control Bld/T"
72208-2,"t(8;21)(RUNX1T1,RUNX1)/control Mar"
72213-2,t(15;17) BCR3/control Mar
72214-0,t(15;17) BCR3/control Bld/T
72217-3,"t(12;21)(ETV6,RUNX1)/control Mar"
72218-1,"t(12;21)(ETV6,RUNX1)/control Bld/T"
72219-9,Lymphocytes #/area UrnS HPF
72261-1,Bilirubin excess Ser+CSF-sCnc
72264-5,Bilirubin excess & oxyhemoglobin & methemoglobin & xanthochromia & albumin quotient panel
72265-2,FLUBV IgA Ser IA-aCnc
72266-0,FLUAV IgA Ser IA-aCnc
72270-2,BUN pre contrast SerPl-mCnc
72272-8,Amylase & triacylglycerol lipase panel
72281-9,Ds INR range/Ds INR det Patient-Rto
723-7,Hgb Prt-mCnc
72312-2,"t(1;19)(PBX1,TCF3)/control Bld/T"
72313-0,"t(4;11)(AFF1,MLL)/control Bld/T"
72342-9,Neutrophils/Rnd cells NFr Smn Manual
72343-7,Monocytes/Rnd cells NFr Smn Manual
72344-5,Monocytes/Rnd cells NFr Prost fld Manual
72345-2,Neutrophils/Rnd cells NFr Prost fld Man
72347-8,Neutrophils # Prost fld Manual
72356-9,FLUAV + FLUBV Ag Spec IA.rapid
72360-1,MetHgb MFr BldCoV
72361-9,MetHgb MFr BldCoA
72364-3,Lymphocytes NFr Vitf Manual
72365-0,FLUAV + FLUBV Ag Nose IF
72366-8,FLUAV + FLUBV Ag Nose IA.rapid
72367-6,FLUAV+FLUBV Ag Nose Ql IA.rapid
72376-7,HCV Ab SerPlBld Ql IA.rapid
72392-4,Cortis/Cortisone SerPl
72396-5,Phenobarb Bld Cfm-mCnc
724-5,Hgb Snv-mCnc
72409-6,Testost p HCG SerPl-sCnc
72410-4,Testost pre HCG SerPl-sCnc
72411-2,Monos+Macros CSF Manual
72421-1,vanB Islt/Spm Ql
725-2,Hgb Ur Ql
72500-2,Hcys p fast SerPl-sCnc
72501-0,Hcys 6h p Met SerPl-sCnc
72502-8,Hcys 6h p Met-CFst SerPl-SCDiff
72516-8,Glucose Bld Strip.auto-sCnc
72559-8,HIV integrase inhibitor susceptibility panel
72560-6,HIV integrase inhibitor susceptibility panel
72561-4,CK-AB CFr.DF SerPl Elph
72562-2,CK MM CFr.DF SerPl Elph
72563-0,CK MB CFr.DF SerPl Elph
72564-8,CK MB CFr.DF SerPl Calc
72565-5,CK BB CFr.DF SerPl Elph
72570-5,Chloride Inhib/CHe CFr.DF SerPl
72571-3,Amylase P CFr.DF SerPl
72572-1,Amylase S CFr.DF SerPl
72575-4,Macroprolactin/Prolactin MFr.DF SerPl
72577-0,M Protein 24h MFr.DF Ur Elph
72578-8,Prealb MFr.DF Ur Elph
72579-6,Prealb MFr.DF CSF Elph
72580-4,Gamma glob 24h MFr.DF Ur Elph
72581-2,Gamma glob MFr.DF Ur Elph
72582-0,Gamma glob MFr.DF SerPl Elph
72583-8,Gamma glob MFr.DF CSF Elph
72584-6,B-Globulin 24h MFr.DF Ur Elph
72585-3,B-Globulin MFr.DF Ur Elph
72586-1,B-Globulin MFr.DF SerPl Elph
72587-9,B-Globulin MFr.DF CSF Elph
72588-7,Alpha2 Glob 24h MFr.DF Ur Elph
72589-5,Alpha2 Glob MFr.DF Ur Elph
72590-3,Alpha2 Glob MFr.DF SerPl Elph
72591-1,Alpha2 Glob MFr.DF CSF Elph
72592-9,Alpha1 Glob 24h MFr.DF Ur Elph
72593-7,Alpha1 Glob MFr.DF Ur Elph
72594-5,Alpha1 Glob MFr.DF SerPl Elph
72595-2,Alpha1 Glob MFr.DF CSF Elph
72596-0,Albumin 24h MFr.DF Ur Elph
72597-8,Albumin MFr.DF Ur Elph
72598-6,Albumin MFr.DF SerPl Elph
72599-4,Albumin MFr.DF CSF Elph
726-0,Hgb Ur-mCnc
72600-0,Albumin MFr.DF Fld Elph
72604-2,Insulin 4.5h p 75 g Glc PO SerPl-aCnc
72606-7,HDV Gentyp Spec NAA+probe
72607-5,Gp B Strep Vag+Rectum Ql Cult
72646-3,Albumin ser-peric fld-MCDiff
72647-1,Albumin ser-plr fld-MCDiff
72648-9,Glucose ser - synv fld-SCDiff
72649-7,Glucose ser - prt fld-SCDiff
72650-5,Glucose ser - peric fld-SCDiff
72651-3,Glucose ser - plr fld-SCDiff
72653-9,Subtelomere.p arm Bld/T FISH-Imp
72655-4,Aldolase RBC-cCnt
72664-6,PFK RBC-cCnt
72677-8,Salicylates Trough SerPl-mCnc
72693-5,Big IGF-II SerPl-mCnc
727-8,Deprecated HDW Bld Auto
72726-3,"t(4;14)(FGFR3,IGH) Bld/T FISH"
72767-7,FLUAV HA seg sequence ID Islt Seq
72771-9,Zolpidem/Creat Ur
72775-0,Venlafaxine/Creat Ur
72794-1,Methylone/Creat Ur
72800-6,Norketamine/Creat Ur
72811-3,Gabapentin/Creat Ur
72812-1,Norfluoxetine/Creat Ur
72813-9,FLUoxetine/Creat Ur
72819-6,APAP/Creat Ur
72836-0,vanC2+vanC3 Islt/Spm Ql
72837-8,vanC1 Islt/Spm Ql
72840-2,HBV 250 Islt Genotyp
72841-0,HBV 237 Islt Genotyp
72842-8,HBV 233 Islt Genotyp
72843-6,HBV 215 Islt Genotyp
72844-4,HBV 214 Islt Genotyp
72845-1,HBV 202 Islt Genotyp
72846-9,HBV 194 Islt Genotyp
72847-7,HBV 191 Islt Genotyp
72848-5,HBV 184 Islt Genotyp
72849-3,HBV 169 Islt Genotyp
72850-1,HBV 85 Islt Genotyp
72851-9,HBV 84 Islt Genotyp
72862-6,Hepatitis C virus resistance panel
72873-3,Estradiol SerPl HS-sCnc
72877-4,Deprecated CYP2B6 drg metab interp Bld/T/S-Imp
72886-5,CYP2D6 gene & CYP2C19 gene targeted mutation analysis panel
72889-9,Progest Free SerPl-mCnc
72890-7,Progest Free/Total MFr SerPl
72898-0,Bilirub Skin-sCnc
72900-4,Insulin 3h p 75 g Glc PO SerPl-sCnc
72901-2,Insulin 2h p 75 g Glc PO SerPl-sCnc
72902-0,Insulin 1h p 75 g Glc PO SerPl-sCnc
72905-3,Neutrophil Ab & HLA Ab screen panel
72909-5,Drug induced neutrophil Ab panel
72925-1,Bilirub Amn-sCnc
72929-3,Warfarin (neut) IgM SerPl Ql FC
72930-1,Warfarin (neut) IgG SerPl Ql FC
72931-9,Venlafaxine (neut) IgM SerPl Ql FC
72932-7,Venlafaxine (neut) IgG SerPl Ql FC
72933-5,Vancomycin (neut) IgM SerPl Ql FC
72934-3,Vancomycin (neut) IgG SerPl Ql FC
72935-0,Valproate (neut) IgM SerPl Ql FC
72936-8,Valproate (neut) IgG SerPl Ql FC
72937-6,Trimethoprim (neut) IgM SerPl Ql FC
72938-4,Trimethoprim (neut) IgG SerPl Ql FC
72939-2,Topiramate (neut) IgM SerPl Ql FC
72940-0,Topiramate (neut) IgG SerPl Ql FC
72941-8,Terazosin (neut) IgM SerPl Ql FC
72942-6,Terazosin (neut) IgG SerPl Ql FC
72943-4,Tazobactam (neut) IgM SerPl Ql FC
72944-2,Tazobactam (neut) IgG SerPl Ql FC
72945-9,Tacrolimus (neut) IgM SerPl Ql FC
72946-7,Tacrolimus (neut) IgG SerPl Ql FC
72947-5,Sulfamethoxazole (neut) IgM SerPl Ql FC
72948-3,Sulfamethoxazole (neut) IgG SerPl Ql FC
72949-1,Spironolactone (neut) IgM SerPl Ql FC
72950-9,Spironolactone (neut) IgG SerPl Ql FC
72951-7,Simvastatin (neut) IgM SerPl Ql FC
72952-5,Simvastatin (neut) IgG SerPl Ql FC
72953-3,Sildenafil cit (neut) IgM SerPl Ql FC
72954-1,Sildenafil cit (neut) IgG SerPl Ql FC
72955-8,Sertraline (neut) IgM SerPl Ql FC
72956-6,Sertraline (neut) IgG SerPl Ql FC
72957-4,risperiDONE (neut) IgM SerPl Ql FC
72958-2,risperiDONE (neut) IgG SerPl Ql FC
72959-0,raNITIdine (neut) IgM SerPl Ql FC
72960-8,raNITIdine (neut) IgG SerPl Ql FC
72961-6,Ramipril (neut) IgM SerPl Ql FC
72962-4,Ramipril (neut) IgG SerPl Ql FC
72963-2,quiNINE (neut) IgM SerPl Ql FC
72964-0,quiNINE (neut) IgG SerPl Ql FC
72965-7,quiNIDine (neut) IgM SerPl Ql FC
72966-5,quiNIDine (neut) IgG SerPl Ql FC
72967-3,QUEtiapine (neut) IgM SerPl Ql FC
72968-1,QUEtiapine (neut) IgG SerPl Ql FC
72969-9,Piperacillin (neut) IgM SerPl Ql FC
72970-7,Piperacillin (neut) IgG SerPl Ql FC
72971-5,Phenytoin (neut) IgM SerPl Ql FC
72972-3,Phenytoin (neut) IgG SerPl Ql FC
72973-1,Phenobarb (neut) IgM SerPl Ql FC
72974-9,Phenobarb (neut) IgG SerPl Ql FC
72975-6,Penicillin (neut) IgM SerPl Ql FC
72976-4,Penicillin (neut) IgG SerPl Ql FC
72977-2,PARoxetine (neut) IgM SerPl Ql FC
72978-0,PARoxetine (neut) IgG SerPl Ql FC
72979-8,Pantoprazole (neut) IgM SerPl Ql FC
72980-6,Pantoprazole (neut) IgG SerPl Ql FC
72981-4,Omeprazole (neut) IgM SerPl Ql FC
72982-2,Omeprazole (neut) IgG SerPl Ql FC
72983-0,OLANZapine (neut) IgM SerPl Ql FC
72984-8,OLANZapine (neut) IgG SerPl Ql FC
72985-5,Mycophenolate (neut) IgM SerPl Ql FC
72986-3,Mycophenolate (neut) IgG SerPl Ql FC
72987-1,Montelukast (neut) IgM SerPl Ql FC
72988-9,Montelukast (neut) IgG SerPl Ql FC
72989-7,Metoprolol (neut) IgM SerPl Ql FC
72990-5,Metoprolol (neut) IgG SerPl Ql FC
72991-3,Metoclopramide (neut) IgM SerPl Ql FC
72992-1,Metoclopramide (neut) IgG SerPl Ql FC
72993-9,Me-phenidate (neut) IgM SerPl Ql FC
72994-7,Me-phenidate (neut) IgG SerPl Ql FC
72995-4,metFORMIN (neut) IgM SerPl Ql FC
72996-2,metFORMIN (neut) IgG SerPl Ql FC
72997-0,Losartan (neut) IgM SerPl Ql FC
72998-8,Losartan (neut) IgG SerPl Ql FC
72999-6,Loratadine (neut) IgM SerPl Ql FC
73000-2,Loratadine (neut) IgG SerPl Ql FC
73001-0,Lisinopril (neut) IgM SerPl Ql FC
73002-8,Lisinopril (neut) IgG SerPl Ql FC
73003-6,levoFLOXacin (neut) IgM SerPl Ql FC
73004-4,levoFLOXacin (neut) IgG SerPl Ql FC
73005-1,levETIRAcetam (neut) IgM SerPl Ql FC
73006-9,levETIRAcetam (neut) IgG SerPl Ql FC
73007-7,Lansoprazole (neut) IgM SerPl Ql FC
73008-5,Lansoprazole (neut) IgG SerPl Ql FC
73009-3,Ibuprofen (neut) IgM SerPl Ql FC
73010-1,Ibuprofen (neut) IgG SerPl Ql FC
73011-9,HTCZ (neut) IgM SerPl Ql FC
73012-7,HTCZ (neut) IgG SerPl Ql FC
73013-5,Gentamicin (neut) IgM SerPl Ql FC
73014-3,Gentamicin (neut) IgG SerPl Ql FC
73015-0,Gabapentin (neut) IgM SerPl Ql FC
73016-8,Gabapentin (neut) IgG SerPl Ql FC
73017-6,Furosemide (neut) IgM SerPl Ql FC
73018-4,Furosemide (neut) IgG SerPl Ql FC
73019-2,Fluconazole (neut) IgM SerPl Ql FC
73020-0,Fluconazole (neut) IgG SerPl Ql FC
73021-8,Fexofenadine (neut) IgM SerPl Ql FC
73022-6,Fexofenadine (neut) IgG SerPl Ql FC
73023-4,Fenofibrate (neut) IgM SerPl Ql FC
73024-2,Fenofibrate (neut) IgG SerPl Ql FC
73025-9,Escitalopram (neut) IgM SerPl Ql FC
73026-7,Escitalopram (neut) IgG SerPl Ql FC
73027-5,Enalapril (neut) IgM SerPl Ql FC
73028-3,Enalapril (neut) IgG SerPl Ql FC
73029-1,Clopidogrel (neut) IgM SerPl Ql FC
73030-9,Clopidogrel (neut) IgG SerPl Ql FC
73031-7,cloNIDine (neut) IgM SerPl Ql FC
73032-5,cloNIDine (neut) IgG SerPl Ql FC
73033-3,Clindamycin (neut) IgM SerPl Ql FC
73034-1,Clindamycin (neut) IgG SerPl Ql FC
73035-8,Citalopram (neut) IgM SerPl Ql FC
73036-6,Citalopram (neut) IgG SerPl Ql FC
73037-4,Ciprofloxacin (neut) IgM SerPl Ql FC
73038-2,Ciprofloxacin (neut) IgG SerPl Ql FC
73039-0,Celecoxib (neut) IgM SerPl Ql FC
73040-8,Celecoxib (neut) IgG SerPl Ql FC
73041-6,cefTRIAXone (neut) IgM SerPl Ql FC
73042-4,cefTRIAXone (neut) IgG SerPl Ql FC
73043-2,cefTAZidime (neut) IgM SerPl Ql FC
73044-0,cefTAZidime (neut) IgG SerPl Ql FC
73045-7,Cefepime (neut) IgM SerPl Ql FC
73046-5,Cefepime (neut) IgG SerPl Ql FC
73047-3,ceFAZolin (neut) IgM SerPl Ql FC
73048-1,ceFAZolin (neut) IgG SerPl Ql FC
73049-9,carBAMazepine (neut) IgM SerPl Ql FC
73050-7,carBAMazepine (neut) IgG SerPl Ql FC
73051-5,buPROPion (neut) IgM SerPl Ql FC
73052-3,buPROPion (neut) IgG SerPl Ql FC
73053-1,Atorvastatin (neut) IgM SerPl Ql FC
73054-9,Atorvastatin (neut) IgG SerPl Ql FC
73055-6,Atenolol (neut) IgM SerPl Ql FC
73056-4,Atenolol (neut) IgG SerPl Ql FC
73057-2,Acetylsalicylate (neut) IgM SerPl Ql FC
73058-0,Acetylsalicylate (neut) IgG SerPl Ql FC
73059-8,Ampicillin (neut) IgM SerPl Ql FC
73060-6,Ampicillin (neut) IgG SerPl Ql FC
73061-4,Amoxicillin (neut) IgM SerPl Ql FC
73062-2,Amoxicillin (neut) IgG SerPl Ql FC
73063-0,amLODIPine (neut) IgM SerPl Ql FC
73064-8,amLODIPine (neut) IgG SerPl Ql FC
73065-5,Amitrip (neut) IgM SerPl Ql FC
73066-3,Amitrip (neut) IgG SerPl Ql FC
73067-1,Amiodarone (neut) IgM SerPl Ql FC
73068-9,Amiodarone (neut) IgG SerPl Ql FC
73069-7,Allopurinol (neut) IgM SerPl Ql FC
73070-5,Allopurinol (neut) IgG SerPl Ql FC
73071-3,Alendronate (neut) IgM SerPl Ql FC
73072-1,Alendronate (neut) IgG SerPl Ql FC
73073-9,APAP (neut) IgG SerPl Ql FC
73074-7,APAP (neut) IgM SerPl Ql FC
73075-4,Drug (neut) Ab SerPl FC-Imp
73076-2,Neutrophil IgM SerPl Ql FC
73077-0,Neutrophil IgG SerPl Ql FC
73086-1,Vancomycin ind plt IgG SerPl Ql FC
73087-9,Vancomycin ind plt IgM SerPl Ql FC
731-0,Lymphocytes # Bld Auto
73188-5,Propoxyph+APAP ind plt IgM SerPl Ql FC
73189-3,Propoxyph+APAP ind plt IgG SerPl Ql FC
732-8,Lymphocytes # Bld Manual
73206-5,Phenytoin ind plt IgG SerPl Ql FC
73207-3,Phenytoin ind plt IgM SerPl Ql FC
733-6,Variant Lymphs Bld Ql Smear
73346-9,HYDROcodone+APAP ind plt IgM SerPl Ql FC
73347-7,HYDROcodone+APAP ind plt IgG SerPl Ql FC
73364-2,Gentamicin ind plt IgM SerPl Ql FC
73365-9,Gentamicin ind plt IgG SerPl Ql FC
734-4,Variant Lymphs # Bld Manual
73418-6,Digoxin ind plt IgG SerPl Ql FC
73419-4,Digoxin ind plt IgM SerPl Ql FC
735-1,Variant Lymphs NFr Bld Manual
73546-4,APAP ind plt IgG SerPl Ql FC
73547-2,APAP ind plt IgM SerPl Ql FC
73557-1,T4 Free BldCo-mCnc
73558-9,S aureus+CoNS rRNA Bld Pos FISH
73561-3,IGF-I Z-score SerPl
73570-4,Testost/Epitestost Ur-Imp
73572-0,Mg Ionized Bld ISE-sCnc
73573-8,Mg Ionized adj pH7.4 Bld ISE-sCnc
736-9,Lymphocytes NFr Bld Auto
73654-6,HCV NS3 Mut Det Islt Genotyp
73655-3,HCV NS5 Mut Det Islt Genotyp
73658-7,HIV 1 subtype Spec NAA+probe
73659-5,HIV 2 subtype Spec NAA+probe
73666-0,B-Hem Strep Islt LA
73674-4,S pneum Sertyp Islt Aggl
73685-0,S pneum Ag Islt Ql LA
73695-9,Deprecated HIV RT+PR+IN Mut Det Islt
73696-7,SaO2%.pre-post MFrDiff Bld.pre+post
73698-3,CCHD SaO2 scrn not prfrmd
737-7,Lymphocytes NFr Bld Manual
73792-4,Infant active postductal Patient
73796-5,Infant active preductal Patient
73800-5,SaO2% Device SaO2% sensor wrap size
73801-3,SaO2% Device SaO2% sensor wrp type
73802-1,SaO2% Device SaO2% sens wrap name
73803-9,SaO2% Device SaO2% sensor type
73804-7,SaO2% Device SaO2% sensor name
73807-0,B+T cell XM.auto Ser+Bld CDC-Imp
73809-6,B+T cell XM Ser+Bld CDC-Imp
73836-9,Bacteria.fluoroq resist Anal Cult
73895-5,Hgb EntSub Retic Auto
73898-9,CD8-CD57+ Cells/lymph NFr Bld FC
73901-1,CD3-CD8-CD57+/lymph NFr Bld FC
73904-5,CD3-CD57+ Cells/lymph NFr Bld FC
73905-2,HIV1+2 IgG SerPl Ql IA.rapid
73906-0,HIV1+2 IgG Bld Ql IA.rapid
73908-6,Alloisoleucine/Creat Ur-Rto
73958-1,Cholest Est DBS-cCnc
73961-5,Ecoli+Kpneu+Paeru rRNA Bld Pos FISH
73962-3,Candida rRNA Bld Pos FISH
73963-1,E faecalis+othr E sp rRNA Bld Pos FISH
73977-1,Cancer multigene analysis Bld/T
73984-7,Hgb Other Bld
7403-9,Deprecated Hickory BasoBnd Ab Qn
74039-9,FLUAV H3 RNA Ct Spec Qn NAA+probe
74040-7,FLUAV N2 RNA Ct Spec Qn NAA+probe
74099-3,NGAL Ur IA.rapid-mCnc
74103-3,NGAL SerPl IA.rapid-mCnc
74105-8,SaO2 % BldMV from pO2
74127-2,Akt1 phosphate Ag Tiss Ql ImStn
74138-9,Imm Moncytes Bld Ql
74152-0,Anaphylaxis action plan
74184-3,Cleft Lymphs Bld Ql
742-7,Monocytes # Bld Auto
74230-4,Lymphs assessmnt Mar
74238-7,HEDIS 2014 BUN
74244-5,HEDIS 2014 GLUC
74249-4,HEDIS 2014 LDL-C
74257-7,HEDIS 2014-16 Ser K
74260-1,HEDIS 2014 Valp Acid
74261-9,HEDIS 2014 Phenytoin
74264-3,HIV Summary registry report
74283-3,Alt residence status [NTDS]
743-5,Monocytes # Bld Manual
74351-8,Glucose ?Tm Ur-sCnc
74353-4,Sodium & Potassium panel
74357-5,Ib Lymphs Bld Ql Smear
74359-1,Cholest est trnsfr prot Act/Nor SerPl
74362-5,LCAT Act/Nor SerPl
74393-0,Imm Retics/RBC NFr BldCo Auto
74397-1,Retics/RBC NFr BldCo Auto
74398-9,Neutrophils # BldCo
74399-7,Monocytes # BldCo
744-3,Monocytes NFr Bld Manual
74400-3,Monocytes NFr BldCo
74401-1,Lymphocytes # BldCo
74402-9,Lymphocytes NFr BldCo
74404-5,Eosinophil # BldCo
74405-2,Eosinophil NFr BldCo
74406-0,Basophils # BldCo
74407-8,Basophils NFr BldCo
74425-0,Myelocytes.neut NFr Bld Manual
74426-8,Myelocytes.neut NFr Mar Manual
74427-6,Myelocytes.eos NFr Bld Manual
74428-4,Metamyelocytes.neut NFr Bld Manual
74429-2,Metamyelocytes.eos NFr Mar Manual
74433-4,Cholestanol/Cholest SFr SerPl
74434-2,Bilirub MFr Stone IR
74435-9,NE Cholest SFr SerPl GC
74436-7,D-Lactate Stl-sCnt
74442-5,Pyridoxal Phos Bld-sCnc
74446-6,Calculus analysis panel
74452-4,PDW BldCo Auto
74457-3,Neutrophils NFr BldCo
74461-5,Lymphocytes NFr Bld Fetus
74462-3,Basophils NFr Bld Fetus
74464-9,Platelet # BldC Manual
74469-8,G6PD/PK Bld-Rto
74513-3,A-Tocopherol Vit E EntSub RBC
74516-6,Calcium Sal-sCnc
74517-4,Cholest Sulf SerPl-sCnc
74519-0,Complement activity panel
74520-8,AH50 Act/Nor Ser IA
74521-6,CH50 Act/Nor Ser IA
74522-4,Comp activity.lectin Act/Nor Ser IA
74542-2,PK/G6PD RBC-cRto
74619-8,DMA 18:0 RBC-sCnt
74621-4,DMA 18:1/Oleate RBC-sRto
74623-0,DMA 18:1 RBC-sCnt
74625-5,DMA 16:0/C16:0 RBC-sRto
74627-1,DMA 16:0 RBC-sCnt
74634-7,Dimethylacetal panel
74636-2,M Protein 3 24h Ur Elph-mRate
74637-0,M Protein 2 24h Ur Elph-mRate
74661-0,Peth Bld-mCnc
74673-5,Ethanol Sal Ql Cfm
74685-9,Sodium 4h Ur-sCnc
74686-7,Glucose 12h Ur-sRate
74687-5,Glucose 12h Ur-sCnc
74688-3,Sodium p dialysis SerPl-sCnc
74696-6,Magnesium 12h Ur-sCnc
74731-1,Deprecated GP bact Bld Pos Prb Mag-Imp
74732-9,Deprecated Listeria sp tuf Bld Pos Ql Prb Mag
74733-7,Deprecated Mycobacterium rRNA Bld Pos Prb Mag
74736-0,Deprecated S pyogenes hsp60 Bld Pos Ql Prb Mag
74737-8,Deprecated S pneumoniae gryB Bld Pos Ql Prb Mag
74738-6,Deprecated S anginosus gryB Bld Pos Ql Prb Mag
74739-4,Deprecated S agalactiae hsp60 Bld Pos Ql Prb Mag
74740-2,Deprecated Streptococcus sp tuf Bld Pos Ql Prb Mag
74741-0,Deprecated vanB Bld Pos Ql Prb Mag
74742-8,Deprecated vanA Bld Pos Ql Prb Mag
74743-6,Deprecated E faecalis hsp60 Bld Pos Ql Prb Mag
74744-4,Deprecated S lugdunensis sodA Bld Pos Ql Prb Mag
74745-1,Deprecated mecA Bld Pos Ql Prb Mag
74746-9,Deprecated S epidermidis hsp60 Bld Pos Ql Prb Mag
74747-7,Deprecated S aureus gyrB Bld Pos Ql Prb Mag
74748-5,Deprecated Staph sp tuf Bld Pos Ql Prb Mag
74749-3,Deprecated GP Bld Culture Pnl Bld Pos Prb Mag
74750-1,Cleft Lymphs Bld/T Ql Micro
74763-4,HPV E6+E7 mRNA Anal Ql NAA+probe
74773-3,Immunoglobulin light chains & heavy chains panel
74774-1,Glucose SerPlBld-mCnc
74775-8,Platelet # PRP Auto
74784-0,FLUBV lineage RNA Spec NAA+probe
74785-7,FLUBV Vic RNA Spec Ql NAA+probe
74786-5,FLUBV Yam RNA Spec Ql NAA+probe
74787-3,Influenza virus B Victoria & Yamagata lineage RNA panel
74790-7,Glucose challenge panel
74802-0,Glucose HBT ExG-Imp
74806-1,Lithium Trough SerPl-sCnc
74807-9,sTfR SerPl
74848-3,Lymphocytes NFr LN Manual
74853-3,HIV 1 pro DNA Spec Ql NAA+probe
74854-1,HIV 1 pro DNA # Bld NAA+probe
74855-8,HIV 1 pro DNA Spec NAA+probe-Log#
74856-6,HIV1+2+HCV+HBV DNA SerPl Donr Ql NAA+pr
74858-2,HEV 1+2+3+4 RNA SerPl Donr Ql NAA+probe
74859-0,Bld Ethanol Est from SerPl-mCnc
74879-8,Gal1PO4 p diet DBS-mCnc
74889-7,Phosphate Sal-sCnc
74893-9,Mannose/Creat Ur-sRto
74896-2,Lactate Stl-sCnt
74901-0,Gamma tocopherol EntSub RBC
74902-8,Gal1PUT WBC-cCnt
74906-9,Bilirub CSF-sCnc
74909-3,Calcium Oxalate Dihydrate MFr Stone
74952-3,Lymphocyte prolif Bld-Imp Nar
74966-3,Deprecated APAP Trough SerPl-mCnc
7497-1,Cheese Mold BasoBnd Ab Qn
74976-2,Phenytoin Trough SerPl-mCnc
74983-8,Phenytoin Free Trough SerPl-mCnc
74988-7,Hexa-CP RBC-sCnc
74992-9,Amylase Sal-cCnc
74993-7,Chloride & sodium panel
74996-0,ALP Bone Z-score SerPl
75012-5,"t(4;11)(AFF1,MLL) Mar Ql"
75013-3,"t(8;21)(RUNX1T1,RUNX1) Mar Ql"
75016-6,"t(ABL1,BCR)b3a2 Mar Ql"
75023-2,CD63 Basophils/Basophils NFr Bld FC
75032-3,CEBPA gene Full Mut Anl Mar Seq
75040-6,D-Lactate CSF-sCnc
75044-8,Sepiapterin/Creat Ur-sRto
75051-3,Xylose/Creat Ur-sRto
75056-2,Pyridoxal Phos CSF-sCnc
75071-1,APAP/Creat Ur-sRto
75091-9,Catechol/Creat Ur-sRto
75094-3,Gal1PUT p diet DBS-cCnc
75095-0,DHA EntSub RBC
75096-8,VLCFA C26:0 EntSub RBC
75098-4,Nervonate EntSub RBC
75099-2,Laurate EntSub RBC
751-8,Neutrophils # Bld Auto
75100-8,FA EntSub RBC
75101-6,VLCFA C22:0 EntSub RBC
75103-2,Myristate EntSub RBC
75104-0,VLCFA C24:0 EntSub RBC
75106-5,Mead acid EntSub RBC
75107-3,Pentadecanoate EntSub RBC
75109-9,VLCFA.C22:1n9 EntSub RBC
75110-7,AA EntSub RBC
75111-5,Palmitoleate EntSub RBC
75112-3,Docosatetraenoate EntSub RBC
75113-1,A-Linolenate EntSub RBC
75114-9,Fatty acids pattern RBC-Imp
75115-6,Palmitate EntSub RBC
75116-4,Decanoate EntSub RBC
75117-2,Linoleate EntSub RBC
75118-0,Octadecanoate EntSub RBC
75119-8,G-Linolenate EntSub RBC
75132-1,Oxipurinol/Creat Ur-sRto
75155-2,Allantoine/Creat Ur-sRto
75179-2,What was the mother's HIV status during pregnancy?
752-6,Deprecated Neutrophils # Bld Auto
75239-4,IMA Ser-aCnc
75269-1,Bacteria Genital Anaerobe+Aerobe Cult
753-4,Neutrophils # Bld Manual
75358-2,Bacteria Bone Anaerobe+Aerobe Cult
75363-2,Creat Vitf-sCnc
75366-5,Lactate BldC Fetus Strip-sCnc
75378-0,HBV core Ab SerPlBld Ql IA.rapid
75386-3,MEN1 gene Fam Mut Anl Bld/T
75389-7,CDKN1B Full Mut Anl Bld/T Seq
75395-4,AIP Full Mut Anl Bld/T Seq
754-2,Neutrophils # CSF Auto
75407-7,HBV e Ab SerPlBld Ql IA.rapid
75408-5,HBV e Ag SerPlBld Ql IA.rapid
75409-3,HBV surface Ab SerPlBld Ql IA.rapid
75410-1,HBV surface Ag SerPlBld Ql IA.rapid
755-9,Neutrophils # CSF Manual
75516-5,Cortis F 24h Ur-sCnc
75517-3,M Protein 4 24h Ur Elph-mRate
75540-5,HAV RNA+B19V DNA Plas Donr NAA+probe-Imp
75542-1,HAV RNA Plas Donr NAA+probe-Imp
756-7,Neutrophils # Plr Auto
75622-1,HIV 1 & 2 tests - Meaningful Use set
75639-5,LDH.body fld/SerPl
75652-8,Imm Lymphs Bld Ql
75666-8,HIV 1+2 Ab+HIV1p24 Ag SerPlBld IA.rapid
75673-4,Deprecated GN Bld Culture Pnl Bld Pos Prb Mag
75674-2,Deprecated Acinetobacter sp rpsA Bld Pos Ql Prb Mag
75675-9,Deprecated Citrobac sp ompA+mrkC Bld Pos Ql Prb Mag
75676-7,Deprecated Enterobact gyrB+metB Bld Pos Ql Prb Mag
75677-5,Deprecated Proteus sp atpD Bld Pos Ql Prb Mag
75678-3,Deprecated E coli oppA Bld Pos Ql Prb Mag
75679-1,Deprecated K pneumoniae yggE Bld Pos Ql Prb Mag
75680-9,Deprecated K oxytoca ompA Bld Pos Ql Prb Mag
75681-7,Deprecated P aeruginosa sodA Bld Pos Ql Prb Mag
75682-5,Deprecated bla(CTX-M) Bld Pos Ql Prb Mag
75683-3,Deprecated blaKPC Bld Pos Ql Prb Mag
75684-1,Deprecated blaNDM Bld Pos Ql Prb Mag
75685-8,Deprecated blaVIM Bld Pos Ql Prb Mag
75686-6,Deprecated blaIMP Bld Pos Ql Prb Mag
75687-4,Deprecated blaOXA Bld Pos Ql Prb Mag
75688-2,Deprecated GN bact Bld Pos Prb Mag-Imp
75689-0,Iron panel
75690-8,Deprecated E faecium hsp60 Bld Pos Ql Prb Mag
75697-3,Bilirubin fractions panel
757-5,Neutrophils # Plr Manual
75708-8,Btk B cells+mono FC-Imp
75753-4,vanD Islt/Spm Ql
75757-5,Chlamydia Ab Ser Ql CF
75784-9,First Alt HC agent
75785-6,Second Alt HC agent
758-3,Neutrophils # Prt Auto
75860-7,Hepatitis A virus RNA & Parvovirus B19 DNA panel
75861-5,HEDIS 2015-20 LDL-C
75863-1,HEDIS 2015-18 Digoxin Level
75864-9,HEDIS 2015-18 Glucose Tests
75865-6,HEDIS 2015-18 PSA Test Excl
75866-4,HEDIS 2015-18 PSA Tests
75867-2,HEDIS 2015-18 Chol Tests not LDL
759-1,Neutrophils # Prt Manual
75928-2,Hgb BldA-sCnc
75940-7,Potassium Bld-mCnc
75974-6,KRAS gene Mut Anl Bld/T
760-9,Neutrophils # Snv Manual
76027-2,M6PI Fib-cCnt
76028-0,IDUA gene Full Mut Anl Bld/T Seq
76032-2,SGSH gene Full Mut Anl Bld/T Seq
76033-0,HEXA gene Full Mut Anl Bld/T Seq
76034-8,GAA Full Mut Anl Bld/T Seq
76036-3,GLA gene Full Mut Anl Bld/T Seq
76077-7,FLUAV RNA BAL Ql NAA+probe
76078-5,FLUAV RNA Nph Ql NAA+probe
76079-3,FLUBV RNA BAL Ql NAA+probe
76080-1,FLUBV RNA Nph Ql NAA+probe
76091-8,Respiratory pathogens DNA & RNA 4 panel
761-7,Neutrophils # Ur Auto
76138-7,RDWr Bld Calc-Rto
76139-5,HDWr Bld Calc-mCnc
76140-3,Retics.hypochromic/RBC NFr Auto
76141-1,CHCMr Bld-mCnc
76142-9,Imm Lymphs Bld Ql Manual
762-5,Neutrophils # Ur Manual
763-3,Neuts Band # Bld Manual
76347-4,DHEA-S/Cortis SerPl-sRto
76351-6,MTX-PGs RBC-sCnc
76352-4,Testost/Cortis SerPl-sRto
76399-5,Troponin I SerPlBld Ql IA.rapid
764-1,Neuts Band NFr Bld Manual
76401-9,Albumin/Creat 24h Ur-Rto
76406-8,Basophils Fld Manual
76407-6,Eosinophil Fld Manual
76408-4,Monos+Macros Fld Manual
76409-2,Lymphocytes Fld Manual
76410-0,Neuts Band Fld Manual
76411-8,Neutrophils Fld Manual
76412-6,Sheep PrP codon 141 Bld Genotyp
76413-4,Sheep PrP codon 112 Bld Genotyp
76414-2,Sheep PrP codon 136 Bld Genotyp
76415-9,Sheep PrP codon 154 Bld Genotyp
76416-7,Sheep PrP codon 171 Bld Genotyp
76480-3,Albumin CSF-sCnc
76482-9,Apo B SerPl-sCnc
76483-7,Apo A-I SerPl-sCnc
76484-5,B2 Microglob SerPl-sCnc
76496-9,C4 SerPl-sCnc
765-8,Neuts Hyperseg Bld Ql Smear
76572-7,S pneum nanA Swab Ql NAA+probe
76582-6,S agalact cfb Swab Ql NAA+probe
76596-6,S pyogenes csrS XXX.tiss NAA+probe
766-6,Neuts Hyperseg # Bld Manual
76600-6,S pneum nanA # XXX.body fld NAA+probe
76614-7,LAL Fib 4-MUO substrate-cCnt
76615-4,LAL Fib 4-MUP substrate-cCnt
76621-2,Lysosomal acid lipase panel
76622-0,LAL Fib-Imp
76629-5,Glucose p fast Bld-sCnc
76630-3,Amylase Bld-cCnc
76631-1,Albumin Bld BCP-mCnc
76656-8,Phosphate Hair-mCnt
76660-0,Peth Bld Ql Scn
76669-1,Glucose tube1 CSF-sCnc
76670-9,Glucose tube2 CSF-sCnc
76671-7,Glucose tube3 CSF-sCnc
76672-5,Glucose tube4 CSF-sCnc
76686-5,CHDWr Bld Qn Calc
76693-1,Bacteria BPU.autologous Cult
767-4,Neuts Hyperseg NFr Bld Manual
76768-1,Hgb BldMV Oximetry-mCnc
76769-9,Hgb BldV Oximetry-mCnc
76771-5,Respiratory pathogens RNA 8 panel
768-2,Neuts Seg # Bld Manual
769-0,Neuts Seg NFr Bld Manual
770-8,Neutrophils NFr Bld Auto
77017-2,CFTR Mut Anl Bld/T MS.MALDI-Imp
77026-3,FLUAV H1 RNA Nph Ql NAA+probe
77027-1,FLUAV H3 RNA Nph Ql NAA+probe
77028-9,FLUAV H1 2009 pand RNA Nph Ql NAA+probe
77029-7,Respiratory pathogens DNA & RNA 14 panel
77030-5,"t(1;19)(PBX1,TCF3) Bld/T FISH"
77036-2,"t(11;18)(BIRC3,MALT1) Bld/T FISH"
77038-8,"t(14;18)(IGH,BCL2) Bld/T FISH"
77039-6,"t(12;21)(ETV6,RUNX1) Bld/T FISH"
77040-4,"t(8;21)(RUNX1T1,RUNX1) Bld/T FISH"
77041-2,"inv(3)+t(3;3)(PSMD2,MECOM) Bld/T FISH"
77043-8,ACAD8 Full Mut Anl Bld/T Seq
77048-7,ACSF3 Fam Mut Anl Bld/T
77049-5,SUGCT Full Mut Anl Bld/T Seq
77056-0,CYP11B1 gene Fam Mut Anl Bld/T
77059-4,GNMT Full Mut Anl Bld/T Seq
77061-0,HPD Full Mut Anl Bld/T Seq
77063-6,TAT Full Mut Anl Bld/T Seq
77064-4,TAT Fam Mut Anl Bld/T
77065-1,AHCY Full Mut Anl Bld/T Seq
77069-3,AGA Fam Mut Anl Bld/T
77074-3,C12orf65 Full Mut Anl Bld/T Seq
77078-4,MTFMT Full Mut Anl Bld/T Seq
77079-2,MTFMT Fam Mut Anl Bld/T
77080-0,SERPINF1 Full Mut Anl Bld/T Seq
77081-8,SERPINF1 Fam Mut Anl Bld/T
77085-9,ALPL Fam Mut Anl Bld/T
77089-1,GFM1 Fam Mut Anl Bld/T
77091-7,TFB1M Fam Mut Anl Bld/T
77095-8,MRPS2 Fam Mut Anl Bld/T
77101-4,MRPL18A Fam Mut Anl Bld/T
77104-8,HARS2 Full Mut Anl Bld/T Seq
77105-5,HARS2 Fam Mut Anl Bld/T
77109-7,AARS2 Fam Mut Anl Bld/T
77111-3,KARS Fam Mut Anl Bld/T
77116-2,FKBP10 Fam Mut Anl Bld/T
77117-0,RPGRIP1 Full Mut Anl Bld/T Seq
77118-8,RPGRIP1 Fam Mut Anl Bld/T
77120-4,RPGR Fam Mut Anl Bld/T
77128-7,USH1C Fam Mut Anl Bld/T
77129-5,CERKL Full Mut Anl Bld/T Seq
77130-3,CERKL Fam Mut Anl Bld/T
77131-1,CDHR1 Full Mut Anl Bld/T Seq
77133-7,LCA5 Full Mut Anl Bld/T Seq
77135-2,Glucose SerPlBld-sCnc
77137-8,Bilirub SerPlBld-sCnc
77138-6,Chloride SerPlBld-sCnc
77139-4,Sodium SerPlBld-sCnc
77141-0,ALP SerPlBld-cCnc
77142-8,Potassium SerPlBld-sCnc
77145-1,Glucose p fast SerPlBld-sCnc
77146-9,Amylase SerPlBld-cCnc
77148-5,Albumin SerPlBld BCP-mCnc
77158-4,Microalbumin Ur DL<=3.0 mg/L-sCnc
77176-6,Hepatitis B virus little e Ag & Ab panel
77184-0,Nb/Creat Ur-sRto
77189-9,Zirconium/Creat Ur-sRto
77190-7,Hepatitis B virus core & surface Ab & surface Ag panel
77253-3,Microalbumin/Creat Ur DL<=1mg/L-Rto
77254-1,Microalbumin/Creat 24h Ur DL<=1mg/L-Rto
77313-5,DNA analysis discrete sequence variation basic associated observations panel
77345-7,E vermicularis sp2 Anal Ql Pinworm Exam
77353-1,Noninv colon ca DNA+occ bld scrn Stl-Imp
77354-9,Noninv colon ca DNA+occ bld scrn Stl Ql
77360-6,Trigl 24h Stl-mCnt
77361-4,Trigl 24h Stl-mRate
77368-9,HIV 1 pro DNA Smn Ql NAA+probe
77369-7,HIV1 RNA Smn Ql NAA+probe
77381-2,Protein fractions panel
77383-8,FLUAV Ag BAL Ql IF
77384-6,FLUBV Ag BAL Ql IF
77397-8,ABO + Rh Bld Cfm
77452-1,Bilirub Prt Ql
77607-0,Cortis 1M p chal SerPl-sCnc
77610-4,C peptide 15M p chal SerPl-sCnc
77611-2,C peptide 4h p chal SerPl-sCnc
77612-0,C peptide 45M p chal SerPl-sCnc
77621-1,NT-proBNP Plr IA-mCnc
77622-9,NT-proBNP DiafP IA-mCnc
77624-5,SMAD4 gene Full Mut Anl Bld/T Seq
77625-2,ENG Full Mut Anl Bld/T Seq
77626-0,PK RBC Qn
77651-8,C peptide 75M p chal SerPl-sCnc
77652-6,C peptide 5h p chal SerPl-sCnc
77666-6,mecA mRNA Bld Pos Ql FISH
77678-1,IGF-I 2.5h p chal SerPl-mCnc
77679-9,IGF-I 3h p chal SerPl-mCnc
77685-6,HIV 1 & 2 IgG SerPl IB
777-3,Platelet # Bld Auto
77739-1,Mother's HBV surface Ag Ql
77768-0,Ethanol CtO Ur Cfm-mCnc
778-1,Platelet # Bld Manual
77842-3,PROMIS pediatric short form - asthma 8a - version 1.0 raw score
77872-0,PROMIS pediatric asthma - version 1.0 T-score
77924-9,CRE Anorectl/Stl Ql Cult
77925-6,Cortis 10M p chal SerPl-sCnc
77926-4,Cortis 3M p chal SerPl-sCnc
77927-2,Cortis 5M p chal SerPl-sCnc
77928-0,Cortis 75M p chal SerPl-sCnc
77929-8,Cortis 3.5h p chal SerPl-sCnc
77930-6,Cortis 4h p chal SerPl-sCnc
77931-4,Cortis 6h p chal SerPl-sCnc
77932-2,Cortis 8h p chal SerPl-sCnc
77933-0,Cortis 9h p chal SerPl-sCnc
77934-8,Cortis 9.5h p chal SerPl-sCnc
77935-5,Cortis 10h p chal SerPl-sCnc
77936-3,Cortis 10.5h p chal SerPl-sCnc
77937-1,Cortis 12h p chal SerPl-sCnc
77938-9,Deprecated Cortis 124H P XXX chal SerPl-
77940-5,Albumin ?Tm Ur Elph-mCnc
77949-6,S pneum Ag Ur Ql IA.rapid
77964-5,Cholest Cry #/area UrnS LPF
7799-0,Deprecated D Dimer PPP-aCnc
78004-9,VRSA Islt Ql
78007-2,HIV 1 pro DNA Bld MC NAA+probe-EntLogNum
78008-0,HIV 1 pro DNA XXX MC NAA+probe-EntNum
78009-8,HIV 1 pro DNA Bld MC NAA+probe-EntNum
78010-6,HIV 1 pro DNA XXX MC NAA+probe-EntLogNum
78012-2,S pyo Ag Throat Ql IA.rapid
78013-0,HLA-A & B & DRB & DQB1 panel
78046-0,Pharmacogenomic analysis basic associated observations panel
78047-8,Cortis 24H p XXX chal SerPl-sCnc
7809-7,HAstV Stl Ql EM
7810-5,HAstV Ag Stl Ql IA
7811-3,HAstV RNA Ser Ql NAA+probe
78344-9,Fatty acid panel.comprehensive C8-C26
78345-6,Docosenoate EntSub RBC
78346-4,Hexadecenoate EntSub RBC
78347-2,DPA EntSub RBC
78348-0,Docosapentaenate w6 EntSub RBC
78349-8,Lauroleate EntSub RBC
78350-6,Decenoate EntSub RBC
78351-4,Tdecadienoate EntSub RBC
78352-2,Vaccenate EntSub RBC
78353-0,Hexadecadienoate EntSub RBC
78355-5,Lymph Abn Bld Ql Manual
78361-3,Fatty acid & triglyceride panel
78439-7,Phenytoin free & total trough panel
78441-3,Bilirub Conj Prt-sCnc
78442-1,Bilirub Indirect Prt-sCnc
78444-7,HAV IgG+IgM SerPl IA-aCnc
78518-8,Cholest Pcar-sCnc
78534-5,Glucose 2H dwell spec DiafP-sCnc
78536-0,Urea nit 2H dwell spec DiafP-sCnc
78537-8,Urea nit 4H dwell spec DiafP-sCnc
786-4,MCHC RBC Auto-EntMCnc
78689-7,Adenylosuccinate/Creat Ur-sRto
78691-3,Guanosine/Creat Ur-sRto
78692-1,Pseudouridine/Creat Ur-sRto
78693-9,Dihydrothymine/Creat Ur-sRto
78694-7,Dihydroorotate/Creat Ur-sRto
78748-1,Hgb Fract Bld CE-Imp
78750-7,HEV RNA SerPl NAA+probe-Log IU
7877-4,A phagocytoph Ab Ser Ql
78792-9,Anakinra SerPl-mCnc
78922-2,Respiratory pathogens DNA & RNA panel
78961-0,IgG/Alb clear Ur+SerPl-Rto
78963-6,M6PI WBC-cCnt
78984-2,Macroprolactin/Prolactin % SerPl
78985-9,Prolactin.dim SerPl-aCnc
78986-7,Prolactin.dim/Prolactin % SerPl
78988-3,Cortis Hair-sCnt
78993-3,Prolactin isoforms panel
78994-1,Prolactin.monomeric SerPl-aCnc
78995-8,Prolactin.monomeric/Prolactin % SerPl
79015-4,Are you able to pull a sweater or t-shirt over your head?
7904-6,HAV RNA Ser Ql NAA+probe
7905-3,HBV surface Ag SerPl Ql Nt
7906-1,HDV RNA SerPl Ql NAA+probe
79087-3,CT Hrt+CA for Calcium Score WO contr
79155-8,Deprecated HIV1 tropism Bld
7917-8,HIV1 Ab Ser Ql
7918-6,HIV1+2 Ab Ser Ql
79189-7,HCV core Ag SerPl Ql IA
7919-4,HIV 2 Ab Ser Ql
79193-9,Glucose 15M p Arg+Ins SerPl-mCnc
79194-7,Glucose 30M p Arg+Ins SerPl-mCnc
79195-4,Glucose 45M p Arg+Ins SerPl-mCnc
79196-2,Glucose 1h p Arg+Ins SerPl-mCnc
79197-0,GH 2h p Arg+Ins SerPl-mCnc
79198-8,GH 2.25h p Arg+Ins SerPl-mCnc
79199-6,GH 15M p Arg+Ins SerPl-mCnc
7920-2,FLUAV Ab Ser-aCnc
79200-2,GH 2.5h p Arg+Ins SerPl-mCnc
79201-0,GH 30M p Arg+Ins SerPl-mCnc
79202-8,GH 45M p Arg+Ins SerPl-mCnc
79203-6,GH 1h p Arg+Ins SerPl-mCnc
79204-4,GH 1.25h p Arg+Ins SerPl-mCnc
79205-1,GH 1.5h p Arg+Ins SerPl-mCnc
79209-3,"t(2;3)(PAX8,PPARG) Tiss Ql"
7921-0,FLUAV Bang Ab Ser-aCnc
7922-8,FLUAV Eng Ab Ser-aCnc
7923-6,FLUAV HK Ab Ser-aCnc
7924-4,FLUAV Lenin Ab Ser-aCnc
7925-1,FLUAV Miss Ab Ser-aCnc
7926-9,FLUAV Phill Ab Ser-aCnc
79264-8,Glucose Ovrngt Dwell DiafP-sCnc
79265-5,Urea nit Ovrngt Dwell DiafP-sCnc
7927-7,FLUAV Pt Chal Ab Ser-aCnc
7928-5,FLUAV Tex Ab Ser-aCnc
7929-3,FLUAV Vic Ab Ser-aCnc
7930-1,FLUAV+FLUBV Ab Ser-aCnc
7931-9,FLUBV Ab Ser-aCnc
7932-7,FLUCV Ab Ser-aCnc
79324-0,Pyridoxal phosphate & pyridoxal & pyridoxine panel
79325-7,Pyridoxal phosphate & pyridoxal & pyridoxine panel
79331-5,TML/Creat Ur-sRto
79343-0,DMA pattern RBC-Imp
79344-8,PLP + PL + Vit B6 pattern SerPl-Imp
79345-5,PLP + PL + Vit B6 pattern CSF-Imp
79379-4,HIV 1 RNA+proviral DNA Plas Ql NAA+probe
79380-2,HIV 1 RNA+proviral DNA Bld Ql NAA+probe
79398-4,Prolactin isoforms pattern SerPl-Imp
79401-6,HBB gene Full Mut Anl Bld/T Seq
79406-5,IgM/Alb clear Ser+CSF-Rto
79414-9,MSH6 gene Del+Dup Bld/T MLPA
79450-3,APRT cSub RBC
79452-9,ADSL cSub RBC
79456-0,Arginase RBC-cCnt
79460-2,Gal1PUT cSub RBC
79461-0,HPRT cSub RBC
79464-4,Phosphorylase RBC-cCnt
79465-1,PBG Synthase RBC-cCnt
79466-9,PNP cSub RBC
79468-5,TPMT cSub RBC
79470-1,UMP synthetase RBC-cCnt
79478-4,Salicylurate/Creat Ur-sRto
79487-5,Lactyl lactate/Creat Ur-sRto
79504-7,Levulinate/Creat Ur-sRto
79517-9,Desaminotyrosine/Creat Ur-sRto
79521-1,Lactyl lactate SerPl-sCnc
79539-3,HEDIS 2016-18 Urine Prot Tests
79569-0,Blood product Gvn Type
79572-4,Folate & tryptophan & metabolites panel
79574-0,Folate + Tryp + Metabs Pattern CSF-Imp
79577-3,L-Dopa/Creat Ur-sRto
79579-9,Alanylproline/Creat Ur-sRto
79592-2,Homocitrulline/Creat Ur-sRto
79594-8,Gly-pro/Creat Ur-sRto
79611-0,Prolyl-OH-proline/Creat Ur-sRto
79632-6,Homocarnosine/Creat Ur-sRto
79636-7,Aspartylglycosamine/Creat Ur-sRto
79649-0,Hycs-Cys diS/Creat Ur-sRto
79658-1,Cytosine/Creat Ur-sRto
79681-3,Allopurinol/Creat Ur-sRto
79696-1,cis-11-Eicosenoate EntSub RBC
79697-9,Docosadienoate EntSub RBC
79702-7,cis-13-Eicosenoate EntSub RBC
79706-8,Octadecatetraenoate EntSub RBC
79710-0,Potassium Hair-mCnt
79728-2,R eye Coloboma loc
80068-0,MV Max orifice area diastole Planimetry
80087-0,Distal RVOT ED diameter PSAX
80095-3,Galactosamine/Creat Ur-sRto
80158-9,Gal-Hyl/Creat Ur-sRto
80187-8,JAK2 exon 14 Mut Anl Bld/T
80203-3,HIV 1 & 2 Ab SerPlBld IA.rapid
80204-1,FLUAV + FLUBV Nph Shell Vial Cult
8022-6,SLEV Ab Ser CF-aCnc
80222-3,CD8 Cells/lymph NFr Spec
80223-1,CD4 Cells/lymph NFr Spec
8027-5,Deprecated S pneum14 IgG Ser IA-aCnc
80283-5,Murmur radiating to bdy loc Auscultation
8029-1,Deprecated S pneum9 IgG Ser IA-aCnc
8030-9,S pneum Ab Ser Ql
8031-7,S pneum IgG Ser-aCnc
8032-5,S pneum IgM Ser-aCnc
8033-3,Deprecated S pneum3 IgG Ser IA-aCnc
80351-0,ETEC ltA+st1a+st1b tox St NAA+non-probe
80372-6,Hgb Stl gastro Ql IA.rapid
80381-7,Influenza virus A & B Ag panel
80382-5,FLUAV Ag Upper resp Ql IA.rapid
80383-3,FLUBV Ag Upper resp Ql IA.rapid
80387-4,HIV1+2 Ab SerPlBld Ql IA.rapid
80424-5,ITPase cSub RBC
80426-0,HDV RNA # SerPl NAA+probe
80588-7,FLUAV M gene Nph Ql NAA+probe
80589-5,FLUAV H1 HA gene Nph Ql NAA+probe
80590-3,FLUAV H3 HA gene Nph Ql NAA+probe
80591-1,FLUBV NS gene Nph Ql NAA+probe
80602-6,Resp pathogens Nph NAA+probe
80611-7,Phosphate ?Tm Ur-sCnc
80613-3,HCO3 ?Tm Ur-sCnc
80655-4,Hgb G-Philad MFr Bld
80656-2,Hgb Hope MFr Bld
80657-0,Hg Q MFr Bld
80688-5,HIV1 RNA tropism Plas
80689-3,HIV 1 RNA RT + PR + IN Mut Det Plas Seq
80690-1,HIV1 proviral DNA tropism Bld MC
80691-9,HIV1 proviral DNA IN Mut Det Bld MC Seq
80692-7,HIV1 proviral DNA RT + PR Mut Det Seq
80693-5,HIV1 provir DNA RT + PR + IN Mut Det Seq
80694-3,HIV1 proviral DNA Gentyp Bld MC Nar
80695-0,HIV 1 proviral DNA Gentyp Bld MC Doc
80700-8,CD25+CD127- cells/CD3+CD4+ NFr Bld
80701-6,CD27- cells/CD3+CD8+ Cll NFr Bld
80702-4,CD27+CD45RA- cells/CD3+CD4+ NFr Bld
80703-2,CD27+CD45RA- cells/CD3+CD8+ Cll NFr Bld
80704-0,CD27+CD45RA+ cells/CD3+CD4+ NFr Bld
80705-7,CD27+CD45RA+ cells/CD3+CD8+ Cll NFr Bld
80708-1,CD27-CD45RA- cells/CD3+CD4+ NFr Bld
80709-9,CD27-CD45RA+ cells/CD3+CD4+ NFr Bld
80711-5,CD38+HLA-DR+ cells/CD3+CD4+ NFr Bld
80712-3,CD38+HLA-DR+ cells/CD3+CD8+ Cll NFr Bld
80718-0,Lymphocyte TCR gamma delta & alpha beta subsets panel
8072-1,Insulin Ab Ser-aCnc
80721-4,Lymphocyte T-cell & B-cell & Natural killer subsets panel
80722-2,T-cell + B-cell + NK subsets Bld-Imp Nar
8073-9,Insulin Bovine Ab Ser-aCnc
8074-7,Insulin Human Ab Ser-aCnc
8075-4,Insulin Porcine Ab Ser-aCnc
8084-6,c-ANCA Ser-aCnc
8085-3,p-ANCA Ser-aCnc
80958-2,Fracti excret of Mg Ur+SerPl-Rto
80963-2,Salicylates free SerPl-mCnc
80964-0,APAP free SerPl-mCnc
80970-7,Lithium free SerPl-sCnc
80971-5,Gentamicin free SerPl-mCnc
80975-6,Calcium intake 24h Measured
80983-0,Chloride intake 24h Measured
81005-1,Magnesium intake 24h Est
81006-9,Magnesium intake 24h Measured
81009-3,Potassium intake 24h Measured
8101-8,CD3+CD8+ Cells NFr Bld
81010-1,Potassium intake 24h Est
81011-9,Sodium intake 24h Est
81012-7,Sodium intake 24h Measured
81021-8,Cholesterol intake 24h Est
81022-6,Cholesterol intake 24h Measured
81062-2,Vit B12 intake 24h Est
81063-0,Vit B12 intake 24h Measured
81066-3,Vit B9 intake 24h Est
81080-4,Chloride intake 24h Est
81082-0,Iron intake 24h Est
81083-8,Iron intake 24h Measured
81116-6,HCV core Ab+Ag Ser Ql
81122-4,HIV 1 RNA RT + PR Seq SerPlBld
81134-9,Vit B9 intake 24h Measured
81137-2,Calcium intake 24h Est
8123-2,CD3+CD4+ Cells NFr Bld
81231-3,Protein fractions panel
81246-1,HIV 2 RNA panel
81313-9,Cryoglobulin C3 Ser Ql
81316-2,T vaginalis UrnS Ql Cult
81324-6,Glucose tolerance 2H gestational panel
81430-1,LDH DiafP L to P-cCnc
81623-1,CaOx 24h EngDiff Ur
81624-9,MTX-PG5 RBC-sCnc
81625-6,MTX-PG4 RBC-sCnc
81627-2,MTX-PG2 RBC-sCnc
81632-2,Immunoglobulin light chains.free panel
81641-3,HIV 2 Ab SerPlBld Ql IA.rapid
81642-1,CYP3A4 & CYP3A5 gene targeted mutation analysis panel
81652-0,HIV 2 RNA SerPl NAA+probe-Log#
81655-3,Resp bact + virus DNA + RNA Resp NAA+pr
81753-6,GH 1.75h p Arg+Ins SerPl-mCnc
81755-1,LPT IL-2 max/CD45 NFr Bld FC
81756-9,LPT aCD3 max/CD3 NFr Bld FC
81757-7,LPT IL-2 max/CD3 NFr Bld FC
81758-5,LPT aCD28 max/CD3 NFr Bld FC
81759-3,LPT aCD28 max/CD45 NFr Bld FC
81760-1,LPT aCD3 max/CD45 NFr Bld FC
81761-9,F8 intron 1+22 Inv Mut Anl Bld/T
81765-0,Docosatrienoate EntSub RBC
81795-7,THcortisone/Creat Ur-sRto
81796-5,THB/Creat Ur-sRto
81798-1,PDL/Creat Ur-sRto
818-5,A Ag RBC BPU Ql
81813-8,F11 Mut Anl Bld/T
81815-3,CTNS Mut Anl Bld/T
81816-1,OPA3 Mut Anl Bld/T
81819-5,CLN5 Mut Anl Bld/T
81822-9,BBS10 Mut Anl Bld/T
81823-7,SACS Mut Anl Bld/T
81824-5,SLC12A6 Mut Anl Bld/T
81834-4,SLC17A5 Full Mut Anl Bld/T Seq
81839-3,CLN8 Mut Anl Bld/T
81841-9,MLC1 Mut Anl Bld/T
81846-8,C9orf72 GGGGCC repeat analysis Bld/T
81847-6,C9orf72 GGGGCC repeat analysis Amn
81848-4,t(1;13)(p36;q14)+t(2;13)(q36;q14) Mar
81849-2,t(1;13)(p36;q14)+t(2;13)(q36;q14) Bld/T
81855-9,DMPK gene CTG repeat analysis Bld/T
81858-3,GJB1 gene Fam Mut Anl Bld/T
81860-9,HCM Mut Anl Bld/T Seq
81863-3,KCNH2 Fam Mut Anl Bld/T
81865-8,MYBPC3 Fam Mut Anl Bld/T
81867-4,NOTCH3 gene Fam Mut Anl Bld/T
81870-8,PSEN1 gene Fam Mut Anl Bld/T
81875-7,SPAST gene Fam Mut Anl Bld/T
81876-5,SPG11 Del+Dup + Mut Anl Bld/T
81877-3,SPG3A gene Fam Mut Anl Bld/T
81878-1,Subtelomere analysis Bld/T
81879-9,EWSR1-FLI1 + EWSR1-ERG Bld/T
81880-7,TNNT2 Fam Mut Anl Bld/T
81881-5,TNNT3 Fam Mut Anl Bld/T
81884-9,NIPA1+REEP1 Full Mut Anl Bld/T Seq
819-3,A Ag RBC Donr Ql
81902-9,MCT intake 24h Est
81903-7,MCT intake 24h Measured
81929-2,Vit D intake 24h Est
81930-0,Vit D intake 24h Measured
81934-2,Hcys intake 24h Est
81935-9,Hcys intake 24h Measured
820-1,A Ag RBC Ql
82021-7,Deprecated A alternata (rAlt a) 1 IgE RAST Ql
82083-7,Mold Allerg Mix2 IgE RAST
82089-4,Occup Allerg Mix3 IgE RAST
82090-2,Occup Allerg Mix3 IgE Qn
82091-0,Occup Allerg Mix4 IgE RAST
82092-8,Occup Allerg Mix4 IgE Qn
82104-1,Region Allerg Mix2 IgE RAST
82105-8,Region Allerg Mix2 IgE Qn
82125-6,Resp path DNA+RNA Tested Plr NAA+probe
82127-2,Resp path DNA+ RNA Plr NAA+probe
82134-8,Resp path DNA+RNA Tested Resp NAA+probe
82135-5,Deprecated Resp path DNA+RNA Tested tiss
82137-1,FGFR3 p.G380R Mut Anl Amn/CVS
82140-5,MYD88 L265P Mut Anl Bld/T
82159-5,Respiratory pathogens DNA & RNA panel
82166-0,FLUAV RNA Nph Ql NAA+n-prb
82167-8,FLUAV H1 RNA Nph Ql NAA+n-prb
82169-4,FLUAV H3 RNA Nph Ql NAA+n-prb
82170-2,FLUBV RNA Nph Ql NAA+n-prb
82210-6,Astro typ 1-8 RNA Stl Ql NAA+n-prb
82224-7,RPI Lymphblst-cCnt
82225-4,RPI Fib-cCnt
82252-8,Cons heterochrom analysis Bld/T Banding
82254-4,Mar + der chrom analy Amn/CVS Doc
82255-1,Mar + der chrom analy Bld/T Doc
82295-7,Xp22.33 +or Yp11.32 Del+Dup Bld/T FISH
82300-5,Shigella Stl Ql Cult
82301-3,Salmonella Stl Ql Cult
82302-1,Campylobacter Stl Ql Cult
82303-9,E coli O157 Stl Ql Cult
82304-7,P shigelloides Stl Ql Cult
82305-4,Gastrointestinal pathogens panel
82343-5,F8 intron 1+22 Inv Mut Anl Amn/CVS
82380-7,HCV Gentyp 1 NS5a Mut Det Islt
82381-5,HCV Genotyp 1 NS5b Mut Det Islt
82477-1,Erythrocyte Sed Rat Bld Photometric
825-0,Au sup(a) Ag RBC Donr Ql
82512-5,HCV Gentyp 1 SerPl NAA+probe
82513-3,HCV Gentyp 3 SerPl Ql NAA+probe
82514-1,HCV Gentyp 3 NS5a Mut Det Islt
82516-6,LAMC2 Mut Anl Bld/T
82518-2,IVD Mut Anl Bld/T
82525-7,Hepatitis C virus genotype & drug resistance panel
82528-1,VHL gene Full Mut Anl Bld/T Seq
82529-9,SDHD gene Del+Dup + Full Mut Anl Bld/T
82530-7,SDHB gene Del+Dup + Full Mut Anl Bld/T
82531-5,SDHC gene Del+Dup + Full Mut Anl Bld/T
82532-3,SDHB+SDHC+SDHD Del+Dup + Full Mut Bld/T
82533-1,VHL gene Del+Dup + Full Mut Anl Bld/T
82535-6,KRAS gene Full Mut Anl Bld/T Seq
82536-4,SOS1 gene Full Mut Anl Bld/T Seq
82538-0,CALR Exon 9 Full Mut Anl Bld/T
82556-2,Inhalant Allerg Mix 6 IgE RAST
82591-9,Retic.low scatter NFr Auto
82592-7,Mid Retics NFr Auto
826-8,Au sup(a) Ag RBC Ql
82669-3,"In the past 4 weeks, how much of the time did your asthma keep you from getting as much done at work, school or at home?"
82671-9,"During the past 4 weeks, how often did your asthma symptoms (wheezing, coughing, shortness of breath, chest tightness or pain) wake you up at night or earlier than usual in the morning?"
82673-5,How would you rate your asthma control during the past 4 weeks?
82674-3,Asthma Control Test
827-6,Am Ag RBC BPU Ql
82722-0,Potassium RBC-mCnc
82736-0,CaM Kinase II activity Act/Nor Ser
82741-0,Pediatric autoimmune neuropsychiatric disorder associated with streptococcus diagnosis panel
82812-9,Sodium RBC-mCnc
82869-9,6-Thioguanine & 6-methylmercaptopurine panel
82883-0,LAL WBC 4-MUP substrate-cCnt
829-2,Am Ag RBC Ql
82962-2,HEDIS 2017-18 Ser K
82970-5,Phenobarb SerPlBld Cfm-mCnc
83064-6,Ca-I BldCRRT-sCnc
83076-0,B2 Microglob SerPl IA-aCnc
83077-8,B2 Microglob Ur IA-mCnc
83078-6,B2 Microglob SerPl IA-mCnc
83079-4,B2 Microglob Ur IA-aCnc
83082-8,Cancer Ag125 SerPl IA-aCnc
83084-4,Cancer Ag19-9 SerPl IA-aCnc
83088-5,Cortis SerPl IA-mCnc
83089-3,Cortis 24h Ur IA-mCnc
83090-1,Cortis SerPl IA-sCnc
83091-9,Cortis 24h Ur IA-sCnc
83092-7,CK MB SerPl IA-mCnc
83093-5,Digoxin SerPl IA-mCnc
83094-3,Digoxin SerPl IA-sCnc
83096-8,Estradiol SerPl IA-mCnc
83097-6,Estradiol SerPl IA-sCnc
83100-8,HBV core IgG+IgM SerPl Ql IA
83101-6,HIV 1+2 Ab & HIV1 p24 Ag panel
83107-3,NT-proBNP SerPl IA-mCnc
83108-1,NT-proBNP SerPl IA-sCnc
83109-9,Progest SerPl IA-mCnc
83110-7,Progest SerPl IA-sCnc
83111-5,Prolactin SerPl IA-aCnc
83114-9,S100 Ca binding protein B Ser IA-mCnc
83115-6,Testost SerPl IA-sCnc
83116-4,Testost SerPl IA-mCnc
83119-8,T4 SerPl IA-mCnc
83120-6,T4 SerPl IA-sCnc
83121-4,T4 Free SerPl IA-sCnc
83122-2,T4 Free SerPl IA-mCnc
83124-8,T3 SerPl IA-mCnc
83125-5,T3 SerPl IA-sCnc
83126-3,T3Free SerPl IA-sCnc
83127-1,T3Free SerPl IA-mCnc
83128-9,HEV IgM SerPl Ql IA
83289-9,CT Hrt+CA Ca score WO cont+CTA W cont IV
83325-1,HIV 1 RNA genotype Islt
83326-9,HIV 1 RNA geno + pheno Islt
83327-7,HIV 1 RNA phenotype Islt
834-2,Deprecated A variant NOS Ag RBC Donr Ql
836-7,Ax Ag RBC BPU Ql
837-5,Ax Ag RBC Donr Ql
838-3,Ax Ag RBC Ql
842-5,A1 Ag RBC BPU Ql
843-3,A1 Ag RBC Donr Ql
844-1,A1 Ag RBC Ql
84586-7,Pronounce anachronistic NIH
846-6,Deprecated A1 B Ab SerPl Donr Ql
84793-9,Positive Affect Survey version 2.0 - parent report - ages 3-7 - T-score
84898-6,Dominant nodule plane PrT
849-0,A1 B Ag RBC Donr Ql
84900-0,Nodule quad PrT
84901-8,Other nodule plane PrT
850-8,A1 B Ag RBC Ql
85011-5,General Life Satisfaction Survey version 2.0 - parent report - ages 3-12 - T-score
85037-0,HIV 1 & 2 Ab & HIV 1 p24 Ag panel
85045-3,SA glyc resist vanc + teic IC Islt Grad
85065-1,Estradiol p FSH SerPl-mCnc
85066-9,Estradiol p LH SerPl-mCnc
85067-7,Estradiol p GnRH SerPl-mCnc
85068-5,Estradiol p Dex SerPl-mCnc
85108-9,Positive Peer Interaction Survey version 2.0 - parent report - ages 3-12 - T-score
85110-5,Peer Rejection Survey version 2.0 - parent report - ages 3-12 - T-score
85111-3,Social Withdrawal Survey version 2.0 - parent report - ages 3-12 - T-score
85117-0,Sadness Survey version 2.0 - parent report - ages 3-7 - T-score
85120-4,Fear-Separation Anxiety Survey version 2.0 - parent report - ages 3-7 - T-score
85123-8,Fear-Over Anxious Survey version 2.0 - parent report - ages 3-7 - T-score
85283-0,Organ tum adherent to CRC spec Micro
85301-0,Adj struct invaded Br ca spec Macro
85325-9,PR+ cells NFr Br ca spec ImStn
85331-7,PR fluor intensity Br ca spec Ql ImStn
85339-0,PR Ag Br ca spec Ql ImStn
85353-1,"Vital signs, weight, height, head circumference, oxygen saturation & BMI panel"
85361-4,HIV1+2 RNA Bld Ql NAA+probe
85365-5,Neutrophil membrane Ab Ser Ql IF
85366-3,Neutrophil membrane IgM Ser Ql IF
85367-1,Neutrophil membrane IgG Ser Ql IF
85368-9,HIV1+2 RNA SerPl Ql NAA+probe
85369-7,Neutrophils # Cont Bld FC
85370-5,Neut.fMLP stim.DHR MFI Bld FC
85371-3,Neut.fMLP stim.DHR MFI Cont Bld FC
85372-1,Neut.fMLP DHR/Neut fMLP NFr Cont Bld FC
85373-9,Neut.fMLP DHR/Neut fMLP NFr Bld FC
85374-7,Neut.PMA stim.DHR MFI Bld FC
85375-4,Neut.PMA stim.DHR MFI Cont Bld FC
85376-2,Neut PMA DHR/Neut PMA NFr Bld FC
85377-0,Neut PMA DHR/Neut PMA NFr Cont Bld FC
85380-4,HIV IA algorithm interp SerPlBld-Imp
85461-2,"How would you rate their home environment in terms of safety and stability (including domestic violence, insecure housing, neighbor harassment)?"
85467-9,"How well do you think your client can engage in healthcare discussions (barriers include language, deafness, aphasia, alcohol or drug problems, learning difficulties, concentration)?"
85477-8,FLUAV RNA Upper resp Ql NAA+probe
85478-6,FLUBV RNA Upper resp Ql NAA+probe
85486-9,Bg sup(c) Ag RBC Ql
85496-8,S pneum Sertyp Spec NAA+probe
855-7,A2 Ag RBC Donr Ql
85512-2,HDV RNA SerPl NAA+probe-aCnc
85513-0,HDV RNA Ser NAA+probe-Log IU
85526-2,FLUDV PB2 gene Ct Spec Qn NAA+probe
85532-0,FLUAV whole genome Islt-Seq
85533-8,FLUAV porcine NUC IgG/Pos cntrl Spec IA
85534-6,FLUAV avian NUC Ab Ser IA
85535-3,FLUAV RNA TCID50 # Spec
85552-8,FLUAV porcine NUC IgA/Pos cntrl Spec IA
85686-4,HIV1 Ab SerPlBld Ql IF
85688-0,S pneum lytA Ct Spec Qn NAA+probe
85737-5,Bombay phenotype RBC Ql
85738-3,Bombay phenotype RBC BPU Ql
85739-1,Bombay phenotype RBC Donr Ql
85761-5,K pnm DNA Bld Pos Ql NAA+n-prb
85762-3,Blood pathogens panel
85763-1,L monocytog DNA Bld Pos Ql NAA+n-prb
85764-9,S aureus+CoNS DNA Bld Pos NAA+non-probe
85765-6,S aureus DNA Bld Pos Ql NAA+n-prb
85766-4,Streptococcus DNA Bld Pos NAA+non-probe
85767-2,Gp B Strep DNA Bld Pos Ql NAA+n-prb
85768-0,S pneum DNA Bld Pos Ql NAA+n-prb
85769-8,S pyo DNA Bld Pos Ql NAA+n-prb
85770-6,A baumannii DNA Bld Pos Ql NAA+n-prb
85771-4,Enterobact DNA Bld Pos Ql NAA+n-prb
85772-2,E cloac comp DNA Bld Pos NAA+non-probe
85773-0,E coli DNA Bld Pos Ql NAA+n-prb
85774-8,K oxytoca DNA Bld Pos Ql NAA+n-prb
85775-5,Enterococ DNA Bld Pos Ql NAA+n-prb
85776-3,Proteus sp DNA Bld Pos Ql NAA+n-prb
85777-1,S marcescens DNA Bld Pos NAA+non-probe
85778-9,Haem influ DNA Bld Pos Ql NAA+n-prb
85779-7,N men DNA Bld Pos Ql NAA+n-prb
85780-5,P aeruginosa DNA Bld Pos NAA+non-probe
85781-3,C albicans DNA Bld Pos Ql NAA+n-prb
85782-1,C glabrata DNA Bld Pos Ql NAA+n-prb
85783-9,C krusei DNA Bld Pos Ql NAA+n-prb
85784-7,C parap DNA Bld Pos Ql NAA+n-prb
85785-4,C tropicls DNA Bld Pos Ql NAA+n-prb
85786-2,mecA Bld Pos Ql NAA+n-prb
85787-0,vanA+vanB Bld Pos Ql NAA+n-prb
85788-8,blaKPC Bld Pos Ql NAA+n-prb
85801-9,FLUBV Yam Ag Titr Islt HAI
85802-7,FLUAV H1 Ag Titr Islt HAI
85803-5,FLUAV H3 Ag Titr Islt HAI
85804-3,FLUAV H5 Ag Titr Islt HAI
85805-0,FLUAV H7 Ag Titr Islt HAI
85811-8,Altered level of consciousness
85821-7,FLUBV Vic Ag Islt Ql HAI
85915-7,InfluenzaVaccine Data Collection Period: Does this episode of care (SOC/ROC to Transfer/Discharge) include any dates on or between October 1 and March 31?
85952-0,S pneum Da 1 Ab Ser-mCnc
85953-8,S pneum Da 1 Ab Ser-aCnc
85954-6,S pneum Da 1 IgG Ser-mCnc
85955-3,S pneum Da 1 IgG Ser IA-mCnc
85956-1,S pneum Da 1 IgG Ser-aCnc
85957-9,S pneum Da 1 IgG Ser IA-aCnc
85965-2,S pneum Da 1 Ab sp1 Ser-mCnc
85967-8,S pneum Da 1 Ab sp1 Ser-aCnc
85970-2,S pneum Da 1 Ab sp2 Ser-aCnc
85971-0,S pneum Da 12F Ab Ser-mCnc
85972-8,S pneum Da 12F Ab Ser-aCnc
85973-6,S pneum Da 12F Ab Ser Ql
85975-1,S pneum Da 12F IgG Ser-aCnc
85976-9,S pneum Da 12F IgG Ser IA-aCnc
85977-7,S pneum Da 12F IgG Ser-mCnc
85986-8,S pneum Da 12F Ab sp2 Ser-aCnc
85989-2,S pneum Da 14 Ab Ser-mCnc
85990-0,S pneum Da 14 Ab Ser-aCnc
85991-8,S pneum Da 14 IgG Ser-mCnc
85992-6,S pneum Da 14 IgG Ser IA-mCnc
85993-4,S pneum Da 14 IgG Ser-aCnc
85994-2,S pneum Da 14 IgG Ser IA-aCnc
85997-5,S pneum Da 14 IgG sp1 Ser-aCnc
860-7,A2 B Ag RBC BPU Ql
86004-9,S pneum Da 14 Ab sp2 Ser-mCnc
86009-8,S pneum Da 17F IgG Ser-mCnc
86016-3,S pneum Da 18F IgG Ser-mCnc
86017-1,S pneum Da 18F IgG Ser IA-mCnc
86019-7,S pn Da sero 19F Ab Ser-aCnc
86020-5,S pn Da sero 19F Ab Ser-mCnc
86022-1,S pn Da sero 19F IgG Ser-aCnc
86024-7,S pn Da sero 19F IgG Ser-mCnc
86033-8,S pn Da sero 19F Ab sp1 Ser-aCnc
86038-7,S pneum Da 2 IgG Ser IA-mCnc
86039-5,S pneum Da 2 IgG Ser-mCnc
86045-2,S pneum Da 20A IgG Ser-mCnc
86046-0,S pneum Da 20A IgG Ser IA-mCnc
86052-8,S pneum Da 22F IgG Ser-mCnc
86053-6,S pneum Da 22F IgG Ser IA-mCnc
86059-3,S pneum Da 23F Ab Ser-aCnc
86060-1,S pneum Da 23F Ab Ser-mCnc
86062-7,S pneum Da 23F IgG Ser-aCnc
86064-3,S pneum Da 23F IgG Ser-mCnc
86078-3,S pneum Da 3 Ab Ser-mCnc
86079-1,S pneum Da 3 Ab Ser-aCnc
86080-9,S pneum Da 3 IgG Ser-mCnc
86082-5,S pneum Da 3 IgG Ser-aCnc
86083-3,S pneum Da 3 IgG Ser IA-aCnc
86091-6,S pneum Da 3 Ab sp1 Ser-mCnc
86093-2,S pneum Da 3 Ab sp1 Ser-aCnc
86094-0,S pneum Da 3 Ab sp2 Ser-mCnc
86096-5,S pneum Da 3 Ab sp2 Ser-aCnc
86098-1,S pneum Da 10A IgG Ser-mCnc
86105-4,S pneum Da 4 Ab Ser-mCnc
86106-2,S pneum Da 4 Ab Ser-aCnc
86107-0,S pneum Da 4 IgG Ser-mCnc
86108-8,S pneum Da 4 IgG Ser IA-mCnc
86109-6,S pneum Da 4 IgG Ser-aCnc
86110-4,S pneum Da 4 IgG Ser IA-aCnc
86113-8,S pneum Da 4 IgG sp1 Ser-aCnc
86119-5,S pneum Da 4 Ab sp1 Ser-aCnc
86120-3,S pneum Da 4 Ab sp2 Ser-mCnc
86121-1,S pneum Da 4 Ab sp2 Ser-aCnc
86122-9,S pneum Da 11A IgG Ser-mCnc
86129-4,S pneum Da 5 IgG Ser IA-mCnc
86130-2,S pneum Da 5 IgG Ser-mCnc
86136-9,S pneum Da 6A IgG Ser-mCnc
86137-7,S pneum Da 6A IgG Ser-aCnc
86141-9,S pneum Da 7A IgG Ser-aCnc
86143-5,S pneum Da 8 Ab Ser Ql
86144-3,S pneum Da 8 Ab Ser Ql IA
86145-0,S pneum Da 8 Ab Ser-aCnc
86146-8,S pneum Da 8 Ab Ser-mCnc
86147-6,S pneum Da 8 IgG Ser-mCnc
86149-2,S pneum Da 8 IgG Ser-aCnc
86152-6,S pneum Da 8 IgG sp1 Ser-mCnc
86155-9,S pneum Da 8 IgG sp2 Ser-mCnc
86159-1,S pneum Da 8 Ab sp1 Ser-aCnc
86160-9,S pneum Da 8 Ab sp2 Ser-mCnc
86162-5,S pneum Da 9N Ab Ser Ql IA
86163-3,S pneum Da 9N Ab Ser-aCnc
86164-1,S pneum Da 9N Ab Ser-mCnc
86165-8,S pneum Da 9N Ab Ser Ql
86167-4,S pneum Da 9N IgG Ser-aCnc
86169-0,S pneum Da 9N IgG Ser-mCnc
86183-1,S pneum Da 9N Ab sp2 Ser-aCnc
862-3,A2 B Ag RBC Ql
86201-1,PEDV seq + phylo XXX Doc Spec Doc
86206-0,Whole genome seq analysis Bld/T
86222-7,HDL alpha 3 Ser-sCnc
86233-4,HIV1 Ab SerPlBld Ql IB
86285-4,Erythrocyte deformability RBC-Imp
86318-3,FLUBV Yam Ag Islt Ql HAI
86338-1,S pneum Da 6A+6B Ab Ser-aCnc
86342-3,S pneum Da 6A+6B Ab Ser-mCnc
864-9,Deprecated A3 Ab SerPl Donr Ql
86465-2,APRI Ser+Bld Calc-Rto
86516-2,CV A Ab Titr Ser CF
86547-7,HIV 2 RNA # CSF NAA+probe
86548-5,HIV 2 RNA # Plas NAA+probe
86549-3,HIV 2 RNA CSF NAA+probe-Log#
86551-9,Influenza vaccine cycle
86553-5,Staff who received influenza vaccination at the facility
86554-3,Staff who provided documentation of influenza vaccine receipt
86555-0,Staff who had a medical contraindication to the influenza vaccine
86556-8,Staff who declined influenza vaccine
86557-6,Staff with unknown influenza vaccination status
86558-4,HCP flu vaccine report Doc
86565-9,FLUAV Ag Tiss Ql IF
86566-7,FLUAV IgG Ser Ql IA
86567-5,FLUAV IgM Ser Ql IA
86568-3,FLUAV RNA CSF Ql NAA+probe
86569-1,FLUAV RNA Tiss Ql NAA+probe
86570-9,FLUBV IgM Ser Ql IA
86571-7,FLUBV RNA CSF Ql NAA+probe
86572-5,FLUBV RNA Tiss Ql NAA+probe
86590-7,S pneum Ag CSF Ql IA.rapid
86598-0,Influenza season DateRange
866-4,A3 Ag RBC BPU Ql
86611-1,Chrom analy Amn/CVS Microarray
86657-4,HIV 1 & 2 tests - FPAR 2.0 set
86663-2,HIV referral information panel
86664-0,HIV Referral note
86666-5,Loc within LN Mel Micro
86715-0,A pleuropn Ab Titr Ser CF
86717-6,A pleuropn 1 Ab Titr Ser CF
86718-4,A pleuropn 3 Ab Titr Ser CF
86719-2,A pleuropn 5 Ab Titr Ser CF
86720-0,A pleuropn 7 Ab Titr Ser CF
86739-0,S suis DNA Ct Spec Qn NAA+probe
86740-8,S suis Ag Spec Ql ImStn
86904-0,COHgb % BldA PulseOx
86910-7,Hgb A1c goal MFr Bld
86911-5,LDLc goal mCnc SerPl
86912-3,Hgb goal mCnc Bld
86913-1,Iron Satn goal MFr SerPl
86914-9,Ferritin goal mCnc SerPl
86915-6,Calcium goal mCnc SerPl
86916-4,Phosphate goal mCnc SerPl
86919-8,Potassium goal sCnc SerPl
86920-6,HCO3 goal sCnc Bld
86921-4,Albumin goal mCnc SerPl
86951-1,Lp-PLA2 SerPl-cCnc
873-0,A3 B Ag RBC Donr Ql
87319-0,EAEC astA gene Islt Ql NAA+probe
874-8,A3 B Ag RBC Ql
87421-4,Deprecated Glucose pre-meal Bld-mCnc
87422-2,Glucose p meal Bld-mCnc
87427-1,Neutrophil cytoplasmic Ab panel
87429-7,Cortisol AM & PM panel
87430-5,Cystatin C & Glomerular filtration rate by Cystatin C-based formula panel
87433-9,Hemoglobin.free & oxyhemoglobin panel
87434-7,Protein & creatinine panel
87451-1,Sodium Spec-mCnc
87452-9,Sodium Spec-mCnt
87454-5,Potassium Spec-mCnc
87455-2,Potassium Spec-mCnt
87456-0,Phosphate Spec-mCnc
87457-8,Phosphate Spec-mCnt
87469-3,Magnesium Spec-mCnc
87470-1,Magnesium Spec-mCnt
87471-9,Iron Spec-mCnc
87475-0,Chloride Spec-mCnc
87476-8,Chloride Spec-mCnt
87477-6,Calcium MFr Spec
87548-4,Anaplasma phagocytophilum & Ehrlichia sp groEL gene panel
87551-8,Neutrophil cytoplasmic Ab.IgG & Saccharomyces cerevisiae Ab.IgA & IgG
87558-3,A phago groEL Bld Ql NAA+n-prb
87562-5,Ammonia nitrogen Feed-mCnt
87708-4,B2 Microglob p dialysis SerPl-mCnc
87714-2,FLUAV M gene Islt-Seq
87715-9,FLUAV HA gene Islt-Seq
87716-7,FLUAV NA gene Islt-Seq
87722-5,C1q.functional SerPl-aCnc
87723-3,C3.functional SerPl-aCnc
87724-1,C7.functional SerPl-aCnc
87727-4,C9.functional SerPl-aCnc
87730-8,HBA1 + HBA2 Full Mut Anl Bld/T Seq
87731-6,KIT Exon 17 Mut Anl Bld/T
878-9,"A,B Ag RBC BPU Ql"
87826-4,"t(11;18)(BIRC3,MALT1) Bld/T"
87833-0,M Protein 3 Ur IFE-mCnc
87834-8,M Protein 2 Ur IFE-mCnc
87835-5,M Protein Ur IFE-mCnc
87933-8,Bacteria Amn Anaerobe Cult
87934-6,Bacteria Bifl Anaerobe Cult
87935-3,Bacteria BPU Anaerobe Cult
87940-3,Bacteria Prt Anaerobe Cult
87941-1,Bacteria Placenta Anaerobe Cult
87944-5,Bacteria Snv Anaerobe Cult
87948-6,C bot Stl Ql Cult
87952-8,H pylori Stl Ql Cult
87954-4,Bacteria BldCo Aerobe Cult
87955-1,Bacteria BldCo Anaerobe Cult
87962-7,HIV 1 subtype CSF NAA+probe
87963-5,HIV1 RNA tropism CSF
87964-3,Respiratory pathogens panel
87987-4,Leishmania Bld Cult
87995-7,Strongyloides Stl Cult
87996-5,F hepatica Ab Titr Ser CF
88027-8,Rh Group Ag RBC
88039-3,little p phenotype RBC Ql
88041-9,little p phenotype RBC BPU Ql
88042-7,little p phenotype RBC Donr Ql
88046-8,P sup(k) Ag RBC Ql
88047-6,P sup(k) Ag RBC BPU Ql
88048-4,P sup(k) Ag RBC Donr Ql
88049-2,P2 phenotype RBC Ql
88050-0,P2 phenotype RBC BPU Ql
88051-8,P2 phenotype RBC Donr Ql
88059-1,APAP Bld Ql Scn
881-3,ABO + Rh Bld BPU
88111-0,Gentamicin Rand EID SerPl-sCnc
88129-2,Respiratory pathogens panel
88137-5,Respiratory pathogens panel
88187-0,FLUAV Subtyp Corn/Cnjt NAA+probe
88193-8,FLUAV RNA Corn/Cnjt Ql NAA+probe
88194-6,FLUBV Ag Tiss Ql IF
88195-3,FLUBV RNA Corn/Cnjt Ql NAA+probe
882-1,ABO + Rh Bld
88200-1,FLUV Corn/Cnjt Cult
88212-6,HIV 1 pro DNA CSF Ql NAA+probe
88244-9,Acinetobacter sp rpsA Bld Pos Ql Probe
88245-6,blaIMP Bld Pos Ql Probe
88246-4,blaKPC Bld Pos Ql Probe
88247-2,blaNDM Bld Pos Ql Probe
88248-0,blaOXA Bld Pos Ql Probe
88249-8,blaVIM Bld Pos Ql Probe
88251-4,mecA Bld Pos Ql Probe
88252-2,vanA Bld Pos Ql Probe
88253-0,vanB Bld Pos Ql Probe
88254-8,Citrobac sp ompA+mrkC Bld Pos Ql Probe
88255-5,Enterobact gyrB+metB Bld Pos Ql Probe
88256-3,E faecalis hsp60 Bld Pos Ql Probe
88257-1,E faecium hsp60 Bld Pos Ql Probe
88258-9,EC oppA gene Bld Pos Ql Probe
88259-7,GN bact Bld Pos Probe-Imp
88260-5,Gram negative blood culture panel
88261-3,GP bact Bld Pos Probe-Imp
88262-1,Gram positive blood culture panel
88263-9,K oxytoca ompA Bld Pos Ql Probe
88264-7,K pneumoniae yggE Bld Pos Ql Probe
88265-4,Listeria sp tuf Bld Pos Ql Probe
88266-2,Mycobacterium rRNA Bld Pos Probe
88267-0,Proteus sp atpD Bld Pos Ql Probe
88268-8,P aeruginosa sodA Bld Pos Ql Probe
88269-6,S aureus gyrB Bld Pos Ql Probe
88270-4,S epidermidis hsp60 Bld Pos Ql Probe
88271-2,S lugdunensis sodA Bld Pos Ql Probe
88272-0,Staph sp tuf Bld Pos Ql Probe
88273-8,S agalactiae hsp60 Bld Pos Ql Probe
88274-6,S anginosus gryB Bld Pos Ql Probe
88275-3,S pneumoniae gryB Bld Pos Ql Probe
88276-1,S pyogenes hsp60 Bld Pos Ql Probe
88277-9,Streptococcus sp tuf Bld Pos Ql Probe
883-9,ABO Group Bld
88365-2,Glucose pre-meal Bld-mCnc
8839-3,SaO2 % AO root
884-7,ABO + Rh BldC
8840-1,SaO2 % LA
8841-9,SaO2 % RA
8842-7,SaO2 % RA.high
8843-5,SaO2 % RA.low
8844-3,SaO2 % RA.mid
8845-0,SaO2 % LV
88453-6,HIV1+HCV+HBV SerPlBld Donr NAA+prb
8846-8,SaO2 % RVOT
8847-6,SaO2 % RV
8848-4,SaO2 % CS
8849-2,SaO2 % DA
8850-0,SaO2 % IVC
8851-8,SaO2 % PA-L
88517-8,M TB IFN-g CD4+CD8+ bckgrnd cor Bld-aCnc
88518-6,M TBIFN-g CD4+ CD8+T-cells Bld-aCnc
8852-6,SaO2 % MPA
8853-4,SaO2 % PA-R
8854-2,SaO2 % PW
88542-6,HIV 1 RNA IN Mut Det CSF Seq
88543-4,HIV 1 RNA PR Mut Det CSF Seq
88544-2,HIV 1 RNA RT Mut Det CSF Seq
8855-9,SaO2 % SVC
8856-7,SaO2% Device measurement site
88568-1,FLUV Lower resp Cult
88586-3,Shigella Stl Cult
88592-1,FLUBV RNA Lower resp Ql NAA+probe
88596-2,FLUBV RNA Pcar Ql NAA+probe
88599-6,FLUAV RNA Lower resp Ql NAA+probe
88600-2,FLUAV RNA Pcar Ql NAA+probe
88601-0,Influenza virus A & B RNA panel
88709-1,Albumin/Glob Fld Elph
88710-9,Amylase P DiafP-cCnc
88711-7,B2 Microglob DiafP-mCnc
88712-5,Lipase DiafP-cCnc
88713-3,Phosphate Stl-mCnc
88722-4,S pneum Sertyp Islt
88835-4,FLUAV swine RNA Ct Spec Qn NAA+probe
88880-0,MDW Bld Auto
88901-4,HAdV Stl Ql Cult
88902-2,HAdV Ur Ql Cult
88903-0,FLUBV IgG Ser Ql IA
88904-8,FLUAV Ag Lower resp Ql IF
88905-5,FLUBV Ag Lower resp Ql IF
88921-2,E granulosus Ab Titr Ser CF
89037-6,CDKN2A Del+Dup + Full Mut Anl Bld/T
89044-2,Basic metabolic & albumin panel
89067-3,Are you currently taking any of these blood thinning medications?
89250-5,Dev or anatom struc vis wnd
89272-9,SaO2 during apnea % BldA PulseOx
89276-0,SaO2 W exercise % BldA PulseOx
89277-8,SaO2 during anesthesia % BldA PulseOx
89324-8,Insulin intact Ser LC/MS/MS-aCnc
89332-1,CD28+HLA DR+ cells/CD3+CD8+ Cll NFr Bld
89333-9,CD28+HLA DR+ cells/CD3+CD4+ NFr Bld
89334-7,CD27-CD45RO+CD62L-CCR7-/CD3+CD8+
89335-4,CD27+CD45RO+CD62L+CCR7+/CD3+CD8+
89336-2,CD45RO Cells/CD3+CD8+ Cll NFr Bld
89337-0,CD27-CD45RO+CD62L-CCR7-/CD3+CD4+
89338-8,CD27+CD45RO+CD62L+CCR7+/CD3+CD4+
89339-6,CD27+CD62L+ cells/CD3+CD8+ Cll NFr Bld
89340-4,CD27+CD62L+ cells/CD3+CD4+ NFr Bld
89359-4,HCV IgG SerPlBld Ql IA.rapid
89364-4,Hgb Free Fld-mCnc
89365-1,HIV 1 & 2 Ab panel
89373-5,HAV Gentyp Spec NAA+probe
89374-3,HIV1 Ab Spec Ql IA
89481-6,Gentamicin Islt Genotyp
89575-5,Troponin T SerPl HS-Imp
89576-3,Troponin T.cardiac panel
89577-1,Troponin I.cardiac panel
89578-9,Troponin I SerPl HS-Imp
89579-7,Troponin I SerPl HS-mCnc
89871-8,Bilirub BldV-sCnc
89872-6,Bilirub BldA-sCnc
89908-8,Insulin taken in last 8H 8h
89927-8,CT Hrt+AR WO Ca score + CTA W contr IV
89998-9,Microalbumin/Creat Ur DL<=3.0 mg/L-Rto
89999-7,Microalbumin Ur DL<=3.0 mg/L-mCnc
90000-1,Microalbumin 24h Ur DL<=3.0 mg/L-mRate
90039-9,ABO + Rh p transf rx Bld
90223-9,Neut.immature/Neut.total NFr.DF Bld
90256-9,CFTR Full Mut Anl Bld/T Seq
90257-7,Deprecated GLA gene Full Mut Anl Bld/T Seq
90258-5,LDLR gene Full Mut Anl Bld/T Seq
90272-6,Gp B Strep DNA Vag Ql NAA+probe
90276-7,Bacteria Smn Anaerobe Cult
90292-4,Liver cancer Ab + AFP SerPl-Imp
90293-2,Liver cancer antibodies & Alpha-1-Fetoprotein panel
90304-7,CD3 Cells/lymph NFr Bld
90323-7,FLUAV Ab/Pos cntrl Ser IA
90364-1,Chol.in LDL.small dense SerPl-mCnc
90414-4,B-cell phenotyping panel
90416-9,Lymphocyte subset & B-cell phenotyping panel
90417-7,Transferrin.carbohydrate deficient & Apolipoprotein CIII panel
90419-3,Apo CIII-0/Apo CIII-2 SerPl
90421-9,Apo CIII-1/Apo CIII-2 SerPl
90423-5,Microorganism preliminary growth detection panel
90425-0,Microorganism preliminary growth detection panel
90426-8,Microorg prel Bld Ql Aer cult + neut
90427-6,Microorg prel Bld Ql Anaer cult + neut
90430-0,Microorg prel grow Fld Ql Anaerobe Cult
90431-8,Microorg prel Fld Ql Anaer cult + neut
90432-6,Microorg prel Plts BPU Ql Anaer Cult
90434-2,Microorg prel Plts BPU Ql Aerob Cult
90435-9,Microorg prel grow Bld Ql Aerobe Cult
90437-5,Microorg prel grow Bld Ql Anaerobe Cult
90439-1,Atypical pneumonia pathogens panel
9045-6,Calcium intake Est
90456-5,Influenza virus A & B RNA panel
90457-3,Influenza virus A & B RNA panel
9046-4,Calcium intake Measured
90460-7,HEV RNA SerPl Ql NAA+probe
9047-2,Calcium intake 1h
9048-0,Calcium intake 8h
9049-8,Calcium intake 10h
9050-6,Calcium intake 12h
9051-4,Calcium intake 24H-sRate
9073-8,Potassium intake Est
90736-0,CD14-FLAER- cells/CD33 NFr Bld
90737-8,CD24-FLAER- cells/CD15 NFr Bld
90739-4,PNH GPI-Linked WBC + RBC Ag Bld-Imp
9074-6,Potassium intake Measured
9075-3,Potassium intake 1h
9076-1,Potassium intake 8h
9077-9,Potassium intake 10h
9078-7,Potassium intake 12h
90796-4,T4 1h p levo SerPl-mCnc
90797-2,T4 2h p levo SerPl-mCnc
90798-0,T4 3h p levo SerPl-mCnc
90799-8,T4 4h p levo SerPl-mCnc
90800-4,T4 6h p levo SerPl-mCnc
90851-7,GJB2 gene Full Mut Anl Bld/T Seq
9086-0,Sodium intake Est
9087-8,Sodium intake Measured
9088-6,Sodium intake 1h
90881-4,Inhalant Allerg Mix 6 IgE Ql
90885-5,FLUDV RNA Ct Spec Qn NAA+probe
90886-3,FLUBV RNA Ct Spec Qn NAA+probe
9089-4,Sodium intake 8h
90891-3,Estradiol 2h p chal SerPl-mCnc
90898-8,HIV1 proviral DNA RT+PR+IN Bld MC-Seq
90899-6,HIV1 proviral DNA RT + PR Bld MC-Seq
9090-2,Sodium intake 10h
90900-2,HIV1 proviral DNA IN Bld MC-Seq
90901-0,HIV 1 RNA RT + PR + IN SerPlBld-Seq
90902-8,HIV 1 RNA RT SerPlBld-Seq
90903-6,HIV 1 RNA IN SerPlBld-Seq
90904-4,HIV 1 RNA PR SerPlBld-Seq
90907-7,DAT IgG-Sp Reag p transf rx RBC Ql
9091-0,Sodium intake 12h
9092-8,Sodium intake 24h
90925-9,HBB gene Full Mut Anl Amn/CVS Seq
90983-8,HEDIS 2019-20 PSA Tests
90984-6,HEDIS 2019-20 PSA Test Excl
90986-1,HEDIS 2019 Value Set - Ser K
90987-9,HEDIS 2019-20 Chol Tests not LDL
90989-5,HEDIS 2019 Urine Prot Tests
90996-0,HEDIS 2019-20 Glucose Tests
90999-4,Analysis of emergency department visits
91062-0,Bacteria Plts BPU Anaerobe Cult
91063-8,Bacteria Plts BPU Aerobe Cult
91070-3,HAV RNA Stl Ql NAA+probe
91071-1,HEV RNA Stl Ql NAA+probe
91072-9,FLUAV Subtyp Lower resp NAA+probe
91105-7,LDL1c SerPl-mCnc
91106-5,LDL2c SerPl-mCnc
91107-3,LDL3c SerPl-mCnc
91108-1,LDL4c SerPl-mCnc
91109-9,LDL5c SerPl-mCnc
91110-7,LDL6c SerPl-mCnc
91111-5,LDL7c SerPl-mCnc
91112-3,LDL1c SerPl-sCnc
91113-1,LDL2c SerPl-sCnc
91114-9,LDL3c SerPl-sCnc
91115-6,LDL4c SerPl-sCnc
91116-4,LDL5c SerPl-sCnc
91117-2,LDL6c SerPl-sCnc
91118-0,LDL7c SerPl-sCnc
91136-2,Lipoprotein metabolism panel
91139-6,Thiopurine methyltransferase activity panel
914-2,B Ag RBC BPU Ql
91408-5,In the past 7 days - It was hard for my child to play sports or exercise because of asthma
91409-3,In the past 7 days - It was hard for my child to play with pets because of asthma
91410-1,In the past 7 days - It was hard for my child to take a deep breath because of asthma
91411-9,In the past 7 days - My child coughed because of his/her asthma
91412-7,In the past 7 days - My child felt scared that he/she might have trouble breathing because of asthma
91413-5,In the past 7 days - My child felt wheezy because of his/her asthma
91414-3,In the past 7 days - My child got tired easily because of his/her asthma
91415-0,In the past 7 days - My child had asthma attacks
91416-8,In the past 7 days - My child had trouble breathing because of his/her asthma
91417-6,In the past 7 days - My child had trouble sleeping at night because of asthma
91418-4,In the past 7 days - My child had trouble walking because of asthma
91419-2,In the past 7 days - My child missed school because of asthma
91420-0,In the past 7 days - My child was bothered by asthma when he/she was with friends
91422-6,In the past 7 days - My child's asthma bothered him/her
91424-2,In the past 7 days - My child's chest felt tight because of asthma
91425-9,PROMIS parent proxy asthma impact - version 2.0 T-score
91426-7,PROMIS parent proxy item bank - asthma impact - version 2.0
915-9,B Ag RBC Donr Ql
91537-1,PROMIS pediatric asthma impact - version 2.0 T-score
91538-9,PROMIS pediatric item bank - asthma impact - version 2.0
91556-1,D Dimer Bld IA.DDU-mCnc
91681-7,F9 gene Fam Mut Anl Amn/CVS
91771-6,FLUAV Subtyp Upper resp NAA+probe
91772-4,FLUV Upper resp Cult
91818-5,Bacteria Upper resp Anaerobe Cult
91847-4,Gp B Strep DNA Genital Ql NAA+probe
91875-5,Gp B Strep DNA Vag+Rectum Ql NAA+probe
91885-4,Emerg response plan success analysis
91899-5,Anaplasma phagocytophilum & Ehrlichia chaffeensis DNA panel
920-9,Deprecated B Var NOS Ag RBC BPU Ql
921-7,Deprecated B Var NOS Ag RBC Donr Ql
92125-4,S pneum DNA Resp Ql NAA+probe
92141-1,FLUBV RNA Resp Ql NAA+probe
92142-9,FLUAV RNA Resp Ql NAA+probe
92143-7,Respiratory pathogens DNA & RNA panel
922-5,Deprecated B Var NOS Ag RBC Ql
92241-9,Vancomycin Islt Genotyp
92426-6,Current level of confidence I can use my own judgment regarding treatment alternatives (including not having treatment)
92478-7,VS Ag inferred Bld/T Ql
92479-5,V Ag inferred Bld/T Ql
92480-3,U Ag inferred Bld/T Ql
92481-1,Sc2 Ag inferred Bld/T Ql
92482-9,Sc1 Ag inferred Bld/T Ql
92483-7,S Ag inferred Bld/T Ql
92484-5,N Ag inferred Bld/T Ql
92485-2,M Ag inferred Bld/T Ql
92486-0,LW sup(b) Ag inferred Bld/T Ql
92487-8,LW sup(a) Ag inferred Bld/T Ql
92488-6,little s Ag inferred Bld/T Ql
92489-4,little k Ag inferred Bld/T Ql
92490-2,little e Ag inferred Bld/T Ql
92491-0,little c Ag inferred Bld/T Ql
92492-8,Lu sup(b) Ag inferred Bld/T Ql
92493-6,Lu sup(a) Ag inferred Bld/T Ql
92494-4,Kp sup(b) Ag inferred Bld/T Ql
92495-1,Kp sup(a) Ag inferred Bld/T Ql
92496-9,K Ag inferred Bld/T Ql
92497-7,Js sup(b) Ag inferred Bld/T Ql
92498-5,Js sup(a) Ag inferred Bld/T Ql
92499-3,Jo sup(a) Ag inferred Bld/T Ql
925-8,Bld Prod Disposition BPU
92500-8,Jk sup(b) Ag inferred Bld/T Ql
92501-6,Jk sup(a) Ag inferred Bld/T Ql
92502-4,Hemoglobin S inferred Bld/T Ql
92503-2,Hy Ag inferred Bld/T Ql
92504-0,Fy sup(b) Ag inferred Bld/T Ql
92505-7,Fy sup(a) Ag inferred Bld/T Ql
92506-5,E Ag inferred Bld/T Ql
92507-3,Do sup(b) Ag inferred Bld/T Ql
92508-1,Do sup(a) Ag inferred Bld/T Ql
92509-9,Di sup(b) Ag inferred Bld/T Ql
92510-7,Di sup(a) Ag inferred Bld/T Ql
92511-5,Co sup(b) Ag inferred Bld/T Ql
92512-3,Co sup(a) Ag inferred Bld/T Ql
92513-1,C Ag inferred Bld/T Ql
92514-9,Blood group Ag & Hemoglobin S inferred phenotype panel
92516-4,VS Ag inferred Bld/T Donr Ql
92517-2,V Ag inferred Bld/T Donr Ql
92518-0,U Ag inferred Bld/T Donr Ql
92519-8,Sc2 Ag inferred Bld/T Donr Ql
92520-6,Sc1 Ag inferred Bld/T Donr Ql
92521-4,S Ag inferred Bld/T Donr Ql
92522-2,N Ag inferred Bld/T Donr Ql
92523-0,M Ag inferred Bld/T Donr Ql
92524-8,LW sup(b) Ag inferred Bld/T Donr Ql
92525-5,LW sup(a) Ag inferred Bld/T Donr Ql
92526-3,little s Ag inferred Bld/T Donr Ql
92527-1,little k Ag inferred Bld/T Donr Ql
92528-9,little e Ag inferred Bld/T Donr Ql
92529-7,little c Ag inferred Bld/T Donr Ql
92530-5,Lu sup(b) Ag inferred Bld/T Donr Ql
92531-3,Lu sup(a) Ag inferred Bld/T Donr Ql
92532-1,Kp sup(b) Ag inferred Bld/T Donr Ql
92533-9,Kp sup(a) Ag inferred Bld/T Donr Ql
92534-7,K Ag inferred Bld/T Donr Ql
92535-4,Js sup(b) Ag inferred Bld/T Donr Ql
92536-2,Js sup(a) Ag inferred Bld/T Donr Ql
92537-0,Jo sup(a) Ag inferred Bld/T Donr Ql
92538-8,Jk sup(b) Ag inferred Bld/T Donr Ql
92539-6,Jk sup(a) Ag inferred Bld/T Donr Ql
92540-4,Hemoglobin S inferred Bld/T Donr Ql
92541-2,Hy Ag inferred Bld/T Donr Ql
92542-0,Fy sup(b) Ag inferred Bld/T Donr Ql
92543-8,Fy sup(a) Ag inferred Bld/T Donr Ql
92544-6,E Ag inferred Bld/T Donr Ql
92545-3,Do sup(b) Ag inferred Bld/T Donr Ql
92546-1,Do sup(a) Ag inferred Bld/T Donr Ql
92547-9,Di sup(b) Ag inferred Bld/T Donr Ql
92548-7,Di sup(a) Ag inferred Bld/T Donr Ql
92549-5,Co sup(b) Ag inferred Bld/T Donr Ql
92550-3,Co sup(a) Ag inferred Bld/T Donr Ql
92551-1,C Ag inferred Bld/T Donr Ql
92552-9,Blood group Ag & Hemoglobin S inferred phenotype panel
92572-7,Sodium 24h sub Dial fld Qn
92674-1,CSF3R gene exon 14+17 Mut Anl Bld/T
92675-8,MSH2 gene Del+Dup + Full Mut Anl Bld/T
92676-6,MLH1 gene Del+Dup + Full Mut Anl Bld/T
92691-5,HAstV RNA Stl Ql NAA+probe
92711-1,HDL small Ser-sCnc
92712-9,LDL very small-d Ser-sCnc
92713-7,LDL very small-c Ser-sCnc
92714-5,LDL very small-b Ser-sCnc
92715-2,LDL very small-a Ser-sCnc
92716-0,LDL large-b Ser-sCnc
92717-8,LDL large-a Ser-sCnc
92718-6,IDL small Ser-sCnc
92719-4,IDL large Ser-sCnc
92720-2,VLDL small Ser-sCnc
92721-0,VLDL medium Ser-sCnc
92722-8,Lipoprotein subparticle profile panel
92731-9,HCV Gentyp SerPl Seq
92736-8,CD3+CD4+ Cells # Bld IA.rapid
92742-6,Iron BAL K Ferrocyanide Stn
92767-3,Listeria DNA Bld Pos Ql NAA+probe
92768-1,Pan Candida DNA Bld Pos Ql NAA+probe
92769-9,GN bact DNA Bld Pos Ql NAA+probe
92770-7,S pyo DNA Bld Pos Ql NAA+probe
92771-5,S pneum DNA Bld Pos Ql NAA+probe
92772-3,S anginosus grp DNA Bld Pos Ql NAA+probe
92773-1,Gp B Strep DNA Bld Pos Ql NAA+probe
92774-9,Streptococcus DNA Bld Pos Ql NAA+probe
92775-6,S lugdunensis DNA Bld Pos Ql NAA+probe
92776-4,S epidermidis DNA Bld Pos Ql NAA+probe
92777-2,S aureus DNA Bld Pos Ql NAA+probe
92778-0,Staphylococcus DNA Bld Pos Ql NAA+probe
92779-8,Microc sp DNA Bld Pos Ql NAA+probe
92780-6,L monocytog DNA Bld Pos Ql NAA+probe
92781-4,Lactobacillus DNA Bld Pos Ql NAA+probe
92782-2,E faecium DNA Bld Pos Ql NAA+probe
92783-0,E faecalis DNA Bld Pos Ql NAA+probe
92784-8,Enterococ DNA Bld Pos Ql NAA+probe
92785-5,C acnes DNA Bld Pos Ql NAA+probe
92786-3,Corynebacterium DNA Bld Pos Ql NAA+probe
92787-1,B subtilis grp DNA Bld Pos Ql NAA+probe
92788-9,B cereus group DNA Bld Pos Ql NAA+probe
92789-7,Gram positive blood culture panel
92790-5,C albicans DNA Bld Pos Ql NAA+probe
92791-3,C auris DNA Bld Pos Ql NAA+probe
92792-1,C dubliniensis DNA Bld Pos Ql NAA+probe
92793-9,C famata DNA Bld Pos Ql NAA+probe
92794-7,C glabrata DNA Bld Pos Ql NAA+probe
92795-4,C guilliermondii DNA Bld Pos Ql NAA+pr
92796-2,C kefyr DNA Bld Pos Ql NAA+probe
92797-0,C krusei DNA Bld Pos Ql NAA+probe
92798-8,C lusitaniae DNA Bld Pos Ql NAA+probe
92799-6,C parap DNA Bld Pos Ql NAA+probe
928-2,Bld Prod Reaction BPU
92800-2,C tropicls DNA Bld Pos Ql NAA+probe
92801-0,C. gattii DNA Bld Pos Ql NAA+probe
92802-8,C neoform DNA Bld Pos Ql NAA+probe
92803-6,Fusarium DNA Bld Pos Ql NAA+probe
92804-4,Rhodatorula DNA Bld Pos Ql NAA+probe
92805-1,Blood fungal pathogens panel
92809-3,FLUAV H1 RNA Upper resp Ql NAA+probe
92820-0,Glucose post glucagon stimulation panel
92829-1,Loc of met in sentinel LN Ca spec
92845-7,Insulin resist score Ser Calc.CardioIQ
92889-5,Chronic hepatitis differentiation between B & C virus panel
92890-3,Hepatitis A & B & C virus immunity &or previous exposure panel
92891-1,Coagulation.INR goal PPP PT
92898-6,Hepatitis B virus core Ab & surface and little e Ab & Ag panel
92935-6,4q25 g.111720761T>G Geno Bld/T
92936-4,4q25 g.111710169C>T Geno Bld/T
92946-3,S pyo DNA Spt NAA+non-prb-NCncRng
92948-9,S pneum DNA Spt NAA+non-prb-NCncRng
92949-7,S pneum DNA BAL NAA+non-prb-NCncRng
92950-5,Gp B Strep DNA Spt NAA+non-prb-NCncRng
92951-3,Gp B Strep DNA BAL NAA+non-prb-NCncRng
92958-8,Respiratory pathogens DNA & RNA panel
92976-0,FLUBV RNA Lower resp Ql NAA+n-prb
92977-8,FLUAV RNA Lower resp Ql NAA+n-prb
92990-1,F10 gene Full Mut Anl Bld/T Seq
92991-9,F13A1 + F13B Full Mut Anl Bld/T Seq
92993-5,PROCR gene Full Mut Anl Bld/T Seq
93005-7,Rapid alt hand move - L+R mean Scre
93052-9,Alternate State Medicaid Billing (if required by the state)
9307-0,Insulin 30M p 75 g Glc PO SerPl-mCnc
9309-6,Ammonia 24h Ur-mRate
931-6,Bld Prod Source BPU
9318-7,Albumin/Creat Ur
93193-1,TPMT + NUDT15 Mut Anl Bld/T
932-4,Deprecated Bld Prod Typ BBL
9321-1,Calcium/Creat Ur
9322-9,Cholest/HDLc Prctl SerPl
933-2,Bld Prod Typ BPU
93340-8,PhenX - complete blood count protocol 220501
93350-7,Mono.HLA-DR/Monocytes NFr Bld FC
93351-5,HLA-DR Ag EntNum Mono FC
93352-3,Neut.CD64/Neutrophils NFr Bld FC
93353-1,CD64 Ag EntNum Neut FC
93354-9,Neutrophil CD64 & Monocyte HLA DR panel
93370-5,Anaplasma phagocytophilum & Ehrlichia chaffeensis Ab.IgG & IgM panel
9338-5,RF IgM Ser IA-aCnc
93384-6,Serratia sp DNA Bld Pos Ql NAA+probe
93385-3,Salmonella DNA Bld Pos Ql NAA+probe
93386-1,P aerugns DNA Bld Pos Ql NAA+probe
93387-9,P mirabilis DNA Bld Pos Ql NAA+probe
93388-7,N men DNA Bld Pos Ql NAA+probe
93389-5,GP bact DNA Bld Pos Ql NAA+probe
9339-3,Insulin 6h p 75 g Glc PO SerPl-mCnc
93391-1,S maltoph DNA Bld Pos Ql NAA+probe
93392-9,S marcscns DNA Bld Pos Ql NAA+probe
93393-7,Proteus sp DNA Bld Pos Ql NAA+probe
93394-5,M. morganii DNA Bld Pos Ql NAA+probe
93395-2,K pnm DNA Bld Pos Ql NAA+probe
93396-0,F. nucleatum DNA Bld Pos Ql NAA+probe
93397-8,Haem influ DNA Bld Pos Ql NAA+probe
93398-6,K oxytoca DNA Bld Pos Ql NAA+probe
93399-4,F. necrophorum DNA Bld Pos Ql NAA+probe
9340-1,Apo B/Apo A-I Prctl SerPl
93400-0,E. aerog+amn+gergo DNA Bld Pos Ql NAA+pr
93401-8,E coli DNA Bld Pos Ql NAA+probe
93402-6,C sakazakii DNA Bld Pos Ql NAA+probe
93403-4,Citrobac sp DNA Bld Pos Ql NAA+probe
93404-2,E cloac comp DNA Bld Pos Ql NAA+probe
93405-9,B fragilis DNA Bld Pos Ql NAA+probe
93406-7,A baumannii DNA Bld Pos Ql NAA+probe
93407-5,Gram negative blood culture panel
93412-5,SLCO1B1 Mut Anl Bld/T
93414-1,"Altered level of consciousness - Did the patient have altered level of consciousness as indicated by any of the following criteria? Vigilant - startled easily to any sound or touch, Lethargic - repeatedly dozed off when being asked questions, but responded to voice or touch, Stuporous - very difficult to arouse and keep aroused for the interview, Comatose - could not be aroused"
93419-0,Alpha 1 antitrypsin fecal clearance panel
9342-7,Cholest Prctl SerPl
9346-8,LDL SerPl Calc-mCnc
93480-2,Cortisol post corticotropin releasing hormone stimulation panel
93481-0,Cortis 10M p 1 ug/kg CRH IV SerPl-mCnc
93482-8,Cortis 1M pre 1 ug/kg CRH IV SerPl-mCnc
93483-6,Cortis 2M p 1 ug/kg CRH IV SerPl-mCnc
93484-4,Cortis 5M pre 1 ug/kg CRH IV SerPl-mCnc
93504-9,Cholest Cry Stone Ql XR diff
9358-3,Lithium Sal-mCnc
93642-7,Proximal RVOT Diam PSAX
93684-9,Ammonia BldA-sCnc
93685-6,Gas & CO & electrolytes panel
93687-2,Psychosine RBC-sCnt
93727-6,Insulin p meal SerPl-sCnc
93729-2,B2 Microglob/Creat 24h Ur-Rto
93730-0,Testost Amn-sCnc
93746-6,Protein catabolic rate 24h Ur-mRate
9375-7,Glucose 2.5h p 100 g Glc PO SerPl-mCnc
93759-9,FLUAV PB2 gene Islt-Seq
9376-5,Glucose 3.5h p 100 g Glc PO SerPl-mCnc
93760-7,FLUAV PB1 gene Islt-Seq
93761-5,FLUAV PA gene Islt-Seq
93762-3,FLUAV NP gene Islt-Seq
93763-1,FLUAV NS1 gene Islt-Seq
93764-9,PoAstV3 RNA Ct Spec Qn NAA+probe
9377-3,Glucose 4.5h p 100 g Glc PO SerPl-mCnc
9378-1,Glucose 5.5h p 100 g Glc PO SerPl-mCnc
93791-2,Glucose Mean SerPl-mCnc
93792-0,Ins Sens Index SerPl Calc-Rto
93793-8,Insulin Mean SerPl-aCnc
93794-6,Glucose tolerance & insulin sensitivity 2H panel
938-1,Deprecated Bombay Ab SerPl Donr Ql
93814-2,SERPINC1 gene Full Mut Anl Bld/T Seq
93815-9,PROC Full Mut Anl Bld/T Seq
93843-1,PH Multigene Anl Bld/T
93846-4,Hgb BldV-sCnc
93905-8,ABO Group infant Bld
93906-6,ABO + Rh infant Bld
93907-4,Lu 20 Ag RBC Ql
93908-2,Au sup(b) Ag RBC Ql
93912-4,CE Ag RBC Ql
93914-0,Blood group antigens panel
93917-3,K Ag p transf rx RBC Ql
93924-9,K Ag p HSCT RBC Ql
93925-6,little e Ag p HSCT RBC Ql
93926-4,little c Ag p HSCT RBC Ql
93927-2,E Ag p HSCT RBC Ql
93928-0,C Ag p HSCT RBC Ql
93930-6,D Ag p HSCT RBC Ql
93931-4,ABO Group p HSCT Bld
93932-2,ABO + Rh p HSCT Bld
93934-8,K Ag infant RBC Ql
93936-3,little c Ag infant RBC Ql
93937-1,E Ag infant RBC Ql
93938-9,C Ag infant RBC Ql
93940-5,D Ag infant RBC Ql
93945-4,E Ag RBCCo Ql
93946-2,C Ag RBCCo Ql
93952-0,Metamyelocytes.neut NFr Mar Manual
93953-8,Lymph Villous Bld Ql Smear
93972-8,APAP-Cysteine SerPl-sCnc
93975-1,BUN 1h spec SerPl-mCnc
93977-7,C2.functional SerPl-aCnc
93978-5,C4.functional SerPl-aCnc
93997-5,Sodium 1h p Vaso SerPl-sCnc
93998-3,Potassium 1h p Vaso SerPl-sCnc
940-7,Deprecated Bombay Ag RBC BPU Ql
94000-7,Chloride 1h p Vaso SerPl-sCnc
94001-5,HCO3 1h p Vaso SerPl-sCnc
94003-1,BUN 1h p Vaso SerPl-mCnc
94006-4,Sodium 2h p Vaso SerPl-sCnc
94007-2,Potassium 2h p Vaso SerPl-sCnc
94009-8,Chloride 2h p Vaso SerPl-sCnc
94010-6,HCO3 2h p Vaso SerPl-sCnc
94012-2,BUN 2h p Vaso SerPl-mCnc
9405-2,Albumin/Glob Ur
9406-0,Albumin/Glob 24h Ur
941-5,Deprecated Bombay Ag RBC Donr Ql
94142-7,HEDIS 2020 Urine Prot Tests
94190-6,BPGM Full Mut Anl Bld/T Seq
94191-4,BRCA1+BRCA2 Del+Dup + Full Mut Anl Bld/T
94192-2,SLC25A20 Full Mut Anl Bld/T Seq
94193-0,CDKN1C Full Mut Anl Bld/T Seq
94196-3,CTRC Full Mut Anl Bld/T Seq
94197-1,CYP21A2 Del+Dup + Full Mut Anl Bld/T
94198-9,DPYD gene Full Mut Anl Bld/T Seq
942-3,Deprecated Bombay Ag RBC Ql
9420-1,E histolyt Ab Titr Ser CF
94200-3,FTCD Full Mut Anl Bld/T Seq
94204-5,HMBS Full Mut Anl Bld/T Seq
94207-8,MMADHC Full Mut Anl Bld/T Seq
94210-2,ARSB Full Mut Anl Bld/T Seq
94212-8,PKLR gene Del+Dup + Full Mut Anl Bld/T
94214-4,PRKAR1A Del+Dup + Full Mut Anl Bld/T
94215-1,PRSS1 gene Full Mut Anl Bld/T Seq
94221-9,SMN1 gene Full Mut Anl Bld/T Seq
94223-5,PTEN gene Del+Dup + Full Mut Anl Bld/T
94224-3,RET gene Full Mut Anl Bld/T Seq
94226-8,PKHD1 gene Full Mut Anl Bld/T Seq
94230-0,GBA gene Full Mut Anl Bld/T Seq
94233-4,FECH gene Full Mut Anl Bld/T Seq
94234-2,F8 gene Full Mut Anl Bld/T Seq
94242-5,BTD gene Full Mut Anl Bld/T Seq
94255-7,Calcium Sweat-mCnc
94256-5,Magnesium Sweat-mCnc
94266-4,CD11a & CD11b & CD18 phenotyping panel
94306-8,SARS coronavirus 2 RNA panel
94307-6,SARS-CoV-2 N gene Spec Ql NAA N1
94308-4,SARS-CoV-2 N gene Spec Ql NAA N2
94309-2,SARS-CoV-2 RNA Spec Ql NAA+probe
94311-8,SARS-CoV-2 N gene Ct Spec Qn NAA N1
94312-6,SARS-CoV-2 N gene Ct Spec Qn NAA N2
94314-2,SARS-CoV-2 RdRp Spec Ql NAA+probe
94316-7,SARS-CoV-2 N gene Spec Ql NAA+probe
94348-0,VGCC-N Bind IgG+IgM Ser IA-sCnc
94349-8,VGCC-P/Q Bind IgG+IgM Ser IA-sCnc
94367-0,S pneum DNA Lower resp Ql NAA+probe
94391-0,Respiratory viral pathogens DNA & RNA panel
94393-6,Respiratory pathogens DNA & RNA panel
94394-4,FLUAV H3 RNA Lower resp Ql NAA+probe
94396-9,FLUAV H1 RNA Lower resp Ql NAA+probe
9440-9,Lymphs IgA/lymph NFr WBC
94403-3,CHRNA3 c.645C>T Geno Bld/T
9441-7,Lymphs IgD/lymph NFr WBC
94413-2,GRIK4 c.83-10039T>C Geno Bld/T
9442-5,Lymphs IgG/lymph NFr WBC
9443-3,Lymphs IgM/lymph NFr WBC
9446-6,Hepta-CP RBC-mCnc
94490-0,Protoporphyrin fractions panel
94491-8,FEP RBC-mCnc
94499-1,Respiratory viral pathogens DNA & RNA panel
9450-8,Hexa-CP RBC-mCnc
94500-6,SARS-CoV-2 RNA Resp Ql NAA+probe
94503-0,SARS coronavirus 2 Ab panel
94504-8,SARS coronavirus 2 Ab panel
94505-5,SARS-CoV-2 IgG SerPl IA-aCnc
94506-3,SARS-CoV-2 IgM SerPl IA-aCnc
94507-1,SARS-CoV-2 IgG SerPlBld Ql IA.rapid
94508-9,SARS-CoV-2 IgM SerPlBld Ql IA.rapid
94510-5,SARS-CoV-2 N gene Ct Spec Qn NAA+probe
94511-3,SARS-CoV-2 ORF1ab Ct Spec Qn NAA+probe
94531-1,SARS coronavirus 2 RNA panel
94533-7,SARS-CoV-2 N gene Resp Ql NAA+probe
94534-5,SARS-CoV-2 RdRp Resp Ql NAA+probe
94537-8,Hemoglobin panel
94538-6,Hemoglobin HPLC & electrophoresis panel
94539-4,Hepatitis A virus Ab.IgM & total panel
9454-0,HSV Ab Titr CSF CF
94547-7,SARS-CoV-2 IgG+IgM SerPl Ql IA
9455-7,Deprecated S pneum 1 IgG Ser IA-aCnc
94558-4,SARS-CoV-2 Ag Resp Ql IA.rapid
94559-2,SARS-CoV-2 ORF1ab Resp Ql NAA+probe
9456-5,Deprecated S pneum12 IgG Ser IA-aCnc
94562-6,SARS-CoV-2 IgA SerPl Ql IA
94563-4,SARS-CoV-2 IgG SerPl Ql IA
94564-2,SARS-CoV-2 IgM SerPl Ql IA
94565-9,SARS-CoV-2 RNA Nph Ql NAA+n-prb
9457-3,Deprecated S pneum19 IgG Ser IA-aCnc
9458-1,Deprecated S pneum23 IgG Ser IA-aCnc
9459-9,Deprecated S pneum4 IgG Ser IA-aCnc
946-4,C Ag RBC BPU Ql
94600-4,EIV Spec Ql Cult
9461-5,Deprecated S pneum8 IgG Ser IA-aCnc
94617-8,A marginale DNA Ct Spec Qn NAA+probe
94637-6,M avium paraTB Ab Titr Ser CF
94639-2,SARS-CoV-2 ORF1ab Spec Ql NAA+probe
94640-0,SARS-CoV-2 S gene Resp Ql NAA+probe
94641-8,SARS-CoV-2 S gene Spec Ql NAA+probe
94642-6,SARS-CoV-2 S gene Ct Resp Qn NAA+probe
94643-4,SARS-CoV-2 S gene Ct Spec Qn NAA+probe
94644-2,SARS-CoV-2 ORF1ab Ct Resp Qn NAA+probe
94645-9,SARS-CoV-2 RdRp Ct Spec Qn NAA+probe
94646-7,SARS-CoV-2 RdRp Ct Resp Qn NAA+probe
94660-8,SARS-CoV-2 RNA SerPl Ql NAA+probe
94661-6,SARS-CoV-2 Ab SerPl-Imp
9467-2,Calcium Wat-mCnc
94677-2,GFR/BSA.pred SerPlBld Creat+Cyst CKD-EPI
94692-1,Dermatan Sulfate/Creat Ur-Rto
947-2,C Ag RBC Donr Ql
94704-4,VGCC-N Bind Ab Ser IA-sCnc
94705-1,VGCC-P/Q Bind Ab Ser IA-sCnc
94720-0,SARS-CoV-2 IgA SerPl IA-aCnc
94721-8,COVID-19 Eval note
94722-6,COVID-19 Initial Eval form
94723-4,ED COVID-19 Initial Eval form
94745-7,SARS-CoV-2 RNA Ct Resp Qn NAA+probe
94746-5,SARS-CoV-2 RNA Ct Spec Qn NAA+probe
94753-1,Psychotropic Pharmg Analy Bld/T
94756-4,SARS-CoV-2 N gene Resp Ql NAA N1
94757-2,SARS-CoV-2 N gene Resp Ql NAA N2
94759-8,SARS-CoV-2 RNA Nph Ql NAA+probe
94760-6,SARS-CoV-2 N gene Nph Ql NAA+probe
94761-4,SARS-CoV-2 IgG DBS Ql IA
94762-2,SARS-CoV-2 Ab SerPl Ql IA
94763-0,SARS-CoV-2 Spec Ql Cult
94764-8,SARS-CoV-2 genome Islt/Spm-Seq
94766-3,SARS-CoV-2 N gene SerPl Ql NAA+probe
94767-1,SARS-CoV-2 S gene SerPl Ql NAA+probe
94768-9,SARS-CoV-2 IgA SerPlBld Ql IA.rapid
94769-7,SARS-CoV-2 Ab SerPl IA-aCnc
9478-9,Magnesium Wat-mCnc
948-0,C Ag RBC Ql
94806-7,COVID-19 Intub+Consult
94807-5,Attend COVID-19 Intub+Consult
94808-3,Res COVID-19 Intub+Consult
94809-1,COVID-19 Intub+Progress
94810-9,COVID-19 Intub Proced
94811-7,COVID-19 Intub Eval note
94812-5,COVID-19 Intub+CPR
94813-3,Team COVID-19 Intub Conference
94814-1,CCM COVID-19 Consult note
94816-6,VGKC Ab Ser IA-sCnc
94819-0,SARS-CoV-2 RNA Spec NAA+probe-Log#
9482-1,Potassium Wat-mCnc
94821-6,COVID-19 Intubation Adv Dir
94822-4,SARS-CoV-2 RNA Sal Ql Seq
94839-8,Calcium Ur Fetus-mCnc
94840-6,Chloride Ur Fetus-sCnc
94841-4,Potassium Ur Fetus-sCnc
94842-2,Sodium Ur Fetus-sCnc
94845-5,SARS-CoV-2 RNA Sal Ql NAA+probe
9485-4,Sodium Wat-mCnc
94859-6,Glycerol & Glycerol-corrected triglyceride panel
94865-3,Trigl Glycer cor Ser-mCnc
94871-1,Aldosterone & sodium panel
94872-9,Cholesterol & triglyceride panel
94873-7,Cortisol.free post corticotropin stimulation panel
95041-0,COVID-19 Progress note
95076-6,C peptide 15M p meal SerPl-mCnc
95079-0,Insulin 15M p meal SerPl-aCnc
95080-8,C peptide post fasting and meal stimulation panel
95081-6,C peptide 1.5h p meal SerPl-mCnc
95082-4,C peptide 1h p meal SerPl-mCnc
95083-2,C peptide 2.5h p meal SerPl-mCnc
95084-0,C peptide 2h p meal SerPl-mCnc
95085-7,C peptide 3.5h p meal SerPl-mCnc
95086-5,C peptide 30M p meal SerPl-mCnc
95087-3,C peptide 3h p meal SerPl-mCnc
95088-1,C peptide 4.5h p meal SerPl-mCnc
95089-9,C peptide 4h p meal SerPl-mCnc
95090-7,C peptide 5h p meal SerPl-mCnc
95105-3,Glucose 30M p meal SerPl-mCnc
95106-1,Glucose 3h p meal SerPl-mCnc
95109-5,Glucose 5h p meal SerPl-mCnc
95110-3,Insulin post fasting and meal stimulation panel
95111-1,Insulin 1.5h p meal SerPl-aCnc
95112-9,Insulin 1h p meal SerPl-aCnc
95113-7,Insulin 2.5h p meal SerPl-aCnc
95114-5,Insulin 2h p meal SerPl-aCnc
95115-2,Insulin 3.5h p meal SerPl-aCnc
95116-0,Insulin 30M p meal SerPl-aCnc
95117-8,Insulin 3h p meal SerPl-aCnc
95118-6,Insulin 4.5h p meal SerPl-aCnc
95119-4,Insulin 4h p meal SerPl-aCnc
95120-2,Insulin 5h p meal SerPl-aCnc
95124-4,Sarcoma gene fusion analysis Tiss Seq
95125-1,SARS-CoV-2 IgA+IgM SerPl Ql IA
95126-9,Lipid & glucose panel
9513-3,CMV Ab Titr Ser CF
9514-1,CMV Ab Titr CSF CF
95141-8,Hepatitis D virus Ab panel
95142-6,Hepatitis A virus Ab.IgM panel
95144-2,Hepatitis D virus RNA panel
95145-9,Hepatitis B virus core Ab panel
95146-7,Hepatitis B virus core Ab.IgM panel
95147-5,Hepatitis B virus DNA panel
95148-3,Hepatitis B virus surface Ag & little e Ab & Ag panel
95149-1,Hepatitis B virus surface Ag panel
95156-6,HEV RNA Spec Ql NAA+probe
9516-6,ECV11 Ab Titr CSF CF
9517-4,ECV18 Ab Titr Ser CF
9518-2,ECV30 Ab Titr CSF CF
9519-0,ECV4 Ab Titr CSF CF
952-2,C little e Ag RBC BPU Ql
9520-8,ECV9 Ab Titr CSF CF
95203-6,CD107ab CD8/CD3+CD8+ NFr Bld FC
95204-4,IFN-g CD8 Cells/CD3+CD8+ Cll NFr Bld FC
95205-1,Hepatitis B virus surface Ab panel
95206-9,Hepatitis C virus Ab panel
95207-7,Hepatitis E virus RNA panel
95209-3,SARS-CoV+SARS-CoV-2 Ag Resp Ql IA.rapid
95213-5,Basophils NFr Stem prod Manual
95216-8,Eosinophil NFr Stem prod Manual
95219-2,Variant Lymphs NFr Stem prod Manual
95220-0,Lymphocytes NFr Stem prod Manual
95222-6,Monocytes NFr Stem prod Manual
95225-9,Neuts Band NFr Stem prod Manual
95226-7,Neuts Seg NFr Stem prod Manual
95232-5,Microalbumin Ur Ql Test Str
95233-3,Microalbumin/Creat Ur Ql Test Str
95234-1,HBV surface Ag SerPl-Imp
95235-8,HBV Ab SerPl-Imp
95236-6,HBV DNA SerPl-Imp
95237-4,HCV Ab SerPl-Imp
95238-2,HDV Ab SerPl-Imp
95239-0,Hepatitis D virus Ab.IgM panel
95240-8,HEV Ab SerPl-Imp
9525-7,HDV IgM Ser-aCnc
9526-5,Deprecated HDV Ag Ser EIA
95271-3,HCO3 p SCT Fld-sCnc
95278-8,HSPB1 gene Full Mut Anl Bld/T Seq
95280-4,MTMR2 gene Full Mut Anl Bld/T Seq
95281-2,NDRG1 gene Full Mut Anl Bld/T Seq
9531-5,FLUAV Ab Titr CSF
9532-3,FLUAV IgG Titr Ser
9533-1,FLUAV IgM Titr Ser
9534-9,FLUBV Ab Titr CSF
9535-6,FLUBV IgG Titr Ser
9536-4,FLUBV IgM Titr Ser
95363-8,Bicarbonate post secretin stimulation panel
95380-2,Influenza virus A & Influenza virus B & SARS coronavirus 2 & SARS-related coronavirus RNA panel
95381-0,Phone COVID-19 note
954-8,C little e Ag RBC Ql
95406-5,SARS-CoV-2 RNA Nose Ql NAA+probe
95409-9,SARS-CoV-2 N gene Nose Ql NAA+probe
95410-7,SARS-CoV-2 NAb Titr Ser pVNT
95411-5,SARS-CoV-2 NAb Ser Ql pVNT
95412-3,COVID-19 Case rprt
95416-4,SARS-CoV-2 IgM DBS Ql IA
95422-2,Influenza virus A & Influenza virus B & SARS coronavirus 2 RNA panel
95423-0,FLUABV + SARS-CoV-2 Resp NAA+probe
95424-8,SARS-CoV-2 RNA Resp Ql Seq
95425-5,SARS-CoV-2 N gene Sal Ql NAA+probe
95427-1,SARS-CoV-2 IgA Titr SerPl IF
95428-9,SARS-CoV-2 IgM Titr SerPl IF
95429-7,SARS-CoV-2 IgG Titr SerPl IF
95521-1,SARS-CoV-2 N gene # Resp NAA+probe
95522-9,SARS-CoV-2 N gene Resp NAA+probe-Log#
95523-7,HIV 1 & 2 Ab panel
95524-5,HIV 1 & 2 Ab SerPl IA
95542-7,SARS-CoV-2 Ab SerPlBld Ql IA.rapid
95579-9,Cortis 24h Z-score Ur
95608-6,SARS-CoV-2 RNA Resp Ql NAA+n-prb
95609-4,SARS-CoV-2 S gene Resp Ql Seq
9564-6,LCMV Ab Titr CSF CF
9565-3,MeV Ab Titr CSF CF
95658-1,FLUAV H7 Euras RNA Spec Ql NAA+probe
9567-9,MuV Ab Titr CSF CF
9568-7,N gonorrhoea Ab Titr Ser CF
9575-2,RV Ab Titr Ser CF
95769-6,BMPR1A Del+Dup + Full Mut Anl Bld/T
95771-2,GATA2 gene Full Mut Anl Bld/T Seq
95773-8,ACADM gene Full Mut Anl Bld/T Seq
95774-6,MSH6 gene Del+Dup + Full Mut Anl Bld/T
95775-3,HGSNAT Full Mut Anl Bld/T Seq
95782-9,ABCD1 gene Full Mut Anl Bld/T Seq
958-9,C sup(w) Ag RBC BPU Ql
9580-2,T4 Ab Ser-aCnc
95800-9,Immunoglobulin light chains.free panel
95801-7,Immunoglobulin light chains.free & immunofixation panel
95808-2,Cholesterol & triglyceride & chylomicrons panel
95815-7,"Altered Level of Consciousness - Did the resident have altered level of consciousness, as indicated by any of the following criteria?"
95824-9,SARS-CoV-2 ORF1ab Sal Ql NAA+probe
95825-6,SARS-CoV-2 Ab DBS Ql IA
95826-4,SARS coronavirus 2 RNA panel
95831-4,Lymphocyte dose in HPC trsplt Patient
95841-3,Monos+Macros NFr Spt Manual
95842-1,Lymphocytes NFr Spt Manual
95843-9,Neutrophils NFr Spt Manual
95856-1,Altered Level of Consciousness
95919-7,Fungal pathogens panel
95941-1,Influenza virus A & Influenza virus B & SARS coronavirus 2 & Respiratory syncytial virus RNA panel
95942-9,Influenza virus A & Influenza virus B & SARS coronavirus+SARS coronavirus 2 Ag panel
95953-6,Aminoglycoside Mix IgE Qn
95970-0,SARS-CoV-2 TCRB Bld Ql Seq
960-5,C sup(w) Ag RBC Ql
96045-0,OF 10% Glu 48h Inc NFr RBC
96067-4,HEDIS MY 2020 Urine Prot Tests
96071-6,HEDIS MY 2020 LDL-C Tests
96076-5,HEDIS MY 2020 Chol Tests not LDL
96077-3,HEDIS MY 2020 Glucose Tests
9608-1,HCV100-3 Ab Ser Ql IB
96081-5,HEDIS MY 2020 PSA Test Excl
96082-3,HEDIS MY 2020 PSA Tests
96084-9,HEDIS MY 2020 Qn Ur Alb Lab Test
96085-6,HEDIS MY 2020 Ur Alb Creat Rto Lab Test
9609-9,HCV22-3 Ab Ser Ql IB
96091-4,SARS-CoV-2 RdRp Sal Ql NAA+probe
96094-8,SARS coronavirus 2 & SARS-related coronavirus RNA panel
9610-7,HCV C33c Ab Ser Ql IB
96118-5,SARS coronavirus 2 Ab panel
96119-3,SARS-CoV-2 Ag Upper resp Ql IA
9612-3,Cortis 15M p 250 ug ACTH IM SerPl-mCnc
96120-1,SARS-CoV-2 RdRp Lower resp Ql NAA+probe
96123-5,SARS-CoV-2 RdRp Upper resp Ql NAA+probe
9613-1,Cortis 2h p 250 ug ACTH IM SerPl-mCnc
9614-9,Cortis 45M p 250 ug ACTH IM SerPl-mCnc
9615-6,Cortis 1.5h p 250 ug ACTH IM SerPl-mCnc
9618-0,Cholest Plr-mCnc
9619-8,Trigl Plr-mCnc
9620-6,LDL Plr-mCnc
9621-4,VLDL Plr-mCnc
96258-9,LDLc SerPl Mart-Hopk-sCnc
96259-7,LDLc SerPl Mart-Hopk-mCnc
96260-5,PT 2h p 1:1 NP PPP
96261-3,PT 1h p 1:1 NP PPP
96268-8,Mono.PD-L1/Monocytes NFr Bld FC
96273-8,HIV1+2+HCV+HBV SerPlBld Donr Ql NAA+prb
96293-6,Sodium nitrite IgE Qn
96297-7,Vit B12 IgE Qn
96301-7,B fragilis DNA Bld Pos Ql NAA+n-prb
96302-5,C auris DNA Bld Pos Ql NAA+n-prb
96303-3,C gattii+neofor DNA Bld Pos Ql NAA+n-prb
96304-1,E faecalis DNA Bld Pos Ql NAA+n-prb
96305-8,E faecium DNA Bld Pos Ql NAA+n-prb
96306-6,Enterobacterales DNA Bld Pos NAA+n-prb
96307-4,Klebsiella sp DNA Bld Pos Ql NAA+non-prb
96308-2,Klebsiella sp DNA Bld Pos Ql NAA+non-prb
96310-8,S epidermidis DNA Bld Pos Ql NAA+non-prb
96311-6,S lugdunensis DNA Bld Pos Ql NAA+non-prb
96312-4,S maltophilia DNA Bld Pos Ql NAA+non-prb
96313-2,Salmonella DNA Bld Pos Ql NAA+n-prb
96320-7,Gp B Strep DNA L resp NAA+non-prb-NCncRng
96354-6,Lg Platelets # Bld Auto
96399-1,Retinol binding protein panel
964-7,C sup(x) Ag RBC BPU Ql
96400-7,Retinol Bind Prot/Creat 24h Ur
96401-5,Retinol binding protein panel
96402-3,Retinol Bind Prot/Creat Ur
96406-4,Retinol Bind Prot 24h Ur-mCnc
9642-0,CK BB CFr SerPl
96421-3,Testost DBS-mCnc
96423-9,Progest DBS-mCnc
96424-7,Testost/Cortis DBS
96425-4,Cortis/Cortisone DBS
9643-8,CK MM CFr SerPl
96448-6,SARS-CoV-2 N gene Sal Ql NAA N1
9645-3,Metaneph/Creat Ur
965-4,C sup(x) Ag RBC Donr Ql
96504-6,Prot/Osmolality Ur-Rto
96556-6,HIV 1 & 2 RNA SerPl NAA+probe
96557-4,HIV 1 & 2 RNA panel
96559-0,Testost Free SerPl Calc-sCnc
96588-9,Cholest DBS-mCnc
96589-7,Cholest/HDLc DBS
96590-5,Creat DBS-mCnc
96594-7,Glucose DBS-mCnc
96595-4,HbA1c MFr DBS
96596-2,HDLc DBS-mCnc
96597-0,LDLc DBS Direct Assay-mCnc
96598-8,Trigl DBS-mCnc
966-2,C sup(x) Ag RBC Ql
9660-2,HIV1 gp160 Ab Ser Ql IB
96603-6,SARS-CoV-2 S RBD NAb SerPl Ql sVNT
9661-0,HIV1 gp120 Ab Ser Ql IB
9662-8,HIV1 gp41 Ab Ser Ql IB
9663-6,HIV1 p17 Ab Ser Ql IB
9664-4,HIV1 p24 Ab Ser Ql IB
9665-1,HIV1 p24 Ag Ser-aCnc
9666-9,HIV1 p31 Ab Ser Ql IB
9667-7,HIV1 p51 Ab Ser Ql IB
9668-5,HIV1 p55 Ab Ser Ql IB
9669-3,HIV1 p66 Ab Ser Ql IB
96707-5,Clot stiff TF ind+IIb-IIIa inh p hep neu
96735-6,LDL med Ser-sCnc
96736-4,COVID-19 Proced note
96737-2,COVID-19 Consult note
96738-0,COVID-19 letter
96739-8,Telehealth COVID-19 note
96740-6,COVID-19 note
96741-4,SARS-CoV-2 variant Spec Seq
96742-2,SARS-CoV-2 IgG SerPl IA-mCnc
96751-3,SARS-CoV-2 S gene mut Spec
96752-1,SARS-CoV-2 S gene mut Spec Ql
96755-4,SARS-CoV-2 variant Imp Spec
96756-2,SARS-CoV-2 S gene N501= Spec Ql
96757-0,SARS-CoV-2 S gene N501Y Spec Ql
96763-8,SARS-CoV-2 E gene Resp Ql NAA+probe
96764-6,SARS-CoV-2 E gene Ct Resp Qn NAA+probe
96765-3,SARS-CoV-2 S gene Sal Ql NAA+probe
96797-6,SARS-CoV-2 RNA OPA wash Ql NAA+probe
96798-4,Cortisol & glucose & somatotropin post arginine stimulation panel
96801-6,Cortis 1h p Arg SerPl-mCnc
96803-2,24H predicted prot Ur Calc-mRate
96804-0,24H predicted prot mRatRange Ur Calc
96805-7,Cobalamins & folate panel
96807-3,Vancomycin IgE Qn
96829-7,SARS-CoV-2 RNA Spec Donr Ql NAA+probe
96874-3,COVID-19 Immunization note
96889-1,"Thinking about your current social habits, in the last 5 days: I have been in close contact with someone who is in a risk group for COVID-19"
96892-5,COVID-19 participant experience survey
96894-1,SARS coronavirus 2 sequencing & identification panel
96895-8,SARS-CoV-2 lineage Spec
96896-6,SARS-CoV-2 clade Spec
96897-4,SARS coronavirus 2 RNA panel
96898-2,SARS-CoV-2 N gene Ct OPA wash Qn NAA+prb
96899-0,SARS-CoV-2 ORF1ab Ct OPA wash Qn NAA+prb
96900-6,SARS-CoV-2 S gene Ct OPA wash Qn NAA+prb
96957-6,SARS-CoV-2 M gene Upper resp Ql NAA+prb
96958-4,SARS-CoV-2 N gene Sal Ql NAA N2
96959-2,Chol.in LDL.small dense SerPl-sCnc
96970-9,TP53 gene Del+Dup Bld/T
96971-7,STK11 gene Del+Dup Bld/T
96974-1,PALB2 Del+Dup Bld/T
96986-5,SARS-CoV-2 N gene Nose Ql NAA+n-prb
970-4,Weak D Ag RBC BPU Ql
97004-6,Insulin Type SerPl LC/MS/MS
97016-0,Fibrinogen Bld Calc-mCnc
97050-9,ACB cplx DNA Bld Pos Ql NAA+n-prb
97062-4,"Have you ever been found to have high blood glucose (e.g. in a health examination, during an illness, during pregnancy)?"
97065-7,Medical history for preventive vaccination against COVID-19 (Coronavirus Disease 2019) - with mRNA vaccine
97067-3,In the event you have already received the 1st COVID-19 vaccine dose: Did you develop an allergic reaction thereafter?
97073-1,Have you already received a vaccination against COVID-19?
97077-2,"During the COVID-19 outbreak, on average, how much time per day did you spend getting information about COVID-19 or the impact it is having on the city, state, country?"
97088-9,"How often do you use or rely on the following sources to get information about the COVID-19 outbreak? Friends, family or neighbors (not including Facebook or social media)"
97089-7,"How often do you use or rely on the following sources to get information about the COVID-19 outbreak? Providers (e.g., your Doctor, Pharmacist, etc.)"
97090-5,"How often do you use or rely on the following sources to get information about the COVID-19 outbreak? Local government officials (e.g., Governor, Mayor)"
97091-3,"How often do you use or rely on the following sources to get information about the COVID-19 outbreak? Federal Government (e.g., President, White House Coronavirus Task Force)"
97092-1,"How often do you use or rely on the following sources to get information about the COVID-19 outbreak? Medical/Health websites (e.g., CDC, WebMD)"
97093-9,How often do you use or rely on the following sources to get information about the COVID-19 outbreak? Print or online news
97094-7,How often do you use or rely on the following sources to get information about the COVID-19 outbreak? TV or radio
97095-4,"How often do you use or rely on the following sources to get information about the COVID-19 outbreak? Social Media (Instagram, Facebook, YouTube, TikTok)"
97096-2,COVID-19 experiences - media use panel
97097-0,SARS-CoV-2 Ag Upper resp Ql IA.rapid
97098-8,SARS-CoV-2 Nsp2 Upper resp Ql NAA+probe
97099-6,Influenza virus A & Influenza virus B & SARS coronavirus 2 Ag panel
971-2,Weak D Ag RBC Donr Ql
97104-4,SARS-CoV-2 ORF1ab U resp NAA+probe-aCnc
97106-9,HAVcr-1 Ur IA-mCnc
97108-5,Which of the following best describes your work situation in the two weeks prior to the COVID-19 outbreak?
97109-3,Did you start a new job during the COVID-19 outbreak?
97110-1,What setting(s) were you working in the two weeks before the COVID-19 outbreak?
97111-9,Did you lose any job(s) during the COVID-19 outbreak?
97112-7,Did you continue to work at all during the COVID-19 outbreak?
97113-5,"Did you experience significant changes with your job (e.g. workload, hours, pay, etc.) because of or during the outbreak?"
97114-3,What setting(s) have you been working in since the COVID-19 outbreak began?
97115-0,"In the weeks before COVID-19 outbreak began, were you a student (enrolled in an academic program)?"
97116-8,"After the COVID-19 outbreak began, did you continue to be a student?"
97117-6,"Since the COVID-19 outbreak, has your school offered classes remotely?"
97118-4,Did you experience an increase or decrease in schoolwork (time spent working)?
97119-2,"[Has it been/Was it] hard to get your [work/schoolwork] done because of other responsibilities at home (taking care of children, family, tension, space)?"
9712-1,S boydii Ab Titr Ser CF
97121-8,Did anyone in your house lose their job or lose a significant amount of their income as a result of the COVID-19 outbreak?
97122-6,Who lost their job or a significant amount of income as a result of the COVID-19 outbreak?
97123-4,COVID-19 experiences - employment and school changes panel
97124-2,"Which of the following strategies [have been/were] helpful to YOU during the COVID-19 outbreak? Texting, calling or video-calling family members or friends"
97125-9,Which of the following strategies [have been/were] helpful to YOU during the COVID-19 outbreak? Talking to therapist
97126-7,Which of the following strategies [have been/were] helpful to YOU during the COVID-19 outbreak? Exercising or walking
97127-5,Which of the following strategies [have been/were] helpful to YOU during the COVID-19 outbreak? Cooking or baking
97128-3,Which of the following strategies [have been/were] helpful to YOU during the COVID-19 outbreak? Arts and crafts project
97129-1,Which of the following strategies [have been/were] helpful to YOU during the COVID-19 outbreak? Cleaning or doing household chores
9713-9,S dysenter Ab Titr Ser CF
97130-9,Which of the following strategies [have been/were] helpful to YOU during the COVID-19 outbreak? Playing games with family members
97131-7,Which of the following strategies [have been/were] helpful to YOU during the COVID-19 outbreak? Playing online games
97132-5,"Which of the following strategies [have been/were] helpful to YOU during the COVID-19 outbreak? Virtual entertainment (concerts, live shows, sports, museums, etc.)"
97133-3,Other (specify)
97134-1,Which of the following strategies [have been/were] helpful to YOU during the COVID-19 outbreak? Other
97135-8,"Overall, do you think the COVID-19 outbreak has had a positive impact on your life?"
97136-6,"Which of the following strategies [have been/were] helpful to YOUR CHILD while staying at home because of the COVID-19 outbreak? Texting, calling or video-calling family members or friends"
97137-4,Which of the following strategies [have been/were] helpful to YOUR CHILD while staying at home because of the COVID-19 outbreak? Virtual learning or school
97138-2,Which of the following strategies [have been/were] helpful to YOUR CHILD while staying at home because of the COVID-19 outbreak? Talking to a therapist
97139-0,Which of the following strategies [have been/were] helpful to YOUR CHILD while staying at home because of the COVID-19 outbreak? Exercising or walking
9714-7,S flexneri Ab Titr Ser CF
97140-8,Which of the following strategies [have been/were] helpful to YOUR CHILD while staying at home because of the COVID-19 outbreak? Cooking or baking
97141-6,Which of the following strategies [have been/were] helpful to YOUR CHILD while staying at home because of the COVID-19 outbreak? Arts and craft project
97142-4,"Which of the following strategies [have been/were] helpful to YOUR CHILD while staying at home because of the COVID-19 outbreak? Playing board games, cards with family members"
97143-2,Which of the following strategies [have been/were] helpful to YOUR CHILD while staying at home because of the COVID-19 outbreak? Playing online games
97144-0,"Which of the following strategies [have been/were] helpful to YOUR CHILD while staying at home because of the COVID-19 outbreak? Virtual entertainment (concerts, live shows, sports, museums, etc.)"
97145-7,Other (specify)
97146-5,Which of the following strategies [have been/were] helpful to YOUR CHILD while staying at home because of the COVID-19 outbreak? Other
97147-3,COVID-19 experiences - coping panel
9715-4,S sonnei Ab Titr Ser CF
97155-6,SARS-CoV-2 immunization status
97164-8,T3 24h Ur-mRate
97165-5,T3 24h Ur-sRate
97166-3,T4 24h Ur-mRate
97167-1,T4 24h Ur-sRate
97193-7,Phenytoin Peak SerPl-mCnc
97194-5,Phenytoin Peak SerPl-sCnc
97195-2,Phenytoin Trough SerPl-sCnc
972-0,Weak D Ag RBC Ql
9727-9,Eosinophil NFr Nose Manual
9742-8,Chloride 24h Stl-sRate
9749-3,Hgb F Bld Elph-aCnc
97499-8,Proof of COVID-19 recovery Cert
9750-1,CV A10 Ab Titr Ser CF
97500-3,COVID-19 Immunization or Neg Cert
97505-2,Glucose SD Calc
97506-0,Glucose management indicator
97507-8,Ave Glucose Interstitial fld RptPeriod
9751-9,CV A10 Ab Titr CSF CF
97510-2,% Glucose measurements in range
9752-7,CV A16 Ab Titr CSF CF
97523-5,HAV RNA Spec Ql NAA+probe
9753-5,CV A2 Ab Titr Ser CF
97533-4,Somatotropin post glucose stimulation panel
97536-7,pH BldCV
97537-5,pH temp adj BldCV
9754-3,CV A4 Ab Titr Ser CF
97543-3,HCO3 BldCV-sCnc
97544-1,HCO3 std BldCV-sCnc
97549-0,SaO2 % BldCV
9755-0,CV A7 Ab Titr Ser CF
97550-8,Hgb BldCV Calc-mCnc
97551-6,COHgb MFr BldCV
97553-2,DO-Hgb MFr BldCV
97554-0,MetHgb MFr BldCV
97555-7,Hgb BldCV Oximetry-mCnc
97556-5,Hgb BldC Oximetry-mCnc
9756-8,CV A7 Ab Titr CSF CF
97560-7,VGKC IgG+IgM Ser IA-sCnc
9757-6,CV A9 Ab Titr Ser CF
9758-4,CV A9 Ab Titr CSF CF
9759-2,CV B1 Ab Titr CSF CF
97593-8,Lymphocyte T-cell & B-cell & Natural killer subsets panel
97594-6,CD3 Cells/lymph NFr Lower resp FC
97595-3,CD3+CD4+ Cells/lymph NFr Lower resp FC
97596-1,CD3+CD8+ Cells/lymph NFr Lower resp FC
97597-9,CD19 Cells/lymph NFr Lower resp FC
97598-7,CD3-CD16+CD56+ Cells/lymph NFr L resp FC
97599-5,CD3+CD4+ Cells/CD3+CD8+ Cells L resp FC
9760-0,CV B2 Ab Titr CSF CF
97609-2,A prev+vag DNA Snv Ql NAA+n-prb
9761-8,CV B3 Ab Titr CSF CF
9762-6,CV B4 Ab Titr CSF CF
9763-4,CV B5 Ab Titr CSF CF
97637-3,S pneum DNA Snv Ql NAA+n-prb
97638-1,S pyo DNA Snv Ql NAA+n-prb
9764-2,CV B6 Ab Titr CSF CF
97652-2,Mold Allerg Mix6 IgG-mCnc
97655-5,Breast Gyn Multigene Bld/T
97656-3,Hereditary Cancer Multigene Anl Bld/T
97657-1,Vancomycin 2h p SerPl-mCnc
97733-0,Influenza virus types A & B & subtypes RNA panel
97741-3,Estradiol Aspirate-sCnc
97742-1,Estradiol Aspirate-mCnc
97743-9,Cancer Ag125 Aspirate-aCnc
97750-4,Cancer Ag19-9 Aspirate-aCnc
97753-8,Ammonia Stl-sCnt
97758-7,Fung+Mycobact sp Bld Cult
97759-5,Magnesium & phosphate & lactate panel
97763-7,Beta2 Glob 24h MFr Ur Elph
97764-5,Beta1 Glob 24h MFr Ur Elph
97765-2,Cortis p Dex overnight SerPl-sCnc
97770-2,Bilirub BldC-sCnc
97771-0,M Protein 1 24h Ur Elph-mCnc
97772-8,M Protein 1 Ur Elph-mCnc
97778-5,Glucose 1h spec Dial fld-sCnc
97779-3,Sodium 1h spec Dial fld-sCnc
97780-1,Sodium 2h spec Dial fld-sCnc
97781-9,Sodium 4h spec Dial fld-sCnc
978-7,D Ag RBC Ql
97852-8,COVID-19 clinical status WHO
97853-6,Anticompl Act Titr Spec CF
97854-4,Paracoccidioides Ab Titr Spec CF
97855-1,Blastomyces Ab Titr Spec CF
97856-9,H capsul Yst Ab Titr Spec CF
97857-7,H capsul Myc Ab Titr Spec CF
97858-5,Coccidioides Ab Titr Spec CF
97859-3,Fungal Ab panel
97860-1,HIV 1 Ab panel
97861-9,HIV 2 Ab panel
97994-8,Lg Platelets NFr Bld Auto Optical
97995-5,Platelet # Bld Auto Optical
98014-4,PC prolif analysis Mar FISH
98015-1,T3 sp1 p chal SerPl-sCnc
98022-7,Lymph Abn Fld Ql Manual
98038-3,CFTR+FMR1+SMN1 Mut Anl Bld/T
98039-1,Reproductive Carrier Multigene Anl Bld/T
98069-8,SARS-CoV-2 Ab Sal Ql IA.rapid
98071-4,Post COVID-19 functional status scale
98072-2,Post COVID-19 functional status grade
98080-5,SARS coronavirus 2 & SARS-related coronavirus RNA panel
9812-9,Cortis PM SerPl-mCnc
98121-7,Prot/Creat Ur Ql Strip
98122-5,Neutrophil.fMLP & PMA stimulated DHR panel
98123-3,Neutrophil.fMLP stimulated DHR panel
98124-1,Neutrophil.PMA stimulated DHR panel
98128-2,Neut.imm/Neut.segment Mar Manual - Rto
9813-7,Cortis AM peak SerPl-mCnc
98131-6,SARS-CoV-2 ORF1b Resp Ql NAA+probe
98132-4,SARS-CoV-2 ORF1a Resp Ql NAA+probe
98148-0,SaO2 12h Mean % BldA PulseOx
9815-2,Lithium RBC-mCnc
98164-7,"How often have you recently looked for information on COVID-19 on the internet, in newspapers, on television, radio, within social networks, and so on?"
98171-2,Have you been offered a vaccine by the public health system?
98172-0,Have you accepted or will you accept to be vaccinated once you get offered a vaccine?
98173-8,Why did/would you not accept the vaccine?
98182-9,T4 Free BldCo-sCnc
9821-0,HIV1 p24 Ag Ser Ql
98269-4,Adnexal site EC spec
983-7,Di sup(a) Ag RBC Donr Ql
9830-1,Cholest/HDLc SerPl
9832-7,HDL2c SerPl-mCnc
9833-5,HDL3c SerPl-mCnc
9836-8,HIV proviral DNA Bld Ql Probe amp
9837-6,HIV 1 pro DNA Bld Ql Probe amp
984-5,Di sup(a) Ag RBC Ql
98483-1,Apo E Phenotype CSF
98484-9,Apo E Phenotype CSF-Imp
98486-4,Apo E CSF-mCnc
98492-2,Apolipoprotein E & beta amyloid Alzheimer's risk panel
98493-0,SARS-CoV-2 ORF1b Sal Ql NAA+probe
98494-8,SARS-CoV-2 ORF1a Sal Ql NAA+probe
98701-6,Nerve seg measured
98707-3,Nerve studied
98732-1,SARS-CoV-2 S RBD NAb Titr SerPl IA
98734-7,SARS-CoV-2 S RBD NAb SerPl IA-aCnc
988-6,Di sup(b) Ag RBC BPU Ql
98846-9,SARS-CoV-2 IFN-g CD4 cells Bld IA
98847-7,SARS-CoV-2 IFN-g Lymphs Bld IA
98871-7,COVID-19 comorbidity and healthcare questionnaire
98889-9,COVID-19 related household finances
98894-9,"How worried are you that the value of your assets (including housing, savings, and other financial assets) has been or will be negatively impacted by the coronavirus (COVID-19) and its effects?"
98895-6,How worried are you that your household income has been or will be negative impacted the coronavirus (COVID-19) and its effects?
98905-3,Red blood cell membrane evaluation panel
98907-9,Hemoglobinopathy panel
98980-6,eGFRcr-cys SerPlBld CKD-EPI 2021
98986-3,Chloride/Creat 24h Ur-sRto
98988-9,Prolactin 45M p TRH IV SerPl-sCnc
98989-7,Neuts Band NFr.DF Bld Auto
98992-1,A1acid Glycoprotein MFr SerPl Elph
98993-9,A1AT MFr SerPl Elph
98995-4,Transferrin MFr SerPl Elph
98997-0,Haptoglob MFr SerPl Elph
98998-8,Hct VFr.DF BldCo Auto
990-2,Di sup(b) Ag RBC Ql
99032-5,Gp B Strep DNA Ur Ql NAA+probe
99058-0,DHCR7 gene Full Mut Anl Bld/T Seq
99061-4,Esterified Cholest Act/Nor Fib
99074-7,Calcium/Creat Ur Fetus
99093-7,Gp B Strep DNA CSF Ql NAA+probe
99094-5,S pneum DNA CSF Ql NAA+probe
99095-2,S pyo DNA CSF Ql NAA+probe
99314-7,SARS-CoV-2 RdRp mut Spec
99348-5,Have you been in close contact with anyone with COVID-19 in the last two weeks?
99349-3,Do you think that you have or have had COVID-19?
99351-9,Have you been contacted by letter or text message to say you are at severe risk from COVID-19 due to an underlying health condition and should be shielding (avoiding exposure)?
99356-8,Have you had a flu jab (flu shot) in the last 12 months?
99357-6,COVID-19 health questions panel
99360-0,BSA IgG-mCnc
99385-7,HBV surface Ag SerPl IA-Log IU
99390-7,Progest Ovarian asp-sCnc
99391-5,Progest Ovarian asp-mCnc
99396-4,Siderocytes.Tp 1 NFr Bld/Mar Prus Bl St
99397-2,Siderocytes.Tp 2 NFr Bld/Mar Prus Bl St
99398-0,Siderocytes.Tp 3 NFr Bld/Mar Prus Bl St
99409-5,APAP-Cysteine SerPl LC/MS/MS-sCnc
99411-1,VGCC Ab CSF IA-sCnc
99458-2,Rabbit Urine Prot IgG-mCnc
99461-6,Rat Epith+Ser+Ur IgG-mCnc
99474-9,Amylase IgG-mCnc
99504-3,Glucose Interstitial fld-mCnc
99548-0,Gas & electrolytes panel
99596-9,SARS-CoV-2 N IgG SerPl Ql IA
99597-7,SARS-CoV-2 S IgG SerPl Ql IA
99599-3,M Protein 1 MFr Ur Elph
99602-5,Glucose/Creat 24h Ur-sRto
99603-3,Neuts Band NFr Prt Manual
99604-1,Neuts Band NFr Plr Manual
99623-1,FLUAV N1 RNA Spec Ql NAA+probe
99673-6,"COVID-19 Knowledge, Attitudes, and Avoidant Behaviors panel"
998-5,DBG Ag RBC Donr Ql
99825-2,Educational impact due to COVID-19 panel
99884-9,Cholest Cry # UrnS Comp Assist
99894-8,COM Cry UrnS Ql Comp Assist
99895-5,COM Cry #/area UrnS Comp Assist
99896-3,COM Cry # UrnS Comp Assist
99897-1,COD Cry UrnS Ql Comp Assist
99898-9,COD Cry #/area UrnS Comp Assist
99899-7,COD Cry # UrnS Comp Assist
99900-3,Tri-Phos Cry UrnS Ql Comp Assist
99901-1,Tri-Phos Cry #/area UrnS Comp Assist
99902-9,Tri-Phos Cry # UrnS Comp Assist
99908-6,Amorph Phos Cry # UrnS Comp Assist
99960-7,ADAMTS13 Full Mut Anl Bld/T Seq
99961-5,MPN multigene analysis Bld/T
99962-3,JAK2 exon 12 Full Mut Anl Bld/T Seq
99963-1,JAK2 exon 14 Full Mut Anl Bld/T Seq
99965-6,ASXL1 exon 13 Full Mut Anl Bld/T Seq
99970-6,IT multigene analysis Bld/T
99971-4,HLH multigene analysis Bld/T
99972-2,Hearing loss multigene analy Bld/T
